rowkey,cust_ind,ecif_cust_id,cust_nm,unify_credit_code,found_dt,survival_status,opscope,cert_capt_amt,cert_capt_ccy,org_capt_amt,org_capt_ccy,hold_type,corp_econ_type,four_commis_corp_scale,cert_province,cert_city,cert_district,busin_addr,mec_num,industry_cd,industry_big_cd,industry_mid_cd,industry_sml_cd,oprt_cust_ind,scient_corp_ind,soe_ind,poe_ind,cb_poe_ind,icpe_ind,gov_com_fin_ind,gov_com_chs_ind,gov_com_other_ind,ngo_ind,re_comp_ind,fl_ind,mainten_fund_ind,legal_rep_nm,legal_rep_cust_id,act_ctrl_psn_nm,act_ctrl_psn_cust_id,vol_manager_id,vol_manager_org_id,manu_manager_id,manu_manager_org_id,pyrl_sign_ind,rplymt_tax_sign_ind,itnst_sign_ind,corp_ebnkg_sign_ind,mb_sign_ind,snd_bl_sign_ind,snd_bl_cust_sign_ind,pyrl_sign_dt,corp_ebnkg_sign_dt,mb_sign_dt,snd_bl_sign_dt,agt_cnt_12m,agt_amt_12m,agt_num_12m,agt_vld_ind_12m,corp_ebnkg_trans_y_ind,corp_mb_trans_y_ind,pyst_cust_y_ind,swap_corp_cust_ind,cash_cst_ind,sk_cust_ind,forex_cust_y_ind,open_acct_dt,lvl1_cust_ind,bsc_dep_acct_ind,manu_settle_amt,manu_settle_amt_avg_cnt,zero_dep_cust_ind,genal_cust_ind,ptntl_cst_ind,val_cust_ind,mediun_cust_ind,key_cust_ind,exchg_c_bal,exchg_c_bal_yavg,c_exchg_cny_12m_yaug,exchg_cny_dmd_12m_yaug,crg_cst_ind,project_loan_cust_ind,green_loan_cust_ind,ph_loan_cust_ind,manufacture_indu_loan_cust_ind,bill_fin_cust_ind,supply_core_cust_ind,supply_chain_cust_ind,our_bank_credit_lmt,our_bank_credit_bal,our_bank_usd_lmt,our_bank_avl_lmt,exchg_c_loan_bal,exchg_c_loan_yavg,cny_c_loan_bal,amt_mid_i,eva,corp_report_dt,report_crdt_amt,report_crdt_bal,report_crdt_our_bank_amt,report_crdt_our_bank_bal,abnormity_cust_ind,risk_cust_ind,aml_high_lvl_cust_ind,wire_fraud_risk_ind,veason_cust_ind,sleep_cust_ind,loan_overdue_cust_ind,badloan_cust_ind,hhnw_tech_entp_ind,spldnctgdtin_sme_ind,spldnctgdtin_shpe_ind,st_tp_sme_ind,invt_tp_sme_ind,ctytechinvtdmtentp_ind,mecidyidvchpnentp_ind,latest_fnc_round,latest_round_fnc_amt,latest_round_fnc_cny,latest_round_fnc_inv,ipo_ind,starr_market_ind,chinext_ind,neeq_ind,debt_issu_corp_ind,ues_rplymt_tax_y_ind,SH_SCI_RNG,SCIENT_REVOKE_12M_IND,SCIENT_COUNTERFEIT_3Y_IND,SCIENT_DECLINE_LVL_3Y_IND,NO_SCI_TECH_ACHI_2Y_IND,SCI_TECH_RANK_TAIL_2Y_IND,RESE_DEV_PAT_LOW_2Y_IND,HIGH_VAL_PAT_RET_0_2Y_IND,PAT_LAW_BINVA_3Y_IND,CST_MGRP_ID,CST_MGRP_NM,SETL_ACTV_ACCT_IND,MRAQ_LOAN_CUST_IND,MANU_SETTLE_AMT_MON_NUM,PYRL_MON_NUM_12M,PYRL_AMT_M,CFM_CRG_PCT,NUM_PYRL_AMT_12M_AVG,LATEST_PYRL_DT,UNION_MEC_NUM,UES_RPLYMT_TAX_M_IND,CORP_EBNKG_M_IND,CORP_MB_M_IND,CUST_STATUS,IDYCMRC_CAN_IND,dt
MOCK_TAG_0001,MOCK_CUST_0001,MOCK_ECIF_0001,上海澄川商贸股份有限公司,9131011470000001XL,20190109,存续,日用百货、五金及电子产品批发,177100000.00000000,CNY,159390000.00000000,CNY,私人控股,私营股份有限公司,大型,310000,310100,310114,上海市嘉定区嘉罗公路81号2幢102室,1627,F,51,513,5135,1,0,0,1,0,0,0,0,0,0,0,0,0,赵明博,MOCK_PERSON_0001,赵明博,MOCK_PERSON_0001,MOCK_ORG_SH_JD_02,MOCK_ORG_SH_JD,MOCK_ORG_SH_JD_02,MOCK_ORG_SH_JD,1,1,0,1,1,1,20260214,20241114,20241111,20241113,20241115,9562,76017902.99000000,1366,1,1,1,0,1,0,0,0,20241101,1,1,2938710.00000000,5,0,1,0,0,0,0,168882560.00000000,69678224.00000000,65936707.51000000,56672000.00000000,0,0,0,0,0,0,0,0,0.00000000,0.00000000,0.00000000,0.00000000,0.00000000,0.00000000,0.00000000,0.00000000,0.00000000,20260917,136367000.00000000,65456160.00000000,0.00000000,0.00000000,0,0,0,0,0,0,0,0,0,0,0,0,0,0,0,,0.00000000,,,1,0,0,0,0,0,,0,0,0,0,0,0,0,0,,,1,0,12,7,10859700.55000000,0.00000000,7950.00031270,20260905,1627,0,1,1,正常,0,20260917
MOCK_TAG_0002,MOCK_CUST_0002,MOCK_ECIF_0002,上海澄原信息科技有限公司,91310112700000028P,20080108,存续,软件开发、信息系统集成及技术咨询,2800000.00000000,CNY,1008000.00000000,CNY,私人控股,私营有限责任公司,小型,310000,310100,310112,上海市闵行区联航路82号3幢103室,81,I,65,651,6513,1,1,0,1,0,0,0,0,0,0,0,0,0,钱明博,MOCK_PERSON_0002,钱明博,MOCK_PERSON_0002,MOCK_ORG_SH_MH_03,MOCK_ORG_SH_MH,MOCK_ORG_SH_MH_03,MOCK_ORG_SH_MH,1,1,0,1,1,0,20260602,20250604,20250601,20250603,,228,2728876.73000000,57,1,1,1,0,0,0,0,0,20250524,1,1,2603882.00000000,5,0,1,0,0,0,0,1372000.92000000,1373891.93000000,1311073.42000000,1311073.42000000,1,0,0,0,0,0,0,0,1310400.00000000,216478.08000000,216478.08000000,1093921.92000000,216478.08000000,218369.09000000,216478.08000000,0.00000000,0.00000000,20260917,2794400.00000000,854598.08000000,1310400.00000000,216478.08000000,0,0,0,0,0,0,0,0,1,0,0,1,0,0,0,C,1288000.00000000,CNY,嘉禾产业投资03,0,0,0,0,0,0,0–19,0,0,0,0,0,0,0,0,MOCK_GROUP_40,产业集团40,1,0,12,4,748125.48000000,0.46893788,11968.75758772,20260910,81,0,1,1,正常,0,20260917
MOCK_TAG_0003,MOCK_CUST_0003,MOCK_ECIF_0003,上海澄辰食品有限公司,91310112700000036J,20120216,存续,食品加工、预包装食品销售,44000000.00000000,CNY,22000000.00000000,CNY,私人控股,私营有限责任公司,中型,310000,310100,310112,上海市闵行区联航路83号4幢104室,302,C,14,149,1499,1,0,0,1,0,0,0,0,0,0,0,0,0,赵明博,MOCK_PERSON_0001,孙明博,MOCK_PERSON_0003,MOCK_ORG_SH_MH_04,MOCK_ORG_SH_MH,MOCK_ORG_SH_MH_04,MOCK_ORG_SH_MH,1,1,0,1,1,0,20251012,20240608,20240605,20240607,,2486,17591281.27000000,226,1,1,1,0,0,0,0,0,20240601,1,1,1484886.00000000,3,0,1,0,0,1,0,49385600.78000000,30112246.53000000,27272285.29000000,24887846.90000000,1,0,0,0,0,0,0,0,53856000.00000000,0.00000000,0.00000000,53856000.00000000,0.00000000,6524861.54000000,0.00000000,0.00000000,0.00000000,20260917,63536000.00000000,4452800.00000000,53856000.00000000,0.00000000,0,0,0,0,0,0,0,0,0,0,0,0,0,0,0,,0.00000000,,,0,0,0,0,0,0,,0,0,0,0,0,0,0,0,,,1,0,12,11,0.00000000,0.84764543,7076.13888576,20260820,302,0,1,1,正常,0,20260917
MOCK_TAG_0004,MOCK_CUST_0004,MOCK_ECIF_0004,上海澄宁食品有限公司,91310115700000044Q,20110705,存续,食品加工、预包装食品销售,900000.00000000,CNY,747000.00000000,CNY,私人控股,私营有限责任公司,小型,310000,310100,310115,上海市浦东新区金海路84号5幢105室,43,C,14,149,1499,1,0,0,1,0,0,0,0,0,0,0,0,0,李明博,MOCK_PERSON_0004,李明博,MOCK_PERSON_0004,MOCK_ORG_SH_PD_05,MOCK_ORG_SH_PD,MOCK_ORG_SH_PD_05,MOCK_ORG_SH_PD,1,1,0,1,1,0,20251005,20250201,20250129,20250131,,319,2192261.29000000,29,1,1,1,0,0,0,0,0,20250127,1,1,2557436.00000000,5,0,1,0,0,0,0,585000.04000000,585000.04000000,585000.04000000,585000.04000000,0,0,0,0,0,0,0,0,0.00000000,0.00000000,0.00000000,0.00000000,0.00000000,0.00000000,0.00000000,0.00000000,0.00000000,20260917,387000.00000000,96750.00000000,0.00000000,0.00000000,0,0,0,0,0,0,0,0,0,0,0,0,0,0,0,,0.00000000,,,0,0,0,0,0,0,,0,0,0,0,0,0,0,0,MOCK_GROUP_31,产业集团31,1,0,12,11,0.00000000,0.00000000,6872.29244514,20260825,43,0,1,1,正常,0,20260917
MOCK_TAG_0005,MOCK_CUST_0005,MOCK_ECIF_0005,上海澄知信息科技有限公司,91310115700000052K,20080224,存续,软件开发、信息系统集成及技术咨询,2000000.00000000,CNY,640000.00000000,CNY,私人控股,私营有限责任公司,小型,310000,310100,310115,上海市浦东新区金海路85号6幢106室,28,I,65,651,6513,1,1,0,1,0,0,0,0,0,0,0,0,0,周明博,MOCK_PERSON_0005,周明博,MOCK_PERSON_0005,MOCK_ORG_SH_PD_06,MOCK_ORG_SH_PD,MOCK_ORG_SH_PD_06,MOCK_ORG_SH_PD,0,1,0,1,1,1,,20250122,20250119,20250121,20250123,0,0.00000000,0,0,1,1,0,0,0,0,0,20250111,1,1,2280648.00000000,4,0,1,0,0,0,0,800000.62000000,800000.62000000,800000.62000000,800000.62000000,0,0,0,0,0,0,0,0,0.00000000,0.00000000,0.00000000,0.00000000,0.00000000,0.00000000,0.00000000,0.00000000,0.00000000,20260917,180000.00000000,64800.00000000,0.00000000,0.00000000,0,0,0,0,0,0,0,0,1,0,0,1,0,0,0,,0.00000000,,,0,0,0,0,0,0,0–19,0,0,0,0,0,0,0,0,,,1,0,12,0,0.00000000,0.00000000,0.00000000,,28,0,1,1,正常,0,20260917
MOCK_TAG_0006,MOCK_CUST_0006,MOCK_ECIF_0006,杭州澄禾食品有限公司,91330108700000060J,20130417,存续,食品加工、预包装食品销售,900000.00000000,CNY,747000.00000000,CNY,私人控股,私营有限责任公司,小型,330000,330100,330108,杭州市滨江区江陵路86号7幢107室,74,C,14,149,1499,1,0,0,1,0,0,0,0,0,0,0,0,0,周明博,MOCK_PERSON_0005,吴明博,MOCK_PERSON_0006,MOCK_ORG_ZJ_HZ_07,MOCK_ORG_ZJ_HZ,MOCK_ORG_ZJ_HZ_07,MOCK_ORG_ZJ_HZ,0,1,0,1,1,1,,20230213,20230210,20230212,20230214,0,0.00000000,0,0,1,1,0,0,0,0,0,20230203,1,1,2277732.00000000,4,0,1,0,0,0,0,873001.36000000,489046.91000000,477814.44000000,450000.70000000,0,0,0,0,0,0,0,0,0.00000000,0.00000000,0.00000000,0.00000000,0.00000000,0.00000000,0.00000000,0.00000000,0.00000000,20260917,387000.00000000,89010.00000000,0.00000000,0.00000000,0,0,0,0,0,0,0,0,0,0,0,0,0,0,0,,0.00000000,,,0,0,0,0,0,0,,0,0,0,0,0,0,0,0,,,1,0,12,0,0.00000000,0.00000000,0.00000000,,74,0,1,1,正常,0,20260917
MOCK_TAG_0007,MOCK_CUST_0007,MOCK_ECIF_0007,宁波澄润供应链有限公司,91330212700000079D,20211109,存续,仓储服务、国内货物运输代理,28900000.00000000,CNY,20519000.00000000,CNY,私人控股,私营有限责任公司,中型,330000,330200,330212,宁波市鄞州区首南东路87号8幢108室,237,G,58,582,5821,1,0,0,1,0,0,0,0,0,0,0,0,0,郑明博,MOCK_PERSON_0007,郑明博,MOCK_PERSON_0007,MOCK_ORG_ZJ_NB_08,MOCK_ORG_ZJ_NB,MOCK_ORG_ZJ_NB_08,MOCK_ORG_ZJ_NB,1,1,0,1,1,0,20260530,20230710,20230707,20230709,,860,6776802.01000000,215,1,1,1,0,0,0,0,0,20230630,1,1,2381842.00000000,4,0,1,0,0,1,0,5780000.83000000,8602921.44000000,6128108.42000000,6128108.42000000,1,0,0,0,0,0,0,0,19218500.00000000,9551594.50000000,9551594.50000000,9666905.50000000,9551594.50000000,8617427.57000000,9551594.50000000,0.00000000,0.00000000,20260917,24131500.00000000,11958964.50000000,19218500.00000000,9551594.50000000,0,1,0,0,0,0,1,0,0,0,0,0,0,0,0,C,15317000.00000000,CNY,嘉禾产业投资08,0,0,0,0,0,0,,0,0,0,0,0,0,0,0,MOCK_GROUP_45,产业集团45,1,0,12,4,2029600.32000000,0.79640719,7880.00233721,20260915,237,0,1,1,正常,0,20260917
MOCK_TAG_0008,MOCK_CUST_0008,MOCK_ECIF_0008,杭州澄森商贸有限公司,91330108700000087A,20070807,存续,日用百货、五金及电子产品批发,19200000.00000000,CNY,19200000.00000000,CNY,私人控股,私营有限责任公司,中型,330000,330100,330108,杭州市滨江区江陵路88号1幢109室,308,F,51,513,5135,1,0,0,1,0,0,0,0,0,0,0,0,0,王明博,MOCK_PERSON_0008,王明博,MOCK_PERSON_0008,MOCK_ORG_ZJ_HZ_01,MOCK_ORG_ZJ_HZ,MOCK_ORG_ZJ_HZ_01,MOCK_ORG_ZJ_HZ,1,1,0,1,1,0,20260315,20250130,20250127,20250129,,1422,10256178.59000000,237,1,1,1,0,0,0,0,0,20250124,1,1,2061892.00000000,4,0,1,0,0,1,0,7872000.10000000,10105743.46000000,9463159.75000000,9463159.75000000,1,0,0,0,0,0,0,0,5836800.00000000,0.00000000,0.00000000,5836800.00000000,0.00000000,2233743.36000000,0.00000000,0.00000000,0.00000000,20260917,8140800.00000000,944640.00000000,5836800.00000000,0.00000000,0,0,0,0,0,0,0,0,0,0,0,0,0,0,0,,0.00000000,,,0,0,0,0,0,0,,0,0,0,0,0,0,0,0,,,1,0,12,6,0.00000000,0.71698113,7212.50252461,20260825,308,0,1,1,正常,0,20260917
MOCK_TAG_0009,MOCK_CUST_0009,MOCK_ECIF_0009,上海澄远医疗科技有限公司,91310114700000095J,20081003,存续,医疗器械研发、技术咨询及销售,2000000.00000000,CNY,800000.00000000,CNY,私人控股,私营有限责任公司,小型,310000,310100,310114,上海市嘉定区嘉罗公路89号2幢110室,26,C,35,358,3589,1,1,0,1,0,0,0,0,0,0,0,0,0,王明博,MOCK_PERSON_0008,陈明博,MOCK_PERSON_0009,MOCK_ORG_SH_JD_02,MOCK_ORG_SH_JD,MOCK_ORG_SH_JD_02,MOCK_ORG_SH_JD,1,1,0,1,1,0,20251113,20230313,20230310,20230312,,170,1968180.99000000,17,1,1,1,0,0,0,0,0,20230307,1,1,2014978.00000000,4,0,1,0,0,0,0,840000.68000000,840000.68000000,840000.68000000,840000.68000000,0,0,0,0,0,0,0,0,0.00000000,0.00000000,0.00000000,0.00000000,0.00000000,0.00000000,0.00000000,0.00000000,0.00000000,20260917,420000.00000000,201600.00000000,0.00000000,0.00000000,0,0,0,0,0,0,0,0,1,0,0,1,0,0,0,,0.00000000,,,0,0,0,0,0,0,0–19,0,0,0,0,0,0,0,0,,,1,0,12,10,0.00000000,0.00000000,11577.53523529,20260825,26,0,1,1,正常,0,20260917
MOCK_TAG_0010,MOCK_CUST_0010,MOCK_ECIF_0010,上海澄衡供应链有限公司,91310112700000108B,20140310,存续,仓储服务、国内货物运输代理,15200000.00000000,CNY,6840000.00000000,CNY,私人控股,私营有限责任公司,中型,310000,310100,310112,上海市闵行区联航路90号3幢111室,468,G,58,582,5821,1,0,0,1,0,0,0,0,0,0,0,0,0,杨明博,MOCK_PERSON_0010,杨明博,MOCK_PERSON_0010,MOCK_ORG_SH_MH_03,MOCK_ORG_SH_MH,MOCK_ORG_SH_MH_03,MOCK_ORG_SH_MH,0,1,0,1,1,1,,20250419,20250416,20250418,20250420,0,0.00000000,0,0,1,1,0,0,0,0,0,20250408,1,1,2558438.00000000,4,0,1,0,0,1,0,8360000.29000000,8360000.29000000,8360000.29000000,8360000.29000000,0,0,0,0,0,0,0,0,0.00000000,0.00000000,0.00000000,0.00000000,0.00000000,0.00000000,0.00000000,0.00000000,0.00000000,20260917,12008000.00000000,2041360.00000000,0.00000000,0.00000000,0,0,0,0,0,0,0,0,0,0,0,0,0,0,0,,0.00000000,,,0,0,0,0,0,0,,0,0,0,0,0,0,0,0,,,1,0,12,0,0.00000000,0.00000000,0.00000000,,468,0,1,1,正常,0,20260917
MOCK_TAG_0011,MOCK_CUST_0011,MOCK_ECIF_0011,上海澄昕供应链有限公司,913101147000001163,20210530,存续,仓储服务、国内货物运输代理,3700000.00000000,CNY,1739000.00000000,CNY,私人控股,私营有限责任公司,小型,310000,310100,310114,上海市嘉定区嘉罗公路91号4幢112室,15,G,58,582,5821,1,0,0,1,0,0,0,0,0,0,0,0,0,黄明博,MOCK_PERSON_0011,黄明博,MOCK_PERSON_0011,MOCK_ORG_SH_JD_04,MOCK_ORG_SH_JD,MOCK_ORG_SH_JD_04,MOCK_ORG_SH_JD,0,1,0,1,1,1,,20250722,20250719,20250721,20250723,0,0.00000000,0,0,1,1,0,1,0,0,0,20250715,1,1,2625306.00000000,4,0,1,0,0,0,0,2742440.40000000,1457731.90000000,1400274.83000000,1258000.18000000,0,0,0,0,0,0,0,0,0.00000000,0.00000000,0.00000000,0.00000000,0.00000000,0.00000000,0.00000000,0.00000000,0.00000000,20260917,2072000.00000000,1429680.00000000,0.00000000,0.00000000,0,0,0,0,0,0,0,0,0,0,0,0,0,0,0,,0.00000000,,,0,0,0,0,0,0,,0,0,0,0,0,0,0,0,MOCK_GROUP_27,产业集团27,1,0,12,0,0.00000000,0.00000000,0.00000000,,15,0,1,1,正常,0,20260917
MOCK_TAG_0012,MOCK_CUST_0012,MOCK_ECIF_0012,宁波澄途医疗科技有限公司,91330212700000124E,20130218,存续,医疗器械研发、技术咨询及销售,300000.00000000,CNY,153000.00000000,CNY,私人控股,私营有限责任公司,小型,330000,330200,330212,宁波市鄞州区首南东路92号5幢113室,12,C,35,358,3589,1,1,0,1,0,0,0,0,0,0,0,0,0,徐明博,MOCK_PERSON_0012,徐明博,MOCK_PERSON_0012,MOCK_ORG_ZJ_NB_05,MOCK_ORG_ZJ_NB,MOCK_ORG_ZJ_NB_05,MOCK_ORG_ZJ_NB,1,1,0,1,1,0,20251016,20250123,20250120,20250122,,88,1026964.57000000,8,1,1,1,0,0,0,0,0,20250112,1,1,2493296.00000000,4,0,1,0,0,0,0,120121.97000000,75548.41000000,53815.30000000,45285.14000000,1,0,0,0,0,0,0,0,219600.00000000,88169.40000000,88169.40000000,131430.60000000,88169.40000000,63750.94000000,88169.40000000,0.00000000,0.00000000,20260917,378600.00000000,137459.40000000,219600.00000000,88169.40000000,0,0,0,0,0,0,0,0,0,0,0,1,0,0,0,A,132000.00000000,CNY,嘉禾产业投资01,0,0,0,0,0,0,0–19,0,0,0,0,0,0,0,0,MOCK_GROUP_49,产业集团49,1,0,12,11,88880.04000000,0.58003170,11670.05193182,20260905,12,0,1,1,正常,0,20260917
MOCK_TAG_0013,MOCK_CUST_0013,MOCK_ECIF_0013,苏州禾川精密制造有限公司,913205717000001323,20210603,存续,工业零部件、自动化设备的研发与制造,3800000.00000000,CNY,2584000.00000000,CNY,私人控股,私营有限责任公司,小型,320000,320500,320571,苏州市工业园区星湖街93号6幢114室,45,C,34,348,3484,1,0,0,1,0,0,0,0,0,0,0,0,0,杨明博,MOCK_PERSON_0010,朱明博,MOCK_PERSON_0013,MOCK_ORG_JS_SZ_06,MOCK_ORG_JS_SZ,MOCK_ORG_JS_SZ_06,MOCK_ORG_JS_SZ,1,1,0,1,1,0,20260316,20220911,20220908,20220910,,228,1866942.44000000,38,1,1,1,0,0,0,0,0,20220903,1,1,2699958.00000000,4,0,1,0,0,0,0,1786000.73000000,2884638.02000000,2568591.68000000,2568591.68000000,1,0,0,0,0,0,0,0,6330800.00000000,0.00000000,0.00000000,6330800.00000000,0.00000000,1098637.29000000,0.00000000,0.00000000,0.00000000,20260917,8952800.00000000,812820.00000000,6330800.00000000,0.00000000,0,0,0,0,0,0,0,0,0,0,0,0,0,0,0,,0.00000000,,,0,0,0,0,0,0,,0,0,0,0,0,0,0,0,,,1,0,12,6,326230.04000000,0.70713073,8188.34403509,20260905,45,0,1,1,正常,0,20260917
MOCK_TAG_0014,MOCK_CUST_0014,MOCK_ECIF_0014,上海禾原食品有限公司,91310114700000140K,20081112,存续,食品加工、预包装食品销售,3700000.00000000,CNY,1998000.00000000,CNY,私人控股,私营有限责任公司,小型,310000,310100,310114,上海市嘉定区嘉罗公路94号7幢115室,11,C,14,149,1499,1,0,0,1,0,0,0,0,0,0,0,0,0,胡明博,MOCK_PERSON_0014,胡明博,MOCK_PERSON_0014,MOCK_ORG_SH_JD_07,MOCK_ORG_SH_JD,MOCK_ORG_SH_JD_07,MOCK_ORG_SH_JD,0,1,0,1,1,0,,20230208,20230205,20230207,,0,0.00000000,0,0,1,1,0,0,0,0,0,20230201,1,1,2624810.00000000,5,0,1,0,0,0,0,2294000.06000000,2294000.06000000,2294000.06000000,2294000.06000000,0,0,0,0,0,0,0,0,0.00000000,0.00000000,0.00000000,0.00000000,0.00000000,0.00000000,0.00000000,0.00000000,0.00000000,20260917,2183000.00000000,1418950.00000000,0.00000000,0.00000000,0,0,0,0,0,0,0,0,0,0,0,0,0,0,0,,0.00000000,,,0,0,0,0,0,0,,0,0,0,0,0,0,0,0,,,1,0,12,0,0.00000000,0.00000000,0.00000000,,11,0,1,1,正常,0,20260917
MOCK_TAG_0015,MOCK_CUST_0015,MOCK_ECIF_0015,上海禾辰精密制造有限公司,91310114700000159G,20060507,存续,工业零部件、自动化设备的研发与制造,4700000.00000000,CNY,3948000.00000000,CNY,私人控股,私营有限责任公司,小型,310000,310100,310114,上海市嘉定区嘉罗公路95号8幢116室,61,C,34,348,3484,1,0,0,1,0,0,0,0,0,0,0,0,0,胡明博,MOCK_PERSON_0014,林明博,MOCK_PERSON_0015,MOCK_ORG_SH_JD_08,MOCK_ORG_SH_JD,MOCK_ORG_SH_JD_08,MOCK_ORG_SH_JD,1,1,0,1,1,1,20251014,20230622,20230619,20230621,20230623,451,4006013.84000000,41,1,1,1,0,0,0,0,0,20230616,1,1,1379470.00000000,4,0,1,0,0,0,0,658000.22000000,658000.22000000,658000.22000000,658000.22000000,0,0,0,0,0,0,0,0,0.00000000,0.00000000,0.00000000,0.00000000,0.00000000,0.00000000,0.00000000,0.00000000,0.00000000,20260917,1363000.00000000,722390.00000000,0.00000000,0.00000000,0,0,0,0,0,0,0,0,0,0,0,0,0,0,0,,0.00000000,,,0,0,0,0,0,0,,0,0,0,0,0,0,0,0,,,1,0,12,11,0.00000000,0.00000000,8882.51405765,20260825,61,0,1,1,正常,0,20260917
MOCK_TAG_0016,MOCK_CUST_0016,MOCK_ECIF_0016,上海禾宁食品有限公司,91310112700000167E,20191022,存续,食品加工、预包装食品销售,2900000.00000000,CNY,2726000.00000000,CNY,私人控股,私营有限责任公司,小型,310000,310100,310112,上海市闵行区联航路96号1幢117室,60,C,14,149,1499,1,0,0,1,0,0,0,0,0,0,0,0,0,何明博,MOCK_PERSON_0016,何明博,MOCK_PERSON_0016,MOCK_ORG_SH_MH_01,MOCK_ORG_SH_MH,MOCK_ORG_SH_MH_01,MOCK_ORG_SH_MH,0,1,0,1,1,1,,20220818,20220815,20220817,20220819,0,0.00000000,0,0,1,1,0,0,0,0,0,20220813,1,1,2337666.00000000,4,0,1,0,0,0,0,2447311.55000000,991313.20000000,948072.57000000,841000.53000000,0,0,0,0,0,0,0,0,0.00000000,0.00000000,0.00000000,0.00000000,0.00000000,0.00000000,0.00000000,0.00000000,0.00000000,20260917,609000.00000000,207060.00000000,0.00000000,0.00000000,0,0,0,0,0,0,0,0,0,0,0,0,0,0,0,,0.00000000,,,0,0,0,0,0,0,,0,0,0,0,0,0,0,0,MOCK_GROUP_24,产业集团24,1,0,12,0,0.00000000,0.00000000,0.00000000,,60,0,1,1,正常,0,20260917
MOCK_TAG_0017,MOCK_CUST_0017,MOCK_ECIF_0017,上海禾知信息科技有限公司,913101127000001759,20130618,存续,软件开发、信息系统集成及技术咨询,28600000.00000000,CNY,28028000.00000000,CNY,私人控股,私营有限责任公司,中型,310000,310100,310112,上海市闵行区联航路97号2幢118室,500,I,65,651,6513,1,1,0,1,0,0,0,0,0,0,0,0,0,赵远博,MOCK_PERSON_0017,赵远博,MOCK_PERSON_0017,MOCK_ORG_SH_MH_02,MOCK_ORG_SH_MH,MOCK_ORG_SH_MH_02,MOCK_ORG_SH_MH,1,1,0,1,1,0,20260524,20230809,20230806,20230808,,1920,24120002.02000000,480,1,1,1,0,0,0,0,0,20230729,1,1,2175522.00000000,4,0,1,0,0,1,0,16874000.40000000,16386616.27000000,12867381.67000000,12867381.67000000,1,0,0,0,0,0,0,0,22651200.00000000,12720913.92000000,12720913.92000000,9930286.08000000,12720913.92000000,12233529.79000000,12720913.92000000,0.00000000,0.00000000,20260917,32947200.00000000,16736353.92000000,22651200.00000000,12720913.92000000,0,0,0,0,0,0,0,0,1,0,0,1,0,0,0,A,14014000.00000000,CNY,嘉禾产业投资06,0,0,0,0,0,0,0–19,0,0,0,0,0,0,0,0,MOCK_GROUP_44,产业集团44,1,0,12,4,5340000.50000000,0.68750000,12562.50105208,20260905,500,0,1,1,正常,0,20260917
MOCK_TAG_0018,MOCK_CUST_0018,MOCK_ECIF_0018,宁波禾禾食品有限公司,91330212700000183H,20200314,存续,食品加工、预包装食品销售,6800000.00000000,CNY,6256000.00000000,CNY,私人控股,私营有限责任公司,中型,330000,330200,330212,宁波市鄞州区首南东路98号3幢119室,132,C,14,149,1499,1,0,0,1,0,0,0,0,0,0,0,0,0,钱远博,MOCK_PERSON_0018,钱远博,MOCK_PERSON_0018,MOCK_ORG_ZJ_NB_03,MOCK_ORG_ZJ_NB,MOCK_ORG_ZJ_NB_03,MOCK_ORG_ZJ_NB,1,1,0,1,1,0,20251011,20241119,20241116,20241118,,1100,7481506.00000000,100,1,1,1,0,0,0,0,0,20241114,1,1,2123226.00000000,5,0,1,0,0,1,0,2108000.99000000,3288266.53000000,2948738.09000000,2948738.09000000,1,0,0,0,0,0,0,0,8296000.00000000,0.00000000,0.00000000,8296000.00000000,0.00000000,1180265.54000000,0.00000000,0.00000000,0.00000000,20260917,8908000.00000000,373320.00000000,8296000.00000000,0.00000000,0,0,0,0,0,0,0,0,0,0,0,0,0,0,0,,0.00000000,,,0,0,0,0,0,0,,0,0,0,0,0,0,0,0,,,1,0,12,11,0.00000000,0.93129771,6801.36909091,20260825,132,0,1,1,正常,0,20260917
MOCK_TAG_0019,MOCK_CUST_0019,MOCK_ECIF_0019,苏州禾润食品股份有限公司,913205717000001916,20090314,存续,食品加工、预包装食品销售,122200000.00000000,CNY,112424000.00000000,CNY,私人控股,私营股份有限公司,大型,320000,320500,320571,苏州市工业园区星湖街99号4幢120室,2388,C,14,149,1499,1,0,0,1,0,0,0,0,0,0,0,0,0,钱远博,MOCK_PERSON_0018,孙远博,MOCK_PERSON_0019,MOCK_ORG_JS_SZ_04,MOCK_ORG_JS_SZ,MOCK_ORG_JS_SZ_04,MOCK_ORG_JS_SZ,0,1,0,1,1,0,,20241022,20241019,20241021,,0,0.00000000,0,0,1,1,0,0,0,0,0,20241013,1,1,1988574.00000000,4,0,1,0,0,0,0,65988000.69000000,65988000.69000000,65988000.69000000,65988000.69000000,0,0,0,0,0,0,0,0,0.00000000,0.00000000,0.00000000,0.00000000,0.00000000,0.00000000,0.00000000,0.00000000,0.00000000,20260917,72098000.00000000,45421740.00000000,0.00000000,0.00000000,0,0,0,0,0,0,0,0,0,0,0,0,0,0,0,,0.00000000,,,1,0,0,0,0,0,,0,0,0,0,0,0,0,0,,,1,0,12,0,0.00000000,0.00000000,0.00000000,,2388,0,1,1,正常,0,20260917
MOCK_TAG_0020,MOCK_CUST_0020,MOCK_ECIF_0020,上海禾森食品有限公司,913101157000002040,20101017,存续,食品加工、预包装食品销售,36300000.00000000,CNY,10890000.00000000,CNY,私人控股,私营有限责任公司,中型,310000,310100,310115,上海市浦东新区金海路100号5幢101室,465,C,14,149,1499,1,0,0,1,0,0,0,0,0,0,0,0,0,李远博,MOCK_PERSON_0020,李远博,MOCK_PERSON_0020,MOCK_ORG_SH_PD_05,MOCK_ORG_SH_PD,MOCK_ORG_SH_PD_05,MOCK_ORG_SH_PD,0,1,0,1,1,1,,20250709,20250706,20250708,20250710,0,0.00000000,0,0,1,1,0,0,0,0,0,20250705,1,1,2613192.00000000,4,0,1,0,0,1,0,22506000.62000000,22506000.62000000,22506000.62000000,22506000.62000000,0,0,0,0,0,0,0,0,0.00000000,0.00000000,0.00000000,0.00000000,0.00000000,0.00000000,0.00000000,0.00000000,0.00000000,20260917,3993000.00000000,838530.00000000,0.00000000,0.00000000,0,1,0,0,0,0,0,0,0,0,0,0,0,0,0,,0.00000000,,,0,0,0,0,0,0,,0,0,0,0,0,0,0,0,,,1,0,12,0,0.00000000,0.00000000,0.00000000,,465,0,1,1,正常,0,20260917
MOCK_TAG_0021,MOCK_CUST_0021,MOCK_ECIF_0021,苏州禾远精密制造有限公司,91320571700000212N,20180307,存续,工业零部件、自动化设备的研发与制造,400000.00000000,CNY,300000.00000000,CNY,私人控股,私营有限责任公司,小型,320000,320500,320571,苏州市工业园区星湖街101号6幢102室,24,C,34,348,3484,1,0,0,1,0,0,0,0,0,0,0,0,0,李远博,MOCK_PERSON_0020,周远博,MOCK_PERSON_0021,MOCK_ORG_JS_SZ_06,MOCK_ORG_JS_SZ,MOCK_ORG_JS_SZ_06,MOCK_ORG_JS_SZ,0,1,0,1,1,1,,20250323,20250320,20250322,20250324,0,0.00000000,0,0,1,1,0,1,0,0,0,20250314,1,1,2319634.00000000,5,0,1,0,0,0,0,100000.99000000,393987.48000000,280648.62000000,280648.62000000,1,0,0,0,1,0,0,0,691600.00000000,353407.60000000,353407.60000000,338192.40000000,353407.60000000,394962.12000000,353407.60000000,0.00000000,0.00000000,20260917,999600.00000000,390367.60000000,691600.00000000,353407.60000000,0,1,0,0,0,0,1,0,0,0,0,0,0,0,0,,0.00000000,,,0,0,0,0,0,0,,0,0,0,0,0,0,0,0,,,1,0,12,0,0.00000000,0.69187675,0.00000000,,24,0,1,1,正常,0,20260917
MOCK_TAG_0022,MOCK_CUST_0022,MOCK_ECIF_0022,上海禾衡精密制造有限公司,91310112700000220A,20060604,存续,工业零部件、自动化设备的研发与制造,4300000.00000000,CNY,1462000.00000000,CNY,私人控股,私营有限责任公司,小型,310000,310100,310112,上海市闵行区联航路102号7幢103室,11,C,34,348,3484,1,0,0,1,0,0,0,0,0,0,0,0,0,吴远博,MOCK_PERSON_0022,吴远博,MOCK_PERSON_0022,MOCK_ORG_SH_MH_07,MOCK_ORG_SH_MH,MOCK_ORG_SH_MH_07,MOCK_ORG_SH_MH,1,1,0,1,0,1,20251014,20230811,20230808,,20230812,88,790844.50000000,8,1,1,0,0,0,0,0,0,20230807,1,1,2051332.00000000,3,0,1,0,0,0,0,473000.31000000,473000.31000000,473000.31000000,473000.31000000,0,0,0,0,0,0,0,0,0.00000000,0.00000000,0.00000000,0.00000000,0.00000000,0.00000000,0.00000000,0.00000000,0.00000000,20260917,1763000.00000000,564160.00000000,0.00000000,0.00000000,0,0,0,0,0,0,0,0,0,0,0,0,0,0,0,,0.00000000,,,0,0,0,0,0,0,,0,0,0,0,0,0,0,0,MOCK_GROUP_19,产业集团19,1,0,12,11,0.00000000,0.00000000,8986.86931818,20260825,11,0,1,0,正常,0,20260917
MOCK_TAG_0023,MOCK_CUST_0023,MOCK_ECIF_0023,杭州禾昕精密制造有限公司,91330108700000239N,20191103,存续,工业零部件、自动化设备的研发与制造,900000.00000000,CNY,882000.00000000,CNY,私人控股,私营有限责任公司,小型,330000,330100,330108,杭州市滨江区江陵路103号8幢104室,20,C,34,348,3484,1,0,0,1,0,0,0,0,0,0,0,0,0,郑远博,MOCK_PERSON_0023,郑远博,MOCK_PERSON_0023,MOCK_ORG_ZJ_HZ_08,MOCK_ORG_ZJ_HZ,MOCK_ORG_ZJ_HZ_08,MOCK_ORG_ZJ_HZ,0,0,0,1,0,0,,,20250719,,,0,0.00000000,0,0,1,0,0,0,0,0,0,20250715,1,1,1402682.00000000,3,0,1,0,0,0,0,403200.34000000,504743.40000000,391700.61000000,372300.05000000,1,0,0,0,1,0,0,0,1584000.00000000,339768.00000000,339768.00000000,1244232.00000000,339768.00000000,478122.48000000,339768.00000000,0.00000000,0.00000000,20260917,1953000.00000000,468918.00000000,1584000.00000000,339768.00000000,0,0,0,0,0,0,0,0,0,0,0,0,0,0,0,B,576000.00000000,CNY,嘉禾产业投资12,0,0,0,0,0,0,,0,0,0,0,0,0,0,0,,,1,0,12,0,0.00000000,0.81105991,0.00000000,,20,0,1,0,正常,0,20260917
MOCK_TAG_0024,MOCK_CUST_0024,MOCK_ECIF_0024,上海禾途供应链有限公司,91310115700000247D,20170615,存续,仓储服务、国内货物运输代理,1200000.00000000,CNY,780000.00000000,CNY,私人控股,私营有限责任公司,小型,310000,310100,310115,上海市浦东新区金海路104号1幢105室,31,G,58,582,5821,1,0,0,1,0,0,0,0,0,0,0,0,0,郑远博,MOCK_PERSON_0023,王远博,MOCK_PERSON_0024,MOCK_ORG_SH_PD_01,MOCK_ORG_SH_PD,MOCK_ORG_SH_PD_01,MOCK_ORG_SH_PD,1,1,0,1,0,0,20260503,20220703,20220630,,,110,980323.93000000,22,1,1,0,0,0,0,0,0,20220623,1,1,2502674.00000000,4,0,1,0,0,0,0,444000.80000000,695451.66000000,623116.48000000,623116.48000000,1,0,0,0,0,0,0,0,1280400.00000000,0.00000000,0.00000000,1280400.00000000,0.00000000,251450.86000000,0.00000000,0.00000000,0.00000000,20260917,1292400.00000000,5280.00000000,1280400.00000000,0.00000000,0,0,0,0,0,0,0,0,0,0,0,0,0,0,0,C,876000.00000000,CNY,嘉禾产业投资01,0,0,0,0,0,0,,0,0,0,0,0,0,0,0,,,1,0,12,5,183040.98000000,0.99071495,8912.03572727,20260910,31,0,1,0,正常,0,20260917
MOCK_TAG_0025,MOCK_CUST_0025,MOCK_ECIF_0025,上海沐川医疗科技有限公司,91310112700000255W,20100203,存续,医疗器械研发、技术咨询及销售,1500000.00000000,CNY,1485000.00000000,CNY,私人控股,私营有限责任公司,小型,310000,310100,310112,上海市闵行区联航路105号2幢106室,63,C,35,358,3589,1,1,0,1,0,0,0,0,0,0,0,0,0,陈远博,MOCK_PERSON_0025,陈远博,MOCK_PERSON_0025,MOCK_ORG_SH_MH_02,MOCK_ORG_SH_MH,MOCK_ORG_SH_MH_02,MOCK_ORG_SH_MH,0,0,0,1,1,0,,,20260615,20260617,,0,0.00000000,0,0,1,1,0,0,0,0,0,20260606,1,1,810590.00000000,1,0,1,0,0,0,0,210000.59000000,84000.24000000,59835.78000000,59835.78000000,0,0,0,0,0,0,0,0,0.00000000,0.00000000,0.00000000,0.00000000,0.00000000,0.00000000,0.00000000,0.00000000,0.00000000,20260917,855000.00000000,196650.00000000,0.00000000,0.00000000,0,0,0,0,0,0,0,0,0,0,0,1,0,0,0,,0.00000000,,,0,0,0,0,0,0,20–39,0,0,0,0,0,0,0,0,,,0,0,4,0,0.00000000,0.00000000,0.00000000,,63,0,1,1,正常,0,20260917
MOCK_TAG_0026,MOCK_CUST_0026,MOCK_ECIF_0026,苏州沐原信息科技有限公司,91320571700000263Y,20210929,存续,软件开发、信息系统集成及技术咨询,4400000.00000000,CNY,2420000.00000000,CNY,私人控股,私营有限责任公司,小型,320000,320500,320571,苏州市工业园区星湖街106号3幢107室,80,I,65,651,6513,1,1,0,1,0,0,0,0,0,0,0,0,0,陈远博,MOCK_PERSON_0025,杨远博,MOCK_PERSON_0026,MOCK_ORG_JS_SZ_03,MOCK_ORG_JS_SZ,MOCK_ORG_JS_SZ_03,MOCK_ORG_JS_SZ,0,1,0,1,1,0,,20250301,20250226,20250228,,0,0.00000000,0,0,1,1,0,0,0,0,0,20250220,1,1,1899556.00000000,3,0,1,0,0,0,0,4775760.24000000,2627947.52000000,2555469.50000000,2376000.12000000,0,0,0,0,0,0,0,0,0.00000000,0.00000000,0.00000000,0.00000000,0.00000000,0.00000000,0.00000000,0.00000000,0.00000000,20260917,44000.00000000,27720.00000000,0.00000000,0.00000000,0,0,0,0,0,0,0,0,0,0,0,1,0,0,0,,0.00000000,,,0,0,0,0,0,0,60–79,0,0,0,0,0,0,0,0,,,1,0,12,0,0.00000000,0.00000000,0.00000000,,80,0,1,1,正常,0,20260917
MOCK_TAG_0027,MOCK_CUST_0027,MOCK_ECIF_0027,宁波沐辰医疗科技有限公司,913302127000002710,20100329,存续,医疗器械研发、技术咨询及销售,39400000.00000000,CNY,38612000.00000000,CNY,私人控股,私营有限责任公司,中型,330000,330200,330212,宁波市鄞州区首南东路107号4幢108室,204,C,35,358,3589,1,1,0,1,0,0,0,0,0,0,0,0,0,黄远博,MOCK_PERSON_0027,黄远博,MOCK_PERSON_0027,MOCK_ORG_ZJ_NB_04,MOCK_ORG_ZJ_NB,MOCK_ORG_ZJ_NB_04,MOCK_ORG_ZJ_NB,1,1,0,1,1,0,20260501,20250905,20250902,20250904,,756,7796252.80000000,189,1,1,1,0,0,0,0,0,20250826,1,1,1477012.00000000,4,0,1,0,0,1,0,45436081.80000000,27684417.05000000,23511032.37000000,23108137.67000000,1,0,0,0,0,0,0,0,43340000.00000000,11251064.00000000,11251064.00000000,32088936.00000000,11251064.00000000,13941877.91000000,11251064.00000000,0.00000000,0.00000000,20260917,59100000.00000000,14718264.00000000,43340000.00000000,11251064.00000000,0,0,0,0,0,0,0,0,0,0,0,1,0,0,0,,0.00000000,,,0,0,0,0,0,0,40–59,0,0,0,0,0,0,0,0,,,1,0,12,4,0.00000000,0.73333333,10312.50370370,20260820,204,0,1,1,正常,0,20260917
MOCK_TAG_0028,MOCK_CUST_0028,MOCK_ECIF_0028,苏州沐宁信息科技有限公司,9132057170000028XH,20090506,存续,软件开发、信息系统集成及技术咨询,700000.00000000,CNY,644000.00000000,CNY,私人控股,私营有限责任公司,小型,320000,320500,320571,苏州市工业园区星湖街108号5幢109室,84,I,65,651,6513,1,1,0,1,0,0,0,0,0,0,0,0,0,黄远博,MOCK_PERSON_0027,徐远博,MOCK_PERSON_0028,MOCK_ORG_JS_SZ_05,MOCK_ORG_JS_SZ,MOCK_ORG_JS_SZ_05,MOCK_ORG_JS_SZ,1,1,0,1,1,0,20260607,20231211,20231208,20231210,,189,2417626.90000000,63,1,1,1,0,0,0,0,0,20231206,1,1,2124216.00000000,4,0,1,0,0,0,0,945981.45000000,549838.98000000,452845.69000000,378642.12000000,1,0,0,0,0,0,0,0,1050700.00000000,193328.80000000,193328.80000000,857371.20000000,193328.80000000,232996.77000000,193328.80000000,0.00000000,0.00000000,20260917,1120700.00000000,201028.80000000,1050700.00000000,193328.80000000,0,1,0,0,0,0,1,0,1,0,0,1,0,0,0,,0.00000000,,,0,0,0,0,0,0,20–39,0,0,0,0,0,0,0,0,,,1,0,12,3,0.00000000,0.93753904,12791.67671958,20260820,84,0,1,1,正常,0,20260917
MOCK_TAG_0029,MOCK_CUST_0029,MOCK_ECIF_0029,苏州沐知商贸有限公司,91320571700000298H,20150413,存续,日用百货、五金及电子产品批发,500000.00000000,CNY,340000.00000000,CNY,私人控股,私营有限责任公司,小型,320000,320500,320571,苏州市工业园区星湖街109号6幢110室,83,F,51,513,5135,1,0,0,1,0,0,0,0,0,0,0,0,0,朱远博,MOCK_PERSON_0029,朱远博,MOCK_PERSON_0029,MOCK_ORG_JS_SZ_06,MOCK_ORG_JS_SZ,MOCK_ORG_JS_SZ_06,MOCK_ORG_JS_SZ,1,0,0,1,0,1,20251205,,20230308,,20230312,513,4127516.19000000,57,1,1,0,0,0,0,0,0,20230227,1,1,2289498.00000000,4,0,1,0,0,0,0,165000.37000000,296739.25000000,243499.85000000,243499.85000000,1,0,0,0,0,0,0,0,610000.00000000,124440.00000000,124440.00000000,485560.00000000,124440.00000000,256178.88000000,124440.00000000,0.00000000,0.00000000,20260917,685000.00000000,143190.00000000,610000.00000000,124440.00000000,0,0,0,0,0,0,0,0,0,0,0,0,0,0,0,C,235000.00000000,CNY,嘉禾产业投资06,0,0,0,0,0,0,,0,0,0,0,0,0,0,0,,,1,0,12,9,0.00000000,0.89051095,8045.84052632,20260820,83,0,1,0,正常,0,20260917
MOCK_TAG_0030,MOCK_CUST_0030,MOCK_ECIF_0030,上海沐禾信息科技有限公司,91310114700000300T,20190520,存续,软件开发、信息系统集成及技术咨询,3100000.00000000,CNY,2604000.00000000,CNY,私人控股,私营有限责任公司,小型,310000,310100,310114,上海市嘉定区嘉罗公路110号7幢111室,13,I,65,651,6513,1,1,0,1,0,0,0,0,0,0,0,0,0,朱远博,MOCK_PERSON_0029,胡远博,MOCK_PERSON_0030,MOCK_ORG_SH_JD_07,MOCK_ORG_SH_JD,MOCK_ORG_SH_JD_07,MOCK_ORG_SH_JD,1,1,0,1,1,0,20260513,20220819,20220816,20220818,,36,495000.95000000,9,1,1,1,0,0,0,0,0,20220806,1,1,2099924.00000000,4,0,1,0,0,0,0,1550000.07000000,1773991.41000000,1263665.11000000,1263665.11000000,1,0,0,0,0,0,0,0,4426800.00000000,1972139.40000000,1972139.40000000,2454660.60000000,1972139.40000000,1775615.02000000,1972139.40000000,0.00000000,0.00000000,20260917,5139800.00000000,2043439.40000000,4426800.00000000,1972139.40000000,0,0,0,0,0,0,0,0,0,0,0,1,0,0,0,,0.00000000,,,0,0,0,0,0,0,40–59,0,0,0,0,0,0,0,0,,,1,0,12,4,0.00000000,0.86127865,13750.02638889,20260820,13,0,1,1,正常,0,20260917
MOCK_TAG_0031,MOCK_CUST_0031,MOCK_ECIF_0031,苏州沐润精密制造有限公司,913205717000003192,20210424,存续,工业零部件、自动化设备的研发与制造,44000000.00000000,CNY,44000000.00000000,CNY,私人控股,私营有限责任公司,中型,320000,320500,320571,苏州市工业园区星湖街111号8幢112室,294,C,34,348,3484,1,0,0,1,0,0,0,0,0,0,0,0,0,林远博,MOCK_PERSON_0031,林远博,MOCK_PERSON_0031,MOCK_ORG_JS_SZ_08,MOCK_ORG_JS_SZ,MOCK_ORG_JS_SZ_08,MOCK_ORG_JS_SZ,0,0,0,1,0,1,,,20220529,,20220602,0,0.00000000,0,0,1,0,0,1,0,0,0,20220527,1,1,2109186.00000000,4,0,1,0,0,1,0,28512002.47000000,11754431.79000000,10904526.97000000,8800000.76000000,0,0,0,0,0,0,0,0,0.00000000,0.00000000,0.00000000,0.00000000,0.00000000,0.00000000,0.00000000,0.00000000,0.00000000,20260917,16280000.00000000,5698000.00000000,0.00000000,0.00000000,0,0,0,0,0,0,0,0,0,0,0,0,0,0,0,,0.00000000,,,0,0,0,0,0,0,,0,0,0,0,0,0,0,0,,,1,0,12,0,0.00000000,0.00000000,0.00000000,,294,0,1,0,正常,0,20260917
MOCK_TAG_0032,MOCK_CUST_0032,MOCK_ECIF_0032,杭州沐森商贸有限公司,913301087000003275,20200906,存续,日用百货、五金及电子产品批发,4200000.00000000,CNY,2856000.00000000,CNY,私人控股,私营有限责任公司,小型,330000,330100,330108,杭州市滨江区江陵路112号1幢113室,54,F,51,513,5135,1,0,0,1,0,0,0,0,0,0,0,0,0,何远博,MOCK_PERSON_0032,何远博,MOCK_PERSON_0032,MOCK_ORG_ZJ_HZ_01,MOCK_ORG_ZJ_HZ,MOCK_ORG_ZJ_HZ_01,MOCK_ORG_ZJ_HZ,1,1,0,1,1,0,20260620,20240129,20240126,20240128,,132,1059301.50000000,44,1,1,1,0,0,0,0,0,20240125,1,1,2197894.00000000,4,1,1,0,0,0,0,0.00000000,122.98000000,123.11000000,123.11000000,0,0,0,0,0,0,0,0,0.00000000,0.00000000,0.00000000,0.00000000,0.00000000,0.00000000,0.00000000,0.00000000,0.00000000,20260917,2184000.00000000,1113840.00000000,0.00000000,0.00000000,0,0,0,0,0,0,0,0,0,0,0,0,0,0,0,,0.00000000,,,0,0,0,0,0,0,,0,0,0,0,0,0,0,0,MOCK_GROUP_56,产业集团56,1,0,12,3,386100.58000000,0.00000000,8025.01136364,20260905,54,0,1,1,正常,0,20260917
MOCK_TAG_0033,MOCK_CUST_0033,MOCK_ECIF_0033,上海沐远商贸有限公司,91310114700000335D,20150618,存续,日用百货、五金及电子产品批发,44900000.00000000,CNY,41308000.00000000,CNY,私人控股,私营有限责任公司,中型,310000,310100,310114,上海市嘉定区嘉罗公路113号2幢114室,128,F,51,513,5135,1,0,0,1,0,0,0,0,0,0,0,0,0,林远博,MOCK_PERSON_0031,赵思博,MOCK_PERSON_0033,MOCK_ORG_SH_JD_02,MOCK_ORG_SH_JD,MOCK_ORG_SH_JD_02,MOCK_ORG_SH_JD,1,0,0,1,1,0,20260218,,20230325,20230327,,581,4363727.27000000,83,1,1,1,0,0,0,0,0,20230322,1,1,2797260.00000000,5,0,1,0,0,1,0,11436031.61000000,4708853.63000000,4516731.51000000,4041000.57000000,0,0,0,0,0,0,0,0,0.00000000,0.00000000,0.00000000,0.00000000,0.00000000,0.00000000,0.00000000,0.00000000,0.00000000,20260917,13021000.00000000,9635540.00000000,0.00000000,0.00000000,0,0,0,0,0,0,0,0,0,0,0,0,0,0,0,,0.00000000,,,0,0,0,0,0,0,,0,0,0,0,0,0,0,0,,,1,0,12,7,722100.21000000,0.00000000,7510.71819277,20260905,128,0,1,1,正常,0,20260917
MOCK_TAG_0034,MOCK_CUST_0034,MOCK_ECIF_0034,杭州沐衡医疗科技有限公司,91330108700000343T,20110127,存续,医疗器械研发、技术咨询及销售,4600000.00000000,CNY,2990000.00000000,CNY,私人控股,私营有限责任公司,小型,330000,330100,330108,杭州市滨江区江陵路114号3幢115室,24,C,35,358,3589,1,1,0,1,0,0,0,0,0,0,0,0,0,钱思博,MOCK_PERSON_0034,钱思博,MOCK_PERSON_0034,MOCK_ORG_ZJ_HZ_03,MOCK_ORG_ZJ_HZ,MOCK_ORG_ZJ_HZ_03,MOCK_ORG_ZJ_HZ,1,1,0,1,1,0,20251126,20240522,20240519,20240521,,210,2549089.76000000,21,1,1,1,0,0,0,0,0,20240514,1,1,2162724.00000000,4,0,1,0,0,0,0,2877300.75000000,2206620.58000000,2167318.92000000,2070000.54000000,0,0,0,0,0,0,0,0,0.00000000,0.00000000,0.00000000,0.00000000,0.00000000,0.00000000,0.00000000,0.00000000,0.00000000,20260917,2990000.00000000,807300.00000000,0.00000000,0.00000000,0,0,0,0,0,0,0,0,0,0,0,1,0,0,0,,0.00000000,,,0,0,0,0,0,0,0–19,0,0,0,0,0,0,0,0,,,1,0,12,10,210210.50000000,0.00000000,12138.52266667,20260910,24,0,1,1,正常,0,20260917
MOCK_TAG_0035,MOCK_CUST_0035,MOCK_ECIF_0035,上海沐昕医疗科技有限公司,91310115700000351H,20150613,存续,医疗器械研发、技术咨询及销售,7200000.00000000,CNY,4824000.00000000,CNY,私人控股,私营有限责任公司,中型,310000,310100,310115,上海市浦东新区金海路115号4幢116室,429,C,35,358,3589,1,1,0,1,0,0,0,0,0,0,0,0,0,钱思博,MOCK_PERSON_0034,孙思博,MOCK_PERSON_0035,MOCK_ORG_SH_PD_04,MOCK_ORG_SH_PD,MOCK_ORG_SH_PD_04,MOCK_ORG_SH_PD,0,1,0,0,0,0,,20240305,,,,0,0.00000000,0,0,0,0,0,0,0,0,0,20240229,1,1,1698814.00000000,4,0,1,0,0,1,0,7343281.97000000,4951999.78000000,4500931.61000000,4404603.47000000,1,0,0,0,0,0,0,0,5976000.00000000,0.00000000,0.00000000,5976000.00000000,0.00000000,1432768.98000000,0.00000000,0.00000000,0.00000000,20260917,8640000.00000000,1651680.00000000,5976000.00000000,0.00000000,0,0,0,0,0,0,0,0,1,0,0,1,0,0,0,,0.00000000,,,0,0,0,0,0,0,40–59,0,0,0,0,0,0,0,0,,,1,0,12,0,0.00000000,0.69166667,0.00000000,,429,0,0,0,正常,0,20260917
MOCK_TAG_0036,MOCK_CUST_0036,MOCK_ECIF_0036,上海沐途精密制造有限公司,9131011470000036XT,20200516,存续,工业零部件、自动化设备的研发与制造,17700000.00000000,CNY,15222000.00000000,CNY,私人控股,私营有限责任公司,中型,310000,310100,310114,上海市嘉定区嘉罗公路116号5幢117室,184,C,34,348,3484,1,0,0,1,0,0,0,0,0,0,0,0,0,李思博,MOCK_PERSON_0036,李思博,MOCK_PERSON_0036,MOCK_ORG_SH_JD_05,MOCK_ORG_SH_JD,MOCK_ORG_SH_JD_05,MOCK_ORG_SH_JD,0,0,0,1,0,1,,,20220913,,20220917,0,0.00000000,0,0,1,0,0,0,0,0,0,20220909,1,1,2065816.00000000,5,0,1,0,0,1,0,2124000.81000000,4850052.98000000,3454832.26000000,3454832.26000000,1,0,0,0,1,0,0,0,12036000.00000000,6290013.60000000,6290013.60000000,5745986.40000000,6290013.60000000,4866076.10000000,6290013.60000000,0.00000000,0.00000000,20260917,26196000.00000000,9546813.60000000,12036000.00000000,6290013.60000000,0,0,0,0,0,0,0,0,0,0,0,0,0,0,0,,0.00000000,,,0,0,0,0,0,0,,0,0,0,0,0,0,0,0,,,1,0,12,0,0.00000000,0.45945946,0.00000000,,184,0,1,0,正常,0,20260917
MOCK_TAG_0037,MOCK_CUST_0037,MOCK_ECIF_0037,宁波岚川信息科技有限公司,91330212700000378B,20110416,存续,软件开发、信息系统集成及技术咨询,4300000.00000000,CNY,2494000.00000000,CNY,私人控股,私营有限责任公司,小型,330000,330200,330212,宁波市鄞州区首南东路117号6幢118室,21,I,65,651,6513,1,1,0,1,0,0,0,0,0,0,0,0,0,李思博,MOCK_PERSON_0036,周思博,MOCK_PERSON_0037,MOCK_ORG_ZJ_NB_06,MOCK_ORG_ZJ_NB,MOCK_ORG_ZJ_NB_06,MOCK_ORG_ZJ_NB,0,0,0,1,1,0,,,20241106,20241108,,0,0.00000000,0,0,1,1,0,0,0,0,0,20241028,1,1,3194516.00000000,5,0,1,0,0,0,0,580501.85000000,317539.47000000,300411.91000000,258000.82000000,0,0,0,0,0,0,0,0,0.00000000,0.00000000,0.00000000,0.00000000,0.00000000,0.00000000,0.00000000,0.00000000,0.00000000,20260917,1591000.00000000,1129610.00000000,0.00000000,0.00000000,0,0,0,0,0,0,0,0,0,0,0,1,0,0,0,B,2021000.00000000,CNY,嘉禾产业投资02,0,0,0,0,0,0,40–59,0,0,0,0,0,0,0,0,,,1,0,12,0,0.00000000,0.00000000,0.00000000,,21,0,1,1,正常,0,20260917
MOCK_TAG_0038,MOCK_CUST_0038,MOCK_ECIF_0038,杭州岚原食品有限公司,913301087000003868,20110915,存续,食品加工、预包装食品销售,600000.00000000,CNY,402000.00000000,CNY,私人控股,私营有限责任公司,小型,330000,330100,330108,杭州市滨江区江陵路118号7幢119室,77,C,14,149,1499,1,0,0,1,0,0,0,0,0,0,0,0,0,吴思博,MOCK_PERSON_0038,吴思博,MOCK_PERSON_0038,MOCK_ORG_ZJ_HZ_07,MOCK_ORG_ZJ_HZ,MOCK_ORG_ZJ_HZ_07,MOCK_ORG_ZJ_HZ,0,1,0,1,1,0,,20240806,20240803,20240805,,0,0.00000000,0,0,1,1,0,0,0,0,0,20240802,1,1,2067104.00000000,4,0,1,0,0,0,0,48000.98000000,362930.03000000,297512.02000000,297512.02000000,1,0,0,0,0,0,0,0,648000.00000000,316224.00000000,316224.00000000,331776.00000000,316224.00000000,363961.66000000,316224.00000000,0.00000000,0.00000000,20260917,1044000.00000000,601344.00000000,648000.00000000,316224.00000000,0,0,0,0,0,0,0,0,0,0,0,0,0,0,0,,0.00000000,,,0,0,0,0,0,0,,0,0,0,0,0,0,0,0,,,1,0,12,0,0.00000000,0.62068966,0.00000000,,77,0,1,1,正常,0,20260917
MOCK_TAG_0039,MOCK_CUST_0039,MOCK_ECIF_0039,上海岚辰食品有限公司,91310114700000394G,20190601,存续,食品加工、预包装食品销售,3400000.00000000,CNY,2516000.00000000,CNY,私人控股,私营有限责任公司,小型,310000,310100,310114,上海市嘉定区嘉罗公路119号8幢120室,74,C,14,149,1499,1,0,0,1,0,0,0,0,0,0,0,0,0,吴思博,MOCK_PERSON_0038,郑思博,MOCK_PERSON_0039,MOCK_ORG_SH_JD_08,MOCK_ORG_SH_JD,MOCK_ORG_SH_JD_08,MOCK_ORG_SH_JD,0,1,0,1,0,0,,20260720,20260717,,,0,0.00000000,0,0,1,0,0,0,0,0,0,20260708,1,1,308732.00000000,1,0,1,0,0,0,0,442000.80000000,122400.22000000,87189.20000000,87189.20000000,0,0,0,0,0,0,0,0,0.00000000,0.00000000,0.00000000,0.00000000,0.00000000,0.00000000,0.00000000,0.00000000,0.00000000,20260917,2244000.00000000,224400.00000000,0.00000000,0.00000000,0,0,0,0,0,0,0,0,0,0,0,0,0,0,0,,0.00000000,,,0,0,0,0,0,0,,0,0,0,0,0,0,0,0,,,0,0,3,0,0.00000000,0.00000000,0.00000000,,74,0,1,0,正常,0,20260917
MOCK_TAG_0040,MOCK_CUST_0040,MOCK_ECIF_0040,苏州岚宁食品有限公司,91320571700000407G,20130623,存续,食品加工、预包装食品销售,3900000.00000000,CNY,3159000.00000000,CNY,私人控股,私营有限责任公司,小型,320000,320500,320571,苏州市工业园区星湖街120号1幢101室,26,C,14,149,1499,1,0,0,1,0,0,0,0,0,0,0,0,0,王思博,MOCK_PERSON_0040,王思博,MOCK_PERSON_0040,MOCK_ORG_JS_SZ_01,MOCK_ORG_JS_SZ,MOCK_ORG_JS_SZ_01,MOCK_ORG_JS_SZ,0,1,0,1,0,0,,20260811,20260808,,,0,0.00000000,0,0,1,0,0,0,0,0,0,20260803,1,1,181266.00000000,1,0,1,0,0,0,0,897000.88000000,158700.16000000,113046.69000000,113046.69000000,0,0,0,0,0,0,0,0,0.00000000,0.00000000,0.00000000,0.00000000,0.00000000,0.00000000,0.00000000,0.00000000,0.00000000,20260917,1404000.00000000,421200.00000000,0.00000000,0.00000000,0,0,0,0,0,0,0,0,0,0,0,0,0,0,0,,0.00000000,,,0,0,0,0,0,0,,0,0,0,0,0,0,0,0,,,0,0,2,0,0.00000000,0.00000000,0.00000000,,26,0,1,0,正常,0,20260917
MOCK_TAG_0041,MOCK_CUST_0041,MOCK_ECIF_0041,上海岚知商贸有限公司,91310115700000415F,20191229,存续,日用百货、五金及电子产品批发,12900000.00000000,CNY,10707000.00000000,CNY,私人控股,私营有限责任公司,中型,310000,310100,310115,上海市浦东新区金海路121号2幢102室,129,F,51,513,5135,1,0,0,1,0,0,0,0,0,0,0,0,0,王思博,MOCK_PERSON_0040,陈思博,MOCK_PERSON_0041,MOCK_ORG_SH_PD_02,MOCK_ORG_SH_PD,MOCK_ORG_SH_PD_02,MOCK_ORG_SH_PD,1,0,0,1,1,1,20251030,,20250630,20250702,20250704,946,7594881.59000000,86,1,1,1,0,1,0,0,0,20250622,1,1,2100778.00000000,4,0,1,0,0,1,0,4515000.41000000,10720856.99000000,9168274.27000000,9168274.27000000,1,0,0,0,0,0,0,0,14951100.00000000,0.00000000,0.00000000,14951100.00000000,0.00000000,6205856.58000000,0.00000000,0.00000000,0.00000000,20260917,15854100.00000000,117390.00000000,14951100.00000000,0.00000000,0,0,0,0,0,0,0,0,0,0,0,0,0,0,0,A,3483000.00000000,CNY,嘉禾产业投资06,0,0,0,0,0,0,,0,0,0,0,0,0,0,0,,,1,0,12,11,548250.42000000,0.94304312,8028.41605708,20260915,129,0,1,1,正常,0,20260917
MOCK_TAG_0042,MOCK_CUST_0042,MOCK_ECIF_0042,上海岚禾信息科技有限公司,91310114700000423U,20180922,存续,软件开发、信息系统集成及技术咨询,2900000.00000000,CNY,1566000.00000000,CNY,私人控股,私营有限责任公司,小型,310000,310100,310114,上海市嘉定区嘉罗公路122号3幢103室,57,I,65,651,6513,1,1,0,1,0,0,0,0,0,0,0,0,0,杨思博,MOCK_PERSON_0042,杨思博,MOCK_PERSON_0042,MOCK_ORG_SH_JD_03,MOCK_ORG_SH_JD,MOCK_ORG_SH_JD_03,MOCK_ORG_SH_JD,0,0,0,1,1,0,,,20221128,20221130,,0,0.00000000,0,0,1,1,0,0,0,0,0,20221127,1,1,1743010.00000000,4,0,1,0,0,0,0,2136720.58000000,781554.67000000,756943.11000000,696000.19000000,0,0,0,0,0,0,0,0,0.00000000,0.00000000,0.00000000,0.00000000,0.00000000,0.00000000,0.00000000,0.00000000,0.00000000,20260917,1711000.00000000,1129260.00000000,0.00000000,0.00000000,0,0,0,0,0,0,0,0,1,0,0,1,0,0,0,,0.00000000,,,0,0,0,0,0,0,60–79,0,0,0,0,0,0,0,0,,,1,0,12,0,0.00000000,0.00000000,0.00000000,,57,0,1,1,正常,0,20260917
MOCK_TAG_0043,MOCK_CUST_0043,MOCK_ECIF_0043,苏州岚润商贸有限公司,913205717000004311,20201224,存续,日用百货、五金及电子产品批发,2200000.00000000,CNY,1254000.00000000,CNY,私人控股,私营有限责任公司,小型,320000,320500,320571,苏州市工业园区星湖街123号4幢104室,68,F,51,513,5135,1,0,0,1,0,0,0,0,0,0,0,0,0,杨思博,MOCK_PERSON_0042,黄思博,MOCK_PERSON_0043,MOCK_ORG_JS_SZ_04,MOCK_ORG_JS_SZ,MOCK_ORG_JS_SZ_04,MOCK_ORG_JS_SZ,0,1,0,1,1,1,,20240804,20240801,20240803,20240805,0,0.00000000,0,0,1,1,0,0,0,0,0,20240728,1,1,2049258.00000000,4,0,1,0,0,0,0,1144000.87000000,1553961.19000000,1144762.35000000,1144762.35000000,1,0,0,0,0,0,0,0,4136000.00000000,1012492.80000000,1012492.80000000,3123507.20000000,1012492.80000000,1422453.12000000,1012492.80000000,0.00000000,0.00000000,20260917,4378000.00000000,1172212.80000000,4136000.00000000,1012492.80000000,0,0,0,0,0,0,0,0,0,0,0,0,0,0,0,,0.00000000,,,0,0,0,0,0,0,,0,0,0,0,0,0,0,0,,,1,0,12,0,0.00000000,0.94472362,0.00000000,,68,0,1,1,正常,0,20260917
MOCK_TAG_0044,MOCK_CUST_0044,MOCK_ECIF_0044,上海岚森医疗科技有限公司,9131011470000044XE,20080113,存续,医疗器械研发、技术咨询及销售,4500000.00000000,CNY,4095000.00000000,CNY,私人控股,私营有限责任公司,小型,310000,310100,310114,上海市嘉定区嘉罗公路124号5幢105室,85,C,35,358,3589,1,1,0,1,0,0,0,0,0,0,0,0,0,徐思博,MOCK_PERSON_0044,徐思博,MOCK_PERSON_0044,MOCK_ORG_SH_JD_05,MOCK_ORG_SH_JD,MOCK_ORG_SH_JD_05,MOCK_ORG_SH_JD,0,0,0,1,1,0,,,20230412,20230414,,0,0.00000000,0,0,1,1,0,0,0,0,0,20230407,1,1,2247476.00000000,5,0,1,0,0,0,0,2205000.46000000,2307200.65000000,2079622.45000000,2079622.45000000,1,0,0,0,0,0,0,0,6075000.00000000,688905.00000000,688905.00000000,5386095.00000000,688905.00000000,791105.19000000,688905.00000000,0.00000000,0.00000000,20260917,8595000.00000000,2251305.00000000,6075000.00000000,688905.00000000,0,0,0,0,0,0,0,0,1,0,0,1,0,0,0,,0.00000000,,,0,0,0,0,0,0,20–39,0,0,0,0,0,0,0,0,,,1,0,12,0,0.00000000,0.70680628,0.00000000,,85,0,1,1,正常,0,20260917
MOCK_TAG_0045,MOCK_CUST_0045,MOCK_ECIF_0045,上海岚远精密制造有限公司,91310114700000458E,20200122,存续,工业零部件、自动化设备的研发与制造,4900000.00000000,CNY,3283000.00000000,CNY,私人控股,私营有限责任公司,小型,310000,310100,310114,上海市嘉定区嘉罗公路125号6幢106室,32,C,34,348,3484,1,0,0,1,0,0,0,0,0,0,0,0,0,徐思博,MOCK_PERSON_0044,朱思博,MOCK_PERSON_0045,MOCK_ORG_SH_JD_06,MOCK_ORG_SH_JD,MOCK_ORG_SH_JD_06,MOCK_ORG_SH_JD,1,1,0,1,1,1,20251125,20241201,20241128,20241130,20241202,200,1791804.81000000,20,1,1,1,0,0,0,0,0,20241118,1,1,2284188.00000000,4,0,1,0,0,0,0,4745162.48000000,2312605.21000000,2154787.54000000,1764000.92000000,0,0,0,0,0,0,0,0,0.00000000,0.00000000,0.00000000,0.00000000,0.00000000,0.00000000,0.00000000,0.00000000,0.00000000,20260917,196000.00000000,109760.00000000,0.00000000,0.00000000,0,0,0,0,0,0,0,0,0,0,0,0,0,0,0,,0.00000000,,,0,0,0,0,0,0,,0,0,0,0,0,0,0,0,,,1,0,12,10,159800.96000000,0.00000000,8959.02405000,20260910,32,0,1,1,正常,0,20260917
MOCK_TAG_0046,MOCK_CUST_0046,MOCK_ECIF_0046,上海岚衡供应链有限公司,91310115700000466P,20140626,存续,仓储服务、国内货物运输代理,2800000.00000000,CNY,1932000.00000000,CNY,私人控股,私营有限责任公司,小型,310000,310100,310115,上海市浦东新区金海路126号7幢107室,84,G,58,582,5821,1,0,0,1,0,0,0,0,0,0,0,0,0,胡思博,MOCK_PERSON_0046,胡思博,MOCK_PERSON_0046,MOCK_ORG_SH_PD_07,MOCK_ORG_SH_PD,MOCK_ORG_SH_PD_07,MOCK_ORG_SH_PD,0,1,0,1,1,0,,20241120,20241117,20241119,,0,0.00000000,0,0,1,1,0,0,0,0,0,20241115,1,1,2544244.00000000,4,0,1,0,0,0,0,792962.24000000,1257366.72000000,895658.48000000,839606.16000000,1,0,0,0,0,0,0,0,3724000.00000000,702346.40000000,702346.40000000,3021653.60000000,702346.40000000,1180086.90000000,702346.40000000,0.00000000,0.00000000,20260917,5432000.00000000,1675906.40000000,3724000.00000000,702346.40000000,0,0,0,0,0,0,0,0,0,0,0,0,0,0,0,,0.00000000,,,0,0,0,0,0,0,,0,0,0,0,0,0,0,0,,,1,0,12,0,0.00000000,0.68556701,0.00000000,,84,0,1,1,正常,0,20260917
MOCK_TAG_0047,MOCK_CUST_0047,MOCK_ECIF_0047,上海岚昕供应链有限公司,91310115700000474J,20130130,存续,仓储服务、国内货物运输代理,4700000.00000000,CNY,4324000.00000000,CNY,私人控股,私营有限责任公司,小型,310000,310100,310115,上海市浦东新区金海路127号8幢108室,20,G,58,582,5821,1,0,0,1,0,0,0,0,0,0,0,0,0,胡思博,MOCK_PERSON_0046,林思博,MOCK_PERSON_0047,MOCK_ORG_SH_PD_08,MOCK_ORG_SH_PD,MOCK_ORG_SH_PD_08,MOCK_ORG_SH_PD,1,1,0,1,1,0,20260331,20231202,20231129,20231201,,102,890802.47000000,17,1,1,1,0,0,0,0,0,20231128,1,1,2051934.00000000,4,0,1,0,0,0,0,2491000.72000000,2220496.02000000,1581723.19000000,1581723.19000000,1,0,0,0,0,0,0,0,5499000.00000000,2515792.50000000,2515792.50000000,2983207.50000000,2515792.50000000,2220591.38000000,2515792.50000000,0.00000000,0.00000000,20260917,8554000.00000000,3462842.50000000,5499000.00000000,2515792.50000000,0,0,0,0,0,0,0,0,0,0,0,0,0,0,0,A,2538000.00000000,CNY,嘉禾产业投资12,0,0,0,0,0,0,,0,0,0,0,0,0,0,0,,,1,0,12,6,126480.77000000,0.64285714,8733.35754902,20260910,20,0,1,1,正常,0,20260917
MOCK_TAG_0048,MOCK_CUST_0048,MOCK_ECIF_0048,上海岚途食品有限公司,91310115700000482D,20080108,存续,食品加工、预包装食品销售,3300000.00000000,CNY,1782000.00000000,CNY,私人控股,私营有限责任公司,小型,310000,310100,310115,上海市浦东新区金海路128号1幢109室,51,C,14,149,1499,1,0,0,1,0,0,0,0,0,0,0,0,0,何思博,MOCK_PERSON_0048,何思博,MOCK_PERSON_0048,MOCK_ORG_SH_PD_01,MOCK_ORG_SH_PD,MOCK_ORG_SH_PD_01,MOCK_ORG_SH_PD,1,1,0,1,1,0,20260607,20241002,20240929,20241001,,180,1248977.37000000,45,1,1,1,0,0,0,0,0,20240927,1,1,1500230.00000000,4,0,1,0,0,0,0,2793780.25000000,1738281.63000000,1589505.01000000,1571245.61000000,1,0,0,0,0,0,0,0,4752000.00000000,461894.40000000,461894.40000000,4290105.60000000,461894.40000000,491542.49000000,461894.40000000,0.00000000,0.00000000,20260917,4785000.00000000,480044.40000000,4752000.00000000,461894.40000000,0,0,0,0,0,0,0,0,0,0,0,0,0,0,0,,0.00000000,,,0,0,0,0,0,0,,0,0,0,0,0,0,0,0,MOCK_GROUP_23,产业集团23,1,0,12,4,277875.30000000,0.99310345,6938.76316667,20260915,51,0,1,1,正常,0,20260917
MOCK_TAG_0049,MOCK_CUST_0049,MOCK_ECIF_0049,上海岳川信息科技有限公司,913101157000004908,20111120,存续,软件开发、信息系统集成及技术咨询,2100000.00000000,CNY,693000.00000000,CNY,私人控股,私营有限责任公司,小型,310000,310100,310115,上海市浦东新区金海路129号2幢110室,10,I,65,651,6513,1,1,0,1,0,0,0,0,0,0,0,0,0,赵宁博,MOCK_PERSON_0049,赵宁博,MOCK_PERSON_0049,MOCK_ORG_SH_PD_02,MOCK_ORG_SH_PD,MOCK_ORG_SH_PD_02,MOCK_ORG_SH_PD,1,1,0,1,1,0,20260607,20221122,20221119,20221121,,18,213751.45000000,6,1,1,1,0,0,0,0,0,20221115,1,1,1847206.00000000,4,0,1,0,0,0,0,3269281.39000000,1312054.71000000,1272915.83000000,1176000.50000000,0,0,0,0,0,0,0,0,0.00000000,0.00000000,0.00000000,0.00000000,0.00000000,0.00000000,0.00000000,0.00000000,0.00000000,20260917,504000.00000000,367920.00000000,0.00000000,0.00000000,0,0,0,0,0,0,0,0,1,0,0,1,0,0,0,,0.00000000,,,0,0,0,0,0,0,20–39,0,0,0,0,0,0,0,0,,,1,0,12,3,0.00000000,0.00000000,11875.08055556,20260825,10,0,1,1,正常,0,20260917
MOCK_TAG_0050,MOCK_CUST_0050,MOCK_ECIF_0050,上海岳原医疗科技有限公司,91310112700000503J,20111211,存续,医疗器械研发、技术咨询及销售,233300000.00000000,CNY,165643000.00000000,CNY,私人控股,私营有限责任公司,大型,310000,310100,310112,上海市闵行区联航路130号3幢111室,1050,C,35,358,3589,1,1,0,1,0,0,0,0,0,0,0,0,0,钱宁博,MOCK_PERSON_0050,赵远博,MOCK_PERSON_0017,MOCK_ORG_SH_MH_03,MOCK_ORG_SH_MH,MOCK_ORG_SH_MH_03,MOCK_ORG_SH_MH,1,0,0,1,1,0,20260312,,20230407,20230409,,5040,58489203.70000000,840,1,1,1,0,0,0,0,0,20230404,1,1,1825530.00000000,4,0,1,0,0,0,0,58325000.92000000,179773873.33000000,128058101.55000000,128058101.55000000,1,0,0,0,0,0,0,0,318454500.00000000,212090697.00000000,212090697.00000000,106363803.00000000,212090697.00000000,180365279.85000000,212090697.00000000,0.00000000,0.00000000,20260917,437437500.00000000,256114407.00000000,318454500.00000000,212090697.00000000,0,0,0,0,0,0,0,0,0,0,0,0,0,0,0,,0.00000000,,,0,0,0,0,0,0,20–39,0,0,0,0,0,0,0,0,MOCK_GROUP_44,产业集团44,1,0,12,6,0.00000000,0.72800000,11605.00073413,20260820,1050,0,1,1,正常,0,20260917
MOCK_TAG_0051,MOCK_CUST_0051,MOCK_ECIF_0051,上海岳辰商贸有限公司,91310112700000511D,20230926,存续,日用百货、五金及电子产品批发,46200000.00000000,CNY,36960000.00000000,CNY,私人控股,私营有限责任公司,中型,310000,310100,310112,上海市闵行区联航路131号4幢112室,114,F,51,513,5135,1,0,0,1,0,0,0,0,0,0,0,0,0,赵宁博,MOCK_PERSON_0049,孙宁博,MOCK_PERSON_0051,MOCK_ORG_SH_MH_04,MOCK_ORG_SH_MH,MOCK_ORG_SH_MH_04,MOCK_ORG_SH_MH,0,0,0,0,1,0,,,,20250702,,0,0.00000000,0,0,0,1,0,1,0,0,0,20250625,1,1,1656004.00000000,4,0,1,0,0,1,0,7392000.48000000,9307506.02000000,6630004.29000000,6630004.29000000,1,0,0,0,0,0,0,0,23654400.00000000,13946634.24000000,13946634.24000000,9707765.76000000,13946634.24000000,9332716.15000000,13946634.24000000,0.00000000,0.00000000,20260917,48140400.00000000,23741034.24000000,23654400.00000000,13946634.24000000,0,0,0,0,0,0,0,0,0,0,0,0,0,0,0,,0.00000000,,,0,0,0,0,0,0,,0,0,0,0,0,0,0,0,,,1,0,12,0,0.00000000,0.49136276,0.00000000,,114,0,0,1,正常,0,20260917
MOCK_TAG_0052,MOCK_CUST_0052,MOCK_ECIF_0052,上海岳宁食品有限公司,9131011270000052X5,20180122,存续,食品加工、预包装食品销售,198500000.00000000,CNY,111160000.00000000,CNY,私人控股,私营有限责任公司,大型,310000,310100,310112,上海市闵行区联航路132号5幢113室,1086,C,14,149,1499,1,0,0,1,0,0,0,0,0,0,0,0,0,李宁博,MOCK_PERSON_0052,李宁博,MOCK_PERSON_0052,MOCK_ORG_SH_MH_05,MOCK_ORG_SH_MH,MOCK_ORG_SH_MH_05,MOCK_ORG_SH_MH,0,0,0,1,0,0,,,20260627,,,0,0.00000000,0,0,1,0,0,0,0,0,0,20260619,1,1,502356.00000000,1,1,1,0,0,0,0,0.00000000,42.73000000,30.44000000,30.44000000,0,0,0,0,0,0,0,0,0.00000000,0.00000000,0.00000000,0.00000000,0.00000000,0.00000000,0.00000000,0.00000000,0.00000000,20260917,127040000.00000000,90198400.00000000,0.00000000,0.00000000,0,0,0,0,0,0,0,0,0,0,0,0,0,0,0,,0.00000000,,,0,0,0,0,0,0,,0,0,0,0,0,0,0,0,,,0,0,3,0,0.00000000,0.00000000,0.00000000,,1086,0,1,0,正常,0,20260917
MOCK_TAG_0053,MOCK_CUST_0053,MOCK_ECIF_0053,上海岳知食品有限公司,913101147000005382,20101026,存续,食品加工、预包装食品销售,1300000.00000000,CNY,1014000.00000000,CNY,私人控股,私营有限责任公司,小型,310000,310100,310114,上海市嘉定区嘉罗公路133号6幢114室,43,C,14,149,1499,1,0,0,1,0,0,0,0,0,0,0,0,0,李宁博,MOCK_PERSON_0052,周宁博,MOCK_PERSON_0053,MOCK_ORG_SH_JD_06,MOCK_ORG_SH_JD,MOCK_ORG_SH_JD_06,MOCK_ORG_SH_JD,1,1,0,1,0,0,20260704,20250504,20250501,,,93,606516.77000000,31,1,1,0,0,0,0,0,0,20250423,1,1,2556636.00000000,4,0,1,0,0,0,0,663000.64000000,811269.84000000,685308.62000000,685308.62000000,1,0,0,0,0,0,0,0,1401400.00000000,330169.84000000,330169.84000000,1071230.16000000,330169.84000000,478439.04000000,330169.84000000,0.00000000,0.00000000,20260917,2077400.00000000,566769.84000000,1401400.00000000,330169.84000000,0,0,0,0,0,0,0,0,0,0,0,0,0,0,0,,0.00000000,,,0,0,0,0,0,0,,0,0,0,0,0,0,0,0,,,1,0,12,3,223665.90000000,0.67459324,6521.68569892,20260915,43,0,1,0,正常,0,20260917
MOCK_TAG_0054,MOCK_CUST_0054,MOCK_ECIF_0054,上海岳禾信息科技有限公司,91310114700000546W,20081130,存续,软件开发、信息系统集成及技术咨询,3300000.00000000,CNY,1749000.00000000,CNY,私人控股,私营有限责任公司,小型,310000,310100,310114,上海市嘉定区嘉罗公路134号7幢115室,53,I,65,651,6513,1,1,0,1,0,0,0,0,0,0,0,0,0,吴宁博,MOCK_PERSON_0054,吴宁博,MOCK_PERSON_0054,MOCK_ORG_SH_JD_07,MOCK_ORG_SH_JD,MOCK_ORG_SH_JD_07,MOCK_ORG_SH_JD,0,1,0,1,1,0,,20220714,20220711,20220713,,0,0.00000000,0,0,1,1,0,0,0,0,0,20220703,1,1,2338468.00000000,4,0,1,0,0,0,0,4448732.08000000,2426982.33000000,2307891.79000000,2013000.94000000,0,0,0,0,0,0,0,0,0.00000000,0.00000000,0.00000000,0.00000000,0.00000000,0.00000000,0.00000000,0.00000000,0.00000000,20260917,1188000.00000000,451440.00000000,0.00000000,0.00000000,0,0,0,0,0,0,0,0,1,0,0,1,0,0,0,B,2409000.00000000,CNY,嘉禾产业投资07,0,0,0,0,0,0,0–19,0,0,0,0,0,0,0,0,,,1,0,12,0,0.00000000,0.00000000,0.00000000,,53,0,1,1,正常,0,20260917
MOCK_TAG_0055,MOCK_CUST_0055,MOCK_ECIF_0055,上海岳润医疗科技有限公司,91310114700000554P,20130703,存续,医疗器械研发、技术咨询及销售,10400000.00000000,CNY,6656000.00000000,CNY,私人控股,私营有限责任公司,中型,310000,310100,310114,上海市嘉定区嘉罗公路135号8幢116室,120,C,35,358,3589,1,1,0,1,0,0,0,0,0,0,0,0,0,吴宁博,MOCK_PERSON_0054,郑宁博,MOCK_PERSON_0055,MOCK_ORG_SH_JD_08,MOCK_ORG_SH_JD,MOCK_ORG_SH_JD_08,MOCK_ORG_SH_JD,0,0,0,1,1,0,,,20260719,20260721,,0,0.00000000,0,0,1,1,0,0,0,0,0,20260713,1,1,526972.00000000,1,1,1,0,0,1,0,0.00000000,31.34000000,22.32000000,22.32000000,0,0,0,0,0,0,0,0,0.00000000,0.00000000,0.00000000,0.00000000,0.00000000,0.00000000,0.00000000,0.00000000,0.00000000,20260917,6760000.00000000,3312400.00000000,0.00000000,0.00000000,0,0,0,0,0,0,0,0,1,0,0,1,0,0,0,,0.00000000,,,0,0,0,0,0,0,40–59,0,0,0,0,0,0,0,0,,,0,0,3,0,0.00000000,0.00000000,0.00000000,,120,0,1,1,正常,0,20260917
MOCK_TAG_0056,MOCK_CUST_0056,MOCK_ECIF_0056,上海岳森供应链有限公司,91310112700000562M,20070517,存续,仓储服务、国内货物运输代理,2100000.00000000,CNY,819000.00000000,CNY,私人控股,私营有限责任公司,小型,310000,310100,310112,上海市闵行区联航路136号1幢117室,53,G,58,582,5821,1,0,0,1,0,0,0,0,0,0,0,0,0,王宁博,MOCK_PERSON_0056,王宁博,MOCK_PERSON_0056,MOCK_ORG_SH_MH_01,MOCK_ORG_SH_MH,MOCK_ORG_SH_MH_01,MOCK_ORG_SH_MH,1,1,0,1,1,0,20260130,20230303,20230228,20230302,,384,3233283.84000000,48,1,1,1,0,0,0,0,0,20230219,1,1,1774288.00000000,4,0,1,0,0,0,0,2203321.59000000,816297.74000000,652165.33000000,544992.76000000,1,0,0,0,0,0,0,0,3462900.00000000,657258.42000000,657258.42000000,2805641.58000000,657258.42000000,420101.71000000,657258.42000000,0.00000000,0.00000000,20260917,3903900.00000000,979188.42000000,3462900.00000000,657258.42000000,0,1,0,0,0,0,1,0,0,0,0,0,0,0,0,,0.00000000,,,0,0,0,0,0,0,,0,0,0,0,0,0,0,0,,,1,0,12,8,357120.49000000,0.88703604,8420.01000000,20260910,53,0,1,1,正常,0,20260917
MOCK_TAG_0057,MOCK_CUST_0057,MOCK_ECIF_0057,杭州岳远食品有限公司,913301087000005700,20180330,存续,食品加工、预包装食品销售,2700000.00000000,CNY,1431000.00000000,CNY,私人控股,私营有限责任公司,小型,330000,330100,330108,杭州市滨江区江陵路137号2幢118室,22,C,14,149,1499,1,0,0,1,0,0,0,0,0,0,0,0,0,王宁博,MOCK_PERSON_0056,陈宁博,MOCK_PERSON_0057,MOCK_ORG_ZJ_HZ_02,MOCK_ORG_ZJ_HZ,MOCK_ORG_ZJ_HZ_02,MOCK_ORG_ZJ_HZ,1,1,0,0,1,0,20260403,20240915,,20240914,,75,499201.67000000,15,1,0,1,0,0,0,0,0,20240903,1,1,2084468.00000000,4,0,1,0,0,0,0,2912760.22000000,1617798.59000000,1602897.66000000,1566000.12000000,0,0,0,0,0,0,0,0,0.00000000,0.00000000,0.00000000,0.00000000,0.00000000,0.00000000,0.00000000,0.00000000,0.00000000,20260917,702000.00000000,273780.00000000,0.00000000,0.00000000,0,0,0,0,0,0,0,0,0,0,0,0,0,0,0,,0.00000000,,,0,0,0,0,0,0,,0,0,0,0,0,0,0,0,,,1,0,12,5,0.00000000,0.00000000,6656.02226667,20260820,22,0,0,1,正常,0,20260917
MOCK_TAG_0058,MOCK_CUST_0058,MOCK_ECIF_0058,上海岳衡供应链有限公司,91310115700000589Q,20171009,存续,仓储服务、国内货物运输代理,33400000.00000000,CNY,10020000.00000000,CNY,私人控股,私营有限责任公司,中型,310000,310100,310115,上海市浦东新区金海路138号3幢119室,299,G,58,582,5821,1,0,0,1,0,0,0,0,0,0,0,0,0,杨宁博,MOCK_PERSON_0058,杨宁博,MOCK_PERSON_0058,MOCK_ORG_SH_PD_03,MOCK_ORG_SH_PD,MOCK_ORG_SH_PD_03,MOCK_ORG_SH_PD,0,1,0,1,1,0,,20260806,20260803,20260805,,0,0.00000000,0,0,1,1,0,0,0,0,0,20260727,1,1,584948.00000000,1,0,1,0,0,1,0,20374000.62000000,4153161.66000000,2958416.53000000,2958416.53000000,0,0,0,0,0,0,0,0,0.00000000,0.00000000,0.00000000,0.00000000,0.00000000,0.00000000,0.00000000,0.00000000,0.00000000,20260917,25050000.00000000,18787500.00000000,0.00000000,0.00000000,0,0,0,0,0,0,0,0,0,0,0,0,0,0,0,,0.00000000,,,0,0,0,0,0,0,,0,0,0,0,0,0,0,0,,,0,0,2,0,0.00000000,0.00000000,0.00000000,,299,0,1,1,正常,0,20260917
MOCK_TAG_0059,MOCK_CUST_0059,MOCK_ECIF_0059,上海岳昕精密制造有限公司,91310115700000597K,20200613,存续,工业零部件、自动化设备的研发与制造,3000000.00000000,CNY,1230000.00000000,CNY,私人控股,私营有限责任公司,小型,310000,310100,310115,上海市浦东新区金海路139号4幢120室,33,C,34,348,3484,1,0,0,1,0,0,0,0,0,0,0,0,0,杨宁博,MOCK_PERSON_0058,黄宁博,MOCK_PERSON_0059,MOCK_ORG_SH_PD_04,MOCK_ORG_SH_PD,MOCK_ORG_SH_PD_04,MOCK_ORG_SH_PD,1,1,0,1,1,1,20260508,20250630,20250627,20250629,20250701,120,1113843.49000000,24,1,1,1,0,0,0,0,0,20250620,1,1,2456490.00000000,4,0,1,0,0,0,0,780000.83000000,780000.83000000,780000.83000000,780000.83000000,0,0,0,0,0,0,0,0,0.00000000,0.00000000,0.00000000,0.00000000,0.00000000,0.00000000,0.00000000,0.00000000,0.00000000,20260917,1650000.00000000,726000.00000000,0.00000000,0.00000000,0,0,0,0,0,0,0,0,0,0,0,0,0,0,0,,0.00000000,,,0,0,0,0,0,0,,0,0,0,0,0,0,0,0,,,1,0,12,5,240720.76000000,0.00000000,9282.02908333,20260915,33,0,1,1,正常,0,20260917
MOCK_TAG_0060,MOCK_CUST_0060,MOCK_ECIF_0060,上海岳途商贸有限公司,9131011470000060XM,20160620,存续,日用百货、五金及电子产品批发,1700000.00000000,CNY,1445000.00000000,CNY,私人控股,私营有限责任公司,小型,310000,310100,310114,上海市嘉定区嘉罗公路140号5幢101室,77,F,51,513,5135,1,0,0,1,0,0,0,0,0,0,0,0,0,徐宁博,MOCK_PERSON_0060,朱宁博,MOCK_PERSON_0061,MOCK_ORG_SH_JD_05,MOCK_ORG_SH_JD,MOCK_ORG_SH_JD_05,MOCK_ORG_SH_JD,1,0,0,1,0,1,20260208,,20240110,,20240114,525,3926253.91000000,75,1,1,0,0,0,0,0,0,20240101,1,1,2798424.00000000,5,0,1,0,0,0,0,1610921.27000000,827597.27000000,814480.43000000,782000.62000000,0,0,0,0,0,0,0,0,0.00000000,0.00000000,0.00000000,0.00000000,0.00000000,0.00000000,0.00000000,0.00000000,0.00000000,20260917,1020000.00000000,367200.00000000,0.00000000,0.00000000,0,0,0,0,0,0,0,0,0,0,0,0,0,0,0,,0.00000000,,,0,0,0,0,0,0,,0,0,0,0,0,0,0,0,,,1,0,12,7,0.00000000,0.00000000,7478.57887619,20260820,77,0,1,0,正常,0,20260917
MOCK_TAG_0061,MOCK_CUST_0061,MOCK_ECIF_0061,宁波朔川信息科技有限公司,913302127000006186,20150426,存续,软件开发、信息系统集成及技术咨询,1700000.00000000,CNY,697000.00000000,CNY,私人控股,私营有限责任公司,小型,330000,330200,330212,宁波市鄞州区首南东路141号6幢102室,36,I,65,651,6513,1,1,0,1,0,0,0,0,0,0,0,0,0,朱宁博,MOCK_PERSON_0061,徐宁博,MOCK_PERSON_0060,MOCK_ORG_ZJ_NB_06,MOCK_ORG_ZJ_NB,MOCK_ORG_ZJ_NB_06,MOCK_ORG_ZJ_NB,0,1,0,1,0,0,,20240307,20240304,,,0,0.00000000,0,0,1,0,0,1,0,0,0,20240223,1,1,2194562.00000000,4,0,1,0,0,0,0,323000.43000000,434763.22000000,309694.35000000,309694.35000000,1,0,0,0,0,0,0,0,1326000.00000000,350859.60000000,350859.60000000,975140.40000000,350859.60000000,434870.37000000,350859.60000000,0.00000000,0.00000000,20260917,1445000.00000000,377039.60000000,1326000.00000000,350859.60000000,0,0,0,0,0,0,0,0,1,0,0,1,0,0,0,,0.00000000,,,0,0,0,0,0,0,40–59,0,0,0,0,0,0,0,0,,,1,0,12,0,0.00000000,0.91764706,0.00000000,,36,0,1,0,正常,0,20260917
MOCK_TAG_0062,MOCK_CUST_0062,MOCK_ECIF_0062,上海朔原供应链有限公司,91310114700000626G,20070316,存续,仓储服务、国内货物运输代理,500000.00000000,CNY,310000.00000000,CNY,私人控股,私营有限责任公司,小型,310000,310100,310114,上海市嘉定区嘉罗公路142号7幢103室,28,G,58,582,5821,1,0,0,1,0,0,0,0,0,0,0,0,0,胡宁博,MOCK_PERSON_0062,林宁博,MOCK_PERSON_0063,MOCK_ORG_SH_JD_07,MOCK_ORG_SH_JD,MOCK_ORG_SH_JD_07,MOCK_ORG_SH_JD,1,0,0,1,1,0,20260523,,20240626,20240628,,88,672323.44000000,22,1,1,1,0,0,0,0,0,20240622,1,1,2986836.00000000,5,0,1,0,0,0,0,105000.52000000,346093.57000000,246532.41000000,246532.41000000,1,0,0,0,0,0,0,0,539000.00000000,407484.00000000,407484.00000000,131516.00000000,407484.00000000,347256.97000000,407484.00000000,0.00000000,0.00000000,20260917,614000.00000000,429984.00000000,539000.00000000,407484.00000000,0,0,0,0,0,0,0,0,0,0,0,0,0,0,0,,0.00000000,,,0,0,0,0,0,0,,0,0,0,0,0,0,0,0,,,1,0,12,4,151360.99000000,0.87785016,7640.03909091,20260905,28,0,1,1,正常,0,20260917
MOCK_TAG_0063,MOCK_CUST_0063,MOCK_ECIF_0063,上海朔辰商贸有限公司,91310114700000634B,20080627,存续,日用百货、五金及电子产品批发,500000.00000000,CNY,460000.00000000,CNY,私人控股,私营有限责任公司,小型,310000,310100,310114,上海市嘉定区嘉罗公路143号8幢104室,70,F,51,513,5135,1,0,0,1,0,0,0,0,0,0,0,0,0,林宁博,MOCK_PERSON_0063,胡宁博,MOCK_PERSON_0062,MOCK_ORG_SH_JD_08,MOCK_ORG_SH_JD,MOCK_ORG_SH_JD_08,MOCK_ORG_SH_JD,1,1,0,0,0,1,20251015,20240509,,,20240510,583,4698456.25000000,53,1,0,0,0,0,0,0,0,20240503,1,1,2327228.00000000,4,0,1,0,0,0,0,110000.07000000,147332.66000000,118314.89000000,118314.89000000,1,0,0,0,0,0,0,0,427500.00000000,84303.00000000,84303.00000000,343197.00000000,84303.00000000,121635.59000000,84303.00000000,0.00000000,0.00000000,20260917,767500.00000000,165903.00000000,427500.00000000,84303.00000000,0,1,0,0,0,0,1,0,0,0,0,0,0,0,0,,0.00000000,,,0,0,0,0,0,0,,0,0,0,0,0,0,0,0,,,1,0,12,11,0.00000000,0.55700326,8059.10162950,20260825,70,0,0,0,正常,0,20260917
MOCK_TAG_0064,MOCK_CUST_0064,MOCK_ECIF_0064,上海朔宁精密制造有限公司,913101147000006426,20070719,存续,工业零部件、自动化设备的研发与制造,34200000.00000000,CNY,16416000.00000000,CNY,私人控股,私营有限责任公司,中型,310000,310100,310114,上海市嘉定区嘉罗公路144号1幢105室,169,C,34,348,3484,1,0,0,1,0,0,0,0,0,0,0,0,0,何宁博,MOCK_PERSON_0064,赵文博,MOCK_PERSON_0065,MOCK_ORG_SH_JD_01,MOCK_ORG_SH_JD,MOCK_ORG_SH_JD_01,MOCK_ORG_SH_JD,1,1,0,1,1,0,20260411,20230311,20230308,20230310,,690,6240362.84000000,138,1,1,1,0,0,0,0,0,20230306,1,1,1456810.00000000,3,0,1,0,0,1,0,21888000.79000000,23256011.10000000,18637521.70000000,18637521.70000000,1,0,0,0,1,0,0,0,30369600.00000000,14686738.56000000,14686738.56000000,15682861.44000000,14686738.56000000,16054748.87000000,14686738.56000000,0.00000000,0.00000000,20260917,46785600.00000000,17641618.56000000,30369600.00000000,14686738.56000000,0,0,0,0,0,0,0,0,0,0,0,0,0,0,0,,0.00000000,,,0,0,0,0,0,0,,0,0,0,0,0,0,0,0,,,1,0,12,5,0.00000000,0.64912281,9044.00411594,20260825,169,0,1,1,正常,0,20260917
MOCK_TAG_0065,MOCK_CUST_0065,MOCK_ECIF_0065,上海朔知食品有限公司,913101127000006504,20110327,存续,食品加工、预包装食品销售,3800000.00000000,CNY,3268000.00000000,CNY,私人控股,私营有限责任公司,小型,310000,310100,310112,上海市闵行区联航路145号2幢106室,71,C,14,149,1499,1,0,0,1,0,0,0,0,0,0,0,0,0,赵文博,MOCK_PERSON_0065,何宁博,MOCK_PERSON_0064,MOCK_ORG_SH_MH_02,MOCK_ORG_SH_MH,MOCK_ORG_SH_MH_02,MOCK_ORG_SH_MH,0,1,0,1,1,0,,20240409,20240406,20240408,,0,0.00000000,0,0,1,1,0,0,0,0,0,20240330,1,1,2392920.00000000,4,0,1,0,0,0,0,114000.13000000,1342712.77000000,956452.93000000,956452.93000000,1,0,0,0,0,0,0,0,4199000.00000000,1289932.80000000,1289932.80000000,2909067.20000000,1289932.80000000,1347235.58000000,1289932.80000000,0.00000000,0.00000000,20260917,4199000.00000000,1289932.80000000,4199000.00000000,1289932.80000000,0,0,0,0,0,0,0,0,0,0,0,0,0,0,0,,0.00000000,,,0,0,0,0,0,0,,0,0,0,0,0,0,0,0,,,1,0,12,0,0.00000000,1.00000000,0.00000000,,71,0,1,1,正常,0,20260917
MOCK_TAG_0066,MOCK_CUST_0066,MOCK_ECIF_0066,杭州朔禾精密制造有限公司,91330108700000669G,20180102,存续,工业零部件、自动化设备的研发与制造,144200000.00000000,CNY,131222000.00000000,CNY,私人控股,私营有限责任公司,大型,330000,330100,330108,杭州市滨江区江陵路146号3幢107室,569,C,34,348,3484,1,0,0,1,0,0,0,0,0,0,0,0,0,钱文博,MOCK_PERSON_0066,钱文博,MOCK_PERSON_0066,MOCK_ORG_ZJ_HZ_03,MOCK_ORG_ZJ_HZ,MOCK_ORG_ZJ_HZ_03,MOCK_ORG_ZJ_HZ,0,1,0,1,1,0,,20241222,20241219,20241221,,0,0.00000000,0,0,1,1,0,0,0,0,0,20241212,1,1,2282060.00000000,3,0,1,0,0,0,0,74984000.43000000,114535139.45000000,103157414.53000000,103157414.53000000,1,0,0,0,0,0,0,0,218174600.00000000,0.00000000,0.00000000,218174600.00000000,0.00000000,39551139.02000000,0.00000000,0.00000000,0.00000000,20260917,324882600.00000000,60823560.00000000,218174600.00000000,0.00000000,0,0,0,0,0,0,0,0,0,0,0,0,0,0,0,,0.00000000,,,0,0,0,0,0,0,,0,0,0,0,0,0,0,0,MOCK_GROUP_37,产业集团37,1,0,12,0,0.00000000,0.67154905,0.00000000,,569,0,1,1,正常,0,20260917
MOCK_TAG_0067,MOCK_CUST_0067,MOCK_ECIF_0067,上海朔润医疗科技有限公司,91310114700000677Q,20120128,存续,医疗器械研发、技术咨询及销售,2700000.00000000,CNY,2241000.00000000,CNY,私人控股,私营有限责任公司,小型,310000,310100,310114,上海市嘉定区嘉罗公路147号4幢108室,53,C,35,358,3589,1,1,0,1,0,0,0,0,0,0,0,0,0,孙文博,MOCK_PERSON_0067,李文博,MOCK_PERSON_0068,MOCK_ORG_SH_JD_04,MOCK_ORG_SH_JD,MOCK_ORG_SH_JD_04,MOCK_ORG_SH_JD,1,1,0,1,1,0,20260430,20240217,20240214,20240216,,148,1664632.40000000,37,1,1,1,0,0,0,0,0,20240209,1,1,1566156.00000000,3,0,1,0,0,0,0,783000.44000000,687420.02000000,489669.06000000,489669.06000000,1,0,0,0,0,0,0,0,2894400.00000000,856163.52000000,856163.52000000,2038236.48000000,856163.52000000,687701.42000000,856163.52000000,0.00000000,0.00000000,20260917,3056400.00000000,946883.52000000,2894400.00000000,856163.52000000,0,0,0,0,0,0,0,0,0,0,0,1,0,0,0,,0.00000000,,,0,0,0,0,0,0,20–39,0,0,0,0,0,0,0,0,,,1,0,12,4,0.00000000,0.94699647,11247.51621622,20260820,53,0,1,1,正常,0,20260917
MOCK_TAG_0068,MOCK_CUST_0068,MOCK_ECIF_0068,上海朔森商贸有限公司,913101157000006852,20110902,存续,日用百货、五金及电子产品批发,3200000.00000000,CNY,2304000.00000000,CNY,私人控股,私营有限责任公司,小型,310000,310100,310115,上海市浦东新区金海路148号5幢109室,66,F,51,513,5135,1,0,0,1,0,0,0,0,0,0,0,0,0,李文博,MOCK_PERSON_0068,孙文博,MOCK_PERSON_0067,MOCK_ORG_SH_PD_05,MOCK_ORG_SH_PD,MOCK_ORG_SH_PD_05,MOCK_ORG_SH_PD,1,1,0,1,0,1,20251214,20241113,20241110,,20241114,468,3611405.28000000,52,1,1,0,0,0,0,0,0,20241102,1,1,2214776.00000000,4,0,1,0,0,0,0,96000.00000000,946207.31000000,674010.69000000,674010.69000000,1,0,0,0,0,0,0,0,3686400.00000000,503193.60000000,503193.60000000,3183206.40000000,503193.60000000,947773.44000000,503193.60000000,0.00000000,0.00000000,20260917,4934400.00000000,1339353.60000000,3686400.00000000,503193.60000000,0,0,0,0,0,0,0,0,0,0,0,0,0,0,0,,0.00000000,,,0,0,0,0,0,0,,0,0,0,0,0,0,0,0,,,1,0,12,9,0.00000000,0.74708171,7716.67794872,20260825,66,0,1,0,正常,0,20260917
MOCK_TAG_0069,MOCK_CUST_0069,MOCK_ECIF_0069,上海朔远食品有限公司,91310115700000693W,20120825,存续,食品加工、预包装食品销售,49000000.00000000,CNY,15190000.00000000,CNY,私人控股,私营有限责任公司,中型,310000,310100,310115,上海市浦东新区金海路149号6幢110室,302,C,14,149,1499,1,0,0,1,0,0,0,0,0,0,0,0,0,周文博,MOCK_PERSON_0069,郑文博,MOCK_PERSON_0071,MOCK_ORG_SH_PD_06,MOCK_ORG_SH_PD,MOCK_ORG_SH_PD_06,MOCK_ORG_SH_PD,0,0,0,1,0,0,,,20240403,,,0,0.00000000,0,0,1,0,0,0,0,0,0,20240330,1,1,2384372.00000000,4,0,1,0,0,1,0,39381301.66000000,26677598.82000000,25628289.85000000,23030000.97000000,0,0,0,0,0,0,0,0,0.00000000,0.00000000,0.00000000,0.00000000,0.00000000,0.00000000,0.00000000,0.00000000,0.00000000,20260917,25480000.00000000,7134400.00000000,0.00000000,0.00000000,0,0,0,0,0,0,0,0,0,0,0,0,0,0,0,,0.00000000,,,0,0,0,0,0,0,,0,0,0,0,0,0,0,0,,,1,0,12,0,0.00000000,0.00000000,0.00000000,,302,0,1,0,正常,0,20260917
MOCK_TAG_0070,MOCK_CUST_0070,MOCK_ECIF_0070,上海朔衡商贸有限公司,913101127000007067,20200702,存续,日用百货、五金及电子产品批发,300000.00000000,CNY,102000.00000000,CNY,私人控股,私营有限责任公司,小型,310000,310100,310112,上海市闵行区联航路150号7幢111室,71,F,51,513,5135,1,0,0,1,0,0,0,0,0,0,0,0,0,吴文博,MOCK_PERSON_0070,吴文博,MOCK_PERSON_0070,MOCK_ORG_SH_MH_07,MOCK_ORG_SH_MH,MOCK_ORG_SH_MH_07,MOCK_ORG_SH_MH,1,0,0,1,1,0,20260329,,20231013,20231015,,390,3163876.95000000,65,1,1,1,0,0,0,0,0,20231007,1,1,2432826.00000000,4,0,1,0,0,0,0,192000.75000000,227099.63000000,179323.45000000,179323.45000000,1,0,0,0,0,0,0,0,418200.00000000,130980.24000000,130980.24000000,287219.76000000,130980.24000000,166079.12000000,130980.24000000,0.00000000,0.00000000,20260917,589200.00000000,185700.24000000,418200.00000000,130980.24000000,0,1,0,0,0,0,1,0,0,0,0,0,0,0,0,,0.00000000,,,0,0,0,0,0,0,,0,0,0,0,0,0,0,0,MOCK_GROUP_04,产业集团04,1,0,12,6,560625.65000000,0.70977597,8112.50500000,20260910,71,0,1,1,正常,0,20260917
MOCK_TAG_0071,MOCK_CUST_0071,MOCK_ECIF_0071,宁波朔昕医疗科技有限公司,91330212700000714F,20191210,存续,医疗器械研发、技术咨询及销售,2600000.00000000,CNY,1664000.00000000,CNY,私人控股,私营有限责任公司,小型,330000,330200,330212,宁波市鄞州区首南东路151号8幢112室,71,C,35,358,3589,1,1,0,1,0,0,0,0,0,0,0,0,0,郑文博,MOCK_PERSON_0071,周文博,MOCK_PERSON_0069,MOCK_ORG_ZJ_NB_08,MOCK_ORG_ZJ_NB,MOCK_ORG_ZJ_NB_08,MOCK_ORG_ZJ_NB,1,1,0,1,1,0,20251123,20230810,20230807,20230809,,580,6609687.85000000,58,1,1,1,0,1,0,0,0,20230805,1,1,2704674.00000000,4,0,1,0,0,0,0,104000.21000000,1218112.00000000,867696.22000000,867696.22000000,1,0,0,0,0,0,0,0,3588000.00000000,1399320.00000000,1399320.00000000,2188680.00000000,1399320.00000000,1223094.00000000,1399320.00000000,0.00000000,0.00000000,20260917,5278000.00000000,2295020.00000000,3588000.00000000,1399320.00000000,0,0,0,0,0,0,0,0,0,0,0,1,0,0,0,,0.00000000,,,0,0,0,0,0,0,0–19,0,0,0,0,0,0,0,0,,,1,0,12,10,580580.75000000,0.67980296,11396.01353448,20260905,71,0,1,1,正常,0,20260917
MOCK_TAG_0072,MOCK_CUST_0072,MOCK_ECIF_0072,上海朔途供应链有限公司,913101157000007228,20081006,存续,仓储服务、国内货物运输代理,23800000.00000000,CNY,12376000.00000000,CNY,私人控股,私营有限责任公司,中型,310000,310100,310115,上海市浦东新区金海路152号1幢113室,479,G,58,582,5821,1,0,0,1,0,0,0,0,0,0,0,0,0,王文博,MOCK_PERSON_0072,王文博,MOCK_PERSON_0072,MOCK_ORG_SH_PD_01,MOCK_ORG_SH_PD,MOCK_ORG_SH_PD_01,MOCK_ORG_SH_PD,0,0,0,1,1,0,,,20240914,20240916,,0,0.00000000,0,0,1,1,0,0,0,0,0,20240913,1,1,1942550.00000000,4,0,1,0,0,1,0,31073280.55000000,15839522.74000000,15664756.00000000,15232000.27000000,0,0,0,0,0,0,0,0,0.00000000,0.00000000,0.00000000,0.00000000,0.00000000,0.00000000,0.00000000,0.00000000,0.00000000,20260917,7378000.00000000,2360960.00000000,0.00000000,0.00000000,0,0,0,0,0,0,0,0,0,0,0,0,0,0,0,,0.00000000,,,0,0,0,0,0,0,,0,0,0,0,0,0,0,0,MOCK_GROUP_03,产业集团03,1,0,12,0,0.00000000,0.00000000,0.00000000,,479,0,1,1,正常,0,20260917
MOCK_TAG_0073,MOCK_CUST_0073,MOCK_ECIF_0073,上海翊川信息科技有限公司,913101157000007303,20100906,存续,软件开发、信息系统集成及技术咨询,2900000.00000000,CNY,1131000.00000000,CNY,私人控股,私营有限责任公司,小型,310000,310100,310115,上海市浦东新区金海路153号2幢114室,9,I,65,651,6513,1,1,0,1,0,0,0,0,0,0,0,0,0,陈文博,MOCK_PERSON_0073,杨文博,MOCK_PERSON_0074,MOCK_ORG_SH_PD_02,MOCK_ORG_SH_PD,MOCK_ORG_SH_PD_02,MOCK_ORG_SH_PD,1,1,0,1,0,0,20260223,20240118,20240115,,,42,530253.87000000,6,1,1,0,0,0,0,0,0,20240114,1,1,2670254.00000000,4,0,1,0,0,0,0,1276000.33000000,1260289.13000000,1057289.12000000,1057289.12000000,1,0,0,0,0,0,0,0,2349000.00000000,721377.90000000,721377.90000000,1627622.10000000,721377.90000000,705666.70000000,721377.90000000,0.00000000,0.00000000,20260917,3973000.00000000,1046177.90000000,2349000.00000000,721377.90000000,0,0,0,0,0,0,0,0,0,0,0,1,0,0,0,,0.00000000,,,0,0,0,0,0,0,40–59,0,0,0,0,0,0,0,0,,,1,0,12,7,82500.55000000,0.59124088,12625.09214286,20260905,9,0,1,0,正常,0,20260917
MOCK_TAG_0074,MOCK_CUST_0074,MOCK_ECIF_0074,上海翊原商贸有限公司,91310112700000749L,20120813,存续,日用百货、五金及电子产品批发,1600000.00000000,CNY,1104000.00000000,CNY,私人控股,私营有限责任公司,小型,310000,310100,310112,上海市闵行区联航路154号3幢115室,84,F,51,513,5135,1,0,0,1,0,0,0,0,0,0,0,0,0,杨文博,MOCK_PERSON_0074,陈文博,MOCK_PERSON_0073,MOCK_ORG_SH_MH_03,MOCK_ORG_SH_MH,MOCK_ORG_SH_MH_03,MOCK_ORG_SH_MH,1,0,0,1,0,1,20260205,,20230212,,20230216,469,3778804.15000000,67,1,1,0,0,0,0,0,0,20230209,1,1,2459092.00000000,4,0,1,0,0,0,0,528000.36000000,536753.84000000,382345.20000000,382345.20000000,1,0,0,0,0,0,0,0,1590400.00000000,818737.92000000,818737.92000000,771662.08000000,818737.92000000,537872.06000000,818737.92000000,0.00000000,0.00000000,20260917,2614400.00000000,1310257.92000000,1590400.00000000,818737.92000000,0,0,0,0,0,0,0,0,0,0,0,0,0,0,0,,0.00000000,,,0,0,0,0,0,0,,0,0,0,0,0,0,0,0,,,1,0,12,7,0.00000000,0.60832313,8057.15170576,20260820,84,0,1,0,正常,0,20260917
MOCK_TAG_0075,MOCK_CUST_0075,MOCK_ECIF_0075,上海翊辰医疗科技有限公司,91310114700000757C,20220628,存续,医疗器械研发、技术咨询及销售,2700000.00000000,CNY,1323000.00000000,CNY,私人控股,私营有限责任公司,小型,310000,310100,310114,上海市嘉定区嘉罗公路155号4幢116室,22,C,35,358,3589,1,1,0,1,0,0,0,0,0,0,0,0,0,黄文博,MOCK_PERSON_0075,徐文博,MOCK_PERSON_0076,MOCK_ORG_SH_JD_04,MOCK_ORG_SH_JD,MOCK_ORG_SH_JD_04,MOCK_ORG_SH_JD,1,0,0,0,1,0,20251113,,,20230905,,190,2185099.24000000,19,1,0,1,0,0,0,0,0,20230826,1,1,2195820.00000000,4,0,1,0,0,0,0,756000.03000000,1171176.75000000,1051742.35000000,1051742.35000000,1,0,0,0,0,0,0,0,1798200.00000000,0.00000000,0.00000000,1798200.00000000,0.00000000,415176.72000000,0.00000000,0.00000000,0.00000000,20260917,3580200.00000000,1069200.00000000,1798200.00000000,0.00000000,0,0,0,0,0,0,0,0,1,0,0,1,0,0,0,A,1809000.00000000,CNY,嘉禾产业投资04,0,0,0,0,0,0,0–19,0,0,0,0,0,0,0,0,,,1,0,12,10,0.00000000,0.50226244,11500.52231579,20260825,22,0,0,1,正常,0,20260917
MOCK_TAG_0076,MOCK_CUST_0076,MOCK_ECIF_0076,苏州翊宁供应链有限公司,91320571700000765H,20130921,存续,仓储服务、国内货物运输代理,3200000.00000000,CNY,1728000.00000000,CNY,私人控股,私营有限责任公司,小型,320000,320500,320571,苏州市工业园区星湖街156号5幢117室,52,G,58,582,5821,1,0,0,1,0,0,0,0,0,0,0,0,0,徐文博,MOCK_PERSON_0076,黄文博,MOCK_PERSON_0075,MOCK_ORG_JS_SZ_05,MOCK_ORG_JS_SZ,MOCK_ORG_JS_SZ_05,MOCK_ORG_JS_SZ,1,1,0,0,1,0,20251015,20241231,,20241230,,396,3539526.86000000,36,1,0,1,0,0,0,0,0,20241218,1,1,1914560.00000000,4,0,1,0,0,0,0,1984000.82000000,1621734.75000000,1279507.56000000,1279507.56000000,1,0,0,0,0,0,0,0,3430400.00000000,1551912.96000000,1551912.96000000,1878487.04000000,1551912.96000000,1189646.89000000,1551912.96000000,0.00000000,0.00000000,20260917,4998400.00000000,1881192.96000000,3430400.00000000,1551912.96000000,0,0,0,0,0,0,0,0,0,0,0,0,0,0,0,,0.00000000,,,0,0,0,0,0,0,,0,0,0,0,0,0,0,0,,,1,0,12,11,0.00000000,0.68629962,8938.19914141,20260825,52,0,0,1,正常,0,20260917
MOCK_TAG_0077,MOCK_CUST_0077,MOCK_ECIF_0077,宁波翊知商贸有限公司,91330212700000773J,20190305,存续,日用百货、五金及电子产品批发,20700000.00000000,CNY,12627000.00000000,CNY,私人控股,私营有限责任公司,中型,330000,330200,330212,宁波市鄞州区首南东路157号6幢118室,415,F,51,513,5135,1,0,0,1,0,0,0,0,0,0,0,0,0,朱文博,MOCK_PERSON_0077,林文博,MOCK_PERSON_0079,MOCK_ORG_ZJ_NB_06,MOCK_ORG_ZJ_NB,MOCK_ORG_ZJ_NB_06,MOCK_ORG_ZJ_NB,1,1,0,1,0,1,20251228,20220730,20220727,,20220731,3546,28412329.51000000,394,1,1,0,0,0,0,0,0,20220722,1,1,1892324.00000000,3,0,1,0,0,1,0,12006000.20000000,15967766.63000000,12675969.96000000,12675969.96000000,1,0,0,0,0,0,0,0,25502400.00000000,14253291.36000000,14253291.36000000,11249108.64000000,14253291.36000000,15976410.05000000,14253291.36000000,0.00000000,0.00000000,20260917,38129400.00000000,22839651.36000000,25502400.00000000,14253291.36000000,0,1,0,0,0,0,1,0,0,0,0,0,0,0,0,,0.00000000,,,0,0,0,0,0,0,,0,0,0,0,0,0,0,0,,,1,0,12,9,2807250.02000000,0.66883822,8012.50127186,20260905,415,0,1,0,正常,0,20260917
MOCK_TAG_0078,MOCK_CUST_0078,MOCK_ECIF_0078,上海翊禾医疗科技有限公司,91310115700000781B,20080830,存续,医疗器械研发、技术咨询及销售,2000000.00000000,CNY,1020000.00000000,CNY,私人控股,私营有限责任公司,小型,310000,310100,310115,上海市浦东新区金海路158号7幢119室,74,C,35,358,3589,1,1,0,1,0,0,0,0,0,0,0,0,0,胡文博,MOCK_PERSON_0078,胡文博,MOCK_PERSON_0078,MOCK_ORG_SH_PD_07,MOCK_ORG_SH_PD,MOCK_ORG_SH_PD_07,MOCK_ORG_SH_PD,0,0,0,1,0,0,,,20260529,,,0,0.00000000,0,0,1,0,0,0,0,0,0,20260528,1,1,535292.00000000,1,1,1,0,0,0,0,0.00000000,53.18000000,37.88000000,37.88000000,0,0,0,0,0,0,0,0,0.00000000,0.00000000,0.00000000,0.00000000,0.00000000,0.00000000,0.00000000,0.00000000,0.00000000,20260917,1540000.00000000,277200.00000000,0.00000000,0.00000000,0,0,0,0,0,0,0,0,1,0,0,1,0,0,0,,0.00000000,,,0,0,0,0,0,0,0–19,0,0,0,0,0,0,0,0,MOCK_GROUP_25,产业集团25,0,0,4,0,0.00000000,0.00000000,0.00000000,,74,0,1,0,正常,0,20260917
MOCK_TAG_0079,MOCK_CUST_0079,MOCK_ECIF_0079,宁波翊润信息科技有限公司,9133021270000079X5,20170224,存续,软件开发、信息系统集成及技术咨询,1800000.00000000,CNY,1422000.00000000,CNY,私人控股,私营有限责任公司,小型,330000,330200,330212,宁波市鄞州区首南东路159号8幢120室,62,I,65,651,6513,1,1,0,1,0,0,0,0,0,0,0,0,0,林文博,MOCK_PERSON_0079,朱文博,MOCK_PERSON_0077,MOCK_ORG_ZJ_NB_08,MOCK_ORG_ZJ_NB,MOCK_ORG_ZJ_NB_08,MOCK_ORG_ZJ_NB,0,0,0,1,1,0,,,20260622,20260624,,0,0.00000000,0,0,1,1,0,0,0,0,0,20260613,1,1,883634.00000000,2,1,1,0,0,0,0,0.00000000,45.58000000,32.47000000,32.47000000,0,0,0,0,0,0,0,0,0.00000000,0.00000000,0.00000000,0.00000000,0.00000000,0.00000000,0.00000000,0.00000000,0.00000000,20260917,18000.00000000,3240.00000000,0.00000000,0.00000000,0,0,0,0,0,0,0,0,1,0,0,1,0,0,0,,0.00000000,,,0,0,0,0,0,0,60–79,0,0,0,0,0,0,0,0,,,0,0,4,0,0.00000000,0.00000000,0.00000000,,62,0,1,1,正常,0,20260917
MOCK_TAG_0080,MOCK_CUST_0080,MOCK_ECIF_0080,苏州翊森食品有限公司,91320571700000802P,20210309,存续,食品加工、预包装食品销售,3400000.00000000,CNY,1530000.00000000,CNY,私人控股,私营有限责任公司,小型,320000,320500,320571,苏州市工业园区星湖街160号1幢101室,38,C,14,149,1499,1,0,0,1,0,0,0,0,0,0,0,0,0,何文博,MOCK_PERSON_0080,赵昕博,MOCK_PERSON_0081,MOCK_ORG_JS_SZ_01,MOCK_ORG_JS_SZ,MOCK_ORG_JS_SZ_01,MOCK_ORG_JS_SZ,1,1,0,0,0,0,20251111,20240408,,,,360,2531886.86000000,36,1,0,0,0,0,0,0,0,20240401,1,1,2385086.00000000,4,0,1,0,0,0,0,2475201.19000000,1778880.86000000,1775750.99000000,1768000.85000000,0,0,0,0,0,0,0,0,0.00000000,0.00000000,0.00000000,0.00000000,0.00000000,0.00000000,0.00000000,0.00000000,0.00000000,20260917,1938000.00000000,310080.00000000,0.00000000,0.00000000,0,0,0,0,0,0,0,0,0,0,0,0,0,0,0,,0.00000000,,,0,0,0,0,0,0,,0,0,0,0,0,0,0,0,,,1,0,12,10,0.00000000,0.00000000,7033.01905556,20260820,38,0,0,0,正常,0,20260917
MOCK_TAG_0081,MOCK_CUST_0081,MOCK_ECIF_0081,宁波翊远食品有限公司,91330212700000810Q,20180924,存续,食品加工、预包装食品销售,900000.00000000,CNY,774000.00000000,CNY,私人控股,私营有限责任公司,小型,330000,330200,330212,宁波市鄞州区首南东路161号2幢102室,83,C,14,149,1499,1,0,0,1,0,0,0,0,0,0,0,0,0,赵昕博,MOCK_PERSON_0081,何文博,MOCK_PERSON_0080,MOCK_ORG_ZJ_NB_02,MOCK_ORG_ZJ_NB,MOCK_ORG_ZJ_NB_02,MOCK_ORG_ZJ_NB,0,0,0,1,0,0,,,20230426,,,0,0.00000000,0,0,1,0,0,1,0,0,0,20230421,1,1,2365226.00000000,4,0,1,0,0,0,0,152461.55000000,73332.75000000,70360.50000000,63000.64000000,0,0,0,0,0,0,0,0,0.00000000,0.00000000,0.00000000,0.00000000,0.00000000,0.00000000,0.00000000,0.00000000,0.00000000,20260917,522000.00000000,151380.00000000,0.00000000,0.00000000,0,0,0,0,0,0,0,0,0,0,0,0,0,0,0,,0.00000000,,,0,0,0,0,0,0,,0,0,0,0,0,0,0,0,,,1,0,12,0,0.00000000,0.00000000,0.00000000,,83,0,1,0,正常,0,20260917
MOCK_TAG_0082,MOCK_CUST_0082,MOCK_ECIF_0082,上海翊衡供应链有限公司,91310115700000829K,20210716,存续,仓储服务、国内货物运输代理,2900000.00000000,CNY,1537000.00000000,CNY,私人控股,私营有限责任公司,小型,310000,310100,310115,上海市浦东新区金海路162号3幢103室,59,G,58,582,5821,1,0,0,1,0,0,0,0,0,0,0,0,0,钱昕博,MOCK_PERSON_0082,钱昕博,MOCK_PERSON_0082,MOCK_ORG_SH_PD_03,MOCK_ORG_SH_PD,MOCK_ORG_SH_PD_03,MOCK_ORG_SH_PD,1,1,0,1,0,0,20260601,20240909,20240906,,,200,1572002.73000000,50,1,1,0,0,0,0,0,0,20240831,1,1,1991208.00000000,3,0,1,0,0,0,0,232000.75000000,920819.17000000,655925.99000000,655925.99000000,1,0,0,0,0,0,0,0,2992800.00000000,1369505.28000000,1369505.28000000,1623294.72000000,1369505.28000000,925194.19000000,1369505.28000000,0.00000000,0.00000000,20260917,4297800.00000000,1761005.28000000,2992800.00000000,1369505.28000000,0,0,0,0,0,0,0,0,0,0,0,0,0,0,0,,0.00000000,,,0,0,0,0,0,0,,0,0,0,0,0,0,0,0,MOCK_GROUP_02,产业集团02,1,0,12,4,448000.64000000,0.69635628,7860.01365000,20260910,59,0,1,0,正常,0,20260917
MOCK_TAG_0083,MOCK_CUST_0083,MOCK_ECIF_0083,上海翊昕医疗科技有限公司,91310115700000837E,20100803,存续,医疗器械研发、技术咨询及销售,25900000.00000000,CNY,20461000.00000000,CNY,私人控股,私营有限责任公司,中型,310000,310100,310115,上海市浦东新区金海路163号4幢104室,178,C,35,358,3589,1,1,0,1,0,0,0,0,0,0,0,0,0,孙昕博,MOCK_PERSON_0083,李昕博,MOCK_PERSON_0084,MOCK_ORG_SH_PD_04,MOCK_ORG_SH_PD,MOCK_ORG_SH_PD_04,MOCK_ORG_SH_PD,1,1,0,1,1,0,20251030,20240529,20240526,20240528,,1859,21099655.70000000,169,1,1,1,0,0,0,0,0,20240517,1,1,1794928.00000000,4,0,1,0,0,1,0,16317000.59000000,16036655.70000000,14219412.24000000,14219412.24000000,1,0,0,0,0,0,0,0,25641000.00000000,6597429.30000000,6597429.30000000,19043570.70000000,6597429.30000000,6317084.41000000,6597429.30000000,0.00000000,0.00000000,20260917,28231000.00000000,7193129.30000000,25641000.00000000,6597429.30000000,0,0,0,0,0,0,0,0,1,0,0,1,0,0,0,,0.00000000,,,0,0,0,0,0,0,20–39,0,0,0,0,0,0,0,0,,,1,0,12,11,1859000.97000000,0.90825688,11350.00306616,20260910,178,0,1,1,正常,0,20260917
MOCK_TAG_0084,MOCK_CUST_0084,MOCK_ECIF_0084,上海翊途供应链有限公司,91310114700000845T,20220807,存续,仓储服务、国内货物运输代理,3100000.00000000,CNY,1457000.00000000,CNY,私人控股,私营有限责任公司,小型,310000,310100,310114,上海市嘉定区嘉罗公路164号5幢105室,72,G,58,582,5821,1,0,0,1,0,0,0,0,0,0,0,0,0,李昕博,MOCK_PERSON_0084,孙昕博,MOCK_PERSON_0083,MOCK_ORG_SH_JD_05,MOCK_ORG_SH_JD,MOCK_ORG_SH_JD_05,MOCK_ORG_SH_JD,0,1,0,1,1,0,,20260621,20260618,20260620,,0,0.00000000,0,0,1,1,0,0,0,0,0,20260609,1,1,1031054.00000000,1,1,1,0,0,0,0,0.00000000,47.48000000,33.82000000,33.82000000,0,0,0,0,0,0,0,0,0.00000000,0.00000000,0.00000000,0.00000000,0.00000000,0.00000000,0.00000000,0.00000000,0.00000000,20260917,1922000.00000000,1191640.00000000,0.00000000,0.00000000,0,0,0,0,0,0,0,0,0,0,0,0,0,0,0,,0.00000000,,,0,0,0,0,0,0,,0,0,0,0,0,0,0,0,,,0,0,4,0,0.00000000,0.00000000,0.00000000,,72,0,1,1,正常,0,20260917
MOCK_TAG_0085,MOCK_CUST_0085,MOCK_ECIF_0085,宁波璟川食品有限公司,913302127000008536,20120304,存续,食品加工、预包装食品销售,600000.00000000,CNY,324000.00000000,CNY,私人控股,私营有限责任公司,小型,330000,330200,330212,宁波市鄞州区首南东路165号6幢106室,24,C,14,149,1499,1,0,0,1,0,0,0,0,0,0,0,0,0,周昕博,MOCK_PERSON_0085,吴昕博,MOCK_PERSON_0086,MOCK_ORG_ZJ_NB_06,MOCK_ORG_ZJ_NB,MOCK_ORG_ZJ_NB_06,MOCK_ORG_ZJ_NB,1,0,0,1,0,0,20260501,,20220713,,,72,479701.45000000,18,1,1,0,0,0,0,0,0,20220705,1,1,2620466.00000000,4,0,1,0,0,0,0,300000.90000000,740378.96000000,536388.30000000,536388.30000000,1,0,0,0,0,0,0,0,912000.00000000,632016.00000000,632016.00000000,279984.00000000,632016.00000000,741655.94000000,632016.00000000,0.00000000,0.00000000,20260917,1278000.00000000,873576.00000000,912000.00000000,632016.00000000,0,0,0,0,0,0,0,0,0,0,0,0,0,0,0,,0.00000000,,,0,0,0,0,0,0,,0,0,0,0,0,0,0,0,,,1,0,12,4,0.00000000,0.71361502,6662.52013889,20260820,24,0,1,0,正常,0,20260917
MOCK_TAG_0086,MOCK_CUST_0086,MOCK_ECIF_0086,杭州璟原精密制造有限公司,913301087000008613,20140329,存续,工业零部件、自动化设备的研发与制造,3200000.00000000,CNY,2048000.00000000,CNY,私人控股,私营有限责任公司,小型,330000,330100,330108,杭州市滨江区江陵路166号7幢107室,27,C,34,348,3484,1,0,0,1,0,0,0,0,0,0,0,0,0,吴昕博,MOCK_PERSON_0086,周昕博,MOCK_PERSON_0085,MOCK_ORG_ZJ_HZ_07,MOCK_ORG_ZJ_HZ,MOCK_ORG_ZJ_HZ_07,MOCK_ORG_ZJ_HZ,0,1,0,1,0,1,,20230715,20230712,,20230716,0,0.00000000,0,0,1,0,0,0,0,0,0,20230708,1,1,2351072.00000000,4,0,1,0,0,0,0,1568000.20000000,1647122.52000000,1561470.20000000,1561470.20000000,1,0,0,0,1,0,0,0,1011200.00000000,218621.44000000,218621.44000000,792578.56000000,218621.44000000,297743.76000000,218621.44000000,0.00000000,0.00000000,20260917,1267200.00000000,280061.44000000,1011200.00000000,218621.44000000,0,0,0,0,0,0,0,0,0,0,0,0,0,0,0,,0.00000000,,,0,0,0,0,0,0,,0,0,0,0,0,0,0,0,,,1,0,12,0,0.00000000,0.79797980,0.00000000,,27,0,1,0,正常,0,20260917
MOCK_TAG_0087,MOCK_CUST_0087,MOCK_ECIF_0087,上海璟辰医疗科技有限公司,9131011270000087XB,20110211,存续,医疗器械研发、技术咨询及销售,1600000.00000000,CNY,1120000.00000000,CNY,私人控股,私营有限责任公司,小型,310000,310100,310112,上海市闵行区联航路167号8幢108室,53,C,35,358,3589,1,1,0,1,0,0,0,0,0,0,0,0,0,郑昕博,MOCK_PERSON_0087,王昕博,MOCK_PERSON_0088,MOCK_ORG_SH_MH_08,MOCK_ORG_SH_MH,MOCK_ORG_SH_MH_08,MOCK_ORG_SH_MH,0,1,0,1,1,0,,20240615,20240612,20240614,,0,0.00000000,0,0,1,1,0,0,0,0,0,20240608,1,1,1950988.00000000,4,0,1,0,0,0,0,3234400.43000000,1748062.12000000,1295124.21000000,976570.74000000,1,0,0,0,0,0,0,0,2644800.00000000,866436.48000000,866436.48000000,1778363.52000000,866436.48000000,1127298.40000000,866436.48000000,0.00000000,0.00000000,20260917,3492800.00000000,1197156.48000000,2644800.00000000,866436.48000000,0,0,0,0,0,0,0,0,1,0,0,1,0,0,0,C,528000.00000000,CNY,嘉禾产业投资04,0,0,0,0,0,0,20–39,0,0,0,0,0,0,0,0,,,1,0,12,0,0.00000000,0.75721484,0.00000000,,53,0,1,1,正常,0,20260917
MOCK_TAG_0088,MOCK_CUST_0088,MOCK_ECIF_0088,上海璟宁信息科技有限公司,913101147000008888,20191120,存续,软件开发、信息系统集成及技术咨询,41300000.00000000,CNY,26019000.00000000,CNY,私人控股,私营有限责任公司,中型,310000,310100,310114,上海市嘉定区嘉罗公路168号1幢109室,399,I,65,651,6513,1,1,0,1,0,0,0,0,0,0,0,0,0,王昕博,MOCK_PERSON_0088,郑昕博,MOCK_PERSON_0087,MOCK_ORG_SH_JD_01,MOCK_ORG_SH_JD,MOCK_ORG_SH_JD_01,MOCK_ORG_SH_JD,0,0,0,1,1,0,,,20240728,20240730,,0,0.00000000,0,0,1,1,0,0,0,0,0,20240720,1,1,2199674.00000000,3,0,1,0,0,1,0,8260000.46000000,24085943.42000000,17157110.38000000,17157110.38000000,1,0,0,0,0,0,0,0,61991300.00000000,18969337.80000000,18969337.80000000,43021962.20000000,18969337.80000000,24127133.17000000,18969337.80000000,0.00000000,0.00000000,20260917,76446300.00000000,25763187.80000000,61991300.00000000,18969337.80000000,0,0,0,0,0,0,0,0,1,0,0,1,0,0,0,,0.00000000,,,0,0,0,0,0,0,20–39,0,0,0,0,0,0,0,0,,,1,0,12,0,0.00000000,0.81091302,0.00000000,,399,0,1,1,正常,0,20260917
MOCK_TAG_0089,MOCK_CUST_0089,MOCK_ECIF_0089,上海璟知食品有限公司,913101147000008963,20130726,存续,食品加工、预包装食品销售,13500000.00000000,CNY,11610000.00000000,CNY,私人控股,私营有限责任公司,中型,310000,310100,310114,上海市嘉定区嘉罗公路169号2幢110室,464,C,14,149,1499,1,0,0,1,0,0,0,0,0,0,0,0,0,陈昕博,MOCK_PERSON_0089,陈昕博,MOCK_PERSON_0089,MOCK_ORG_SH_JD_02,MOCK_ORG_SH_JD,MOCK_ORG_SH_JD_02,MOCK_ORG_SH_JD,1,1,0,0,1,0,20251129,20240525,,20240524,,4590,32460485.01000000,459,1,0,1,0,0,0,0,0,20240512,1,1,1591566.00000000,4,0,1,0,0,1,0,540000.83000000,540000.83000000,540000.83000000,540000.83000000,0,0,0,0,0,0,0,0,0.00000000,0.00000000,0.00000000,0.00000000,0.00000000,0.00000000,0.00000000,0.00000000,0.00000000,20260917,2565000.00000000,1539000.00000000,0.00000000,0.00000000,0,0,0,0,0,0,0,0,0,0,0,0,0,0,0,,0.00000000,,,0,0,0,0,0,0,,0,0,0,0,0,0,0,0,MOCK_GROUP_12,产业集团12,1,0,12,10,2774655.62000000,0.00000000,7072.00109150,20260915,464,0,0,1,正常,0,20260917
MOCK_TAG_0090,MOCK_CUST_0090,MOCK_ECIF_0090,宁波璟禾食品有限公司,913302127000009099,20070731,存续,食品加工、预包装食品销售,28600000.00000000,CNY,21450000.00000000,CNY,私人控股,私营有限责任公司,中型,330000,330200,330212,宁波市鄞州区首南东路170号3幢111室,470,C,14,149,1499,1,0,0,1,0,0,0,0,0,0,0,0,0,杨昕博,MOCK_PERSON_0090,黄昕博,MOCK_PERSON_0091,MOCK_ORG_ZJ_NB_03,MOCK_ORG_ZJ_NB,MOCK_ORG_ZJ_NB_03,MOCK_ORG_ZJ_NB,1,1,0,1,0,0,20260130,20241008,20241005,,,3040,19537704.85000000,380,1,1,0,0,0,0,0,0,20240930,1,1,2561500.00000000,4,0,1,0,0,1,0,2574000.51000000,11372001.30000000,8100603.67000000,8100603.67000000,1,0,0,0,0,0,0,0,35006400.00000000,13827528.00000000,13827528.00000000,21178872.00000000,13827528.00000000,11415284.10000000,13827528.00000000,0.00000000,0.00000000,20260917,44444400.00000000,17791488.00000000,35006400.00000000,13827528.00000000,0,0,0,0,0,0,0,0,0,0,0,0,0,0,0,,0.00000000,,,0,0,0,0,0,0,,0,0,0,0,0,0,0,0,,,1,0,12,8,2395900.76000000,0.78764479,6426.87659539,20260910,470,0,1,0,正常,0,20260917
MOCK_TAG_0091,MOCK_CUST_0091,MOCK_ECIF_0091,宁波璟润精密制造有限公司,913302127000009174,20121112,存续,工业零部件、自动化设备的研发与制造,3000000.00000000,CNY,2550000.00000000,CNY,私人控股,私营有限责任公司,小型,330000,330200,330212,宁波市鄞州区首南东路171号4幢112室,13,C,34,348,3484,1,0,0,1,0,0,0,0,0,0,0,0,0,黄昕博,MOCK_PERSON_0091,杨昕博,MOCK_PERSON_0090,MOCK_ORG_ZJ_NB_04,MOCK_ORG_ZJ_NB,MOCK_ORG_ZJ_NB_04,MOCK_ORG_ZJ_NB,1,0,0,1,1,0,20260117,,20231109,20231111,,96,877713.77000000,12,1,1,1,0,1,0,0,0,20231106,1,1,2455254.00000000,4,0,1,0,0,0,0,390000.11000000,390000.11000000,390000.11000000,390000.11000000,0,0,0,0,0,0,0,0,0.00000000,0.00000000,0.00000000,0.00000000,0.00000000,0.00000000,0.00000000,0.00000000,0.00000000,20260917,570000.00000000,290700.00000000,0.00000000,0.00000000,0,0,0,0,0,0,0,0,0,0,0,0,0,0,0,,0.00000000,,,0,0,0,0,0,0,,0,0,0,0,0,0,0,0,,,1,0,12,8,0.00000000,0.00000000,9142.85177083,20260825,13,0,1,1,正常,0,20260917
MOCK_TAG_0092,MOCK_CUST_0092,MOCK_ECIF_0092,上海璟森精密制造有限公司,91310114700000925E,20220208,存续,工业零部件、自动化设备的研发与制造,46200000.00000000,CNY,14322000.00000000,CNY,私人控股,私营有限责任公司,中型,310000,310100,310114,上海市嘉定区嘉罗公路172号5幢113室,123,C,34,348,3484,1,0,0,1,0,0,0,0,0,0,0,0,0,徐昕博,MOCK_PERSON_0092,何思博,MOCK_PERSON_0048,MOCK_ORG_SH_JD_05,MOCK_ORG_SH_JD,MOCK_ORG_SH_JD_05,MOCK_ORG_SH_JD,0,1,0,1,0,1,,20250508,20250505,,20250509,0,0.00000000,0,0,1,0,0,0,0,0,0,20250502,1,1,2286114.00000000,4,0,1,0,0,1,0,7207201.99000000,10370197.83000000,7386990.24000000,7070488.51000000,1,0,0,0,1,0,0,0,45830400.00000000,9166080.00000000,9166080.00000000,36664320.00000000,9166080.00000000,9952247.63000000,9166080.00000000,0.00000000,0.00000000,20260917,68006400.00000000,22028160.00000000,45830400.00000000,9166080.00000000,0,0,0,0,0,0,0,0,0,0,0,0,0,0,0,,0.00000000,,,0,0,0,0,0,0,,0,0,0,0,0,0,0,0,MOCK_GROUP_23,产业集团23,1,0,12,0,0.00000000,0.67391304,0.00000000,,123,0,1,0,正常,0,20260917
MOCK_TAG_0093,MOCK_CUST_0093,MOCK_ECIF_0093,苏州璟远医疗科技有限公司,91320571700000933K,20201202,存续,医疗器械研发、技术咨询及销售,13500000.00000000,CNY,9180000.00000000,CNY,私人控股,私营有限责任公司,中型,320000,320500,320571,苏州市工业园区星湖街173号6幢114室,276,C,35,358,3589,1,1,0,1,0,0,0,0,0,0,0,0,0,朱昕博,MOCK_PERSON_0093,朱昕博,MOCK_PERSON_0093,MOCK_ORG_JS_SZ_06,MOCK_ORG_JS_SZ,MOCK_ORG_JS_SZ_06,MOCK_ORG_JS_SZ,1,0,0,1,0,0,20260510,,20221220,,,748,8145722.50000000,187,1,1,0,0,0,0,0,0,20221214,1,1,2100550.00000000,3,0,1,0,0,1,0,2025002.79000000,816906.89000000,776084.63000000,675000.93000000,0,0,0,0,0,0,0,0,0.00000000,0.00000000,0.00000000,0.00000000,0.00000000,0.00000000,0.00000000,0.00000000,0.00000000,20260917,3105000.00000000,1366200.00000000,0.00000000,0.00000000,0,1,0,0,0,0,0,0,1,0,0,1,0,0,0,,0.00000000,,,0,0,0,0,0,0,20–39,0,0,0,0,0,0,0,0,MOCK_GROUP_60,产业集团60,1,0,12,4,0.00000000,0.00000000,10890.00334225,20260825,276,0,1,0,正常,0,20260917
MOCK_TAG_0094,MOCK_CUST_0094,MOCK_ECIF_0094,苏州璟衡医疗科技有限公司,91320571700000941E,20090112,存续,医疗器械研发、技术咨询及销售,9100000.00000000,CNY,7826000.00000000,CNY,私人控股,私营有限责任公司,中型,320000,320500,320571,苏州市工业园区星湖街174号7幢115室,93,C,35,358,3589,1,1,0,1,0,0,0,0,0,0,0,0,0,胡昕博,MOCK_PERSON_0094,林昕博,MOCK_PERSON_0095,MOCK_ORG_JS_SZ_07,MOCK_ORG_JS_SZ,MOCK_ORG_JS_SZ_07,MOCK_ORG_JS_SZ,0,1,0,1,0,0,,20250329,20250326,,,0,0.00000000,0,0,1,0,0,0,0,0,0,20250316,1,1,2432634.00000000,5,0,1,0,0,1,0,5187000.20000000,4772959.88000000,4540353.32000000,4540353.32000000,1,0,0,0,0,0,0,0,2429700.00000000,1222625.04000000,1222625.04000000,1207074.96000000,1222625.04000000,808584.72000000,1222625.04000000,0.00000000,0.00000000,20260917,9709700.00000000,5736225.04000000,2429700.00000000,1222625.04000000,0,0,0,0,0,0,0,0,1,0,0,1,0,0,0,,0.00000000,,,0,0,0,0,0,0,40–59,0,0,0,0,0,0,0,0,,,1,0,12,0,0.00000000,0.25023430,0.00000000,,93,0,1,0,正常,0,20260917
MOCK_TAG_0095,MOCK_CUST_0095,MOCK_ECIF_0095,上海璟昕商贸有限公司,9131011570000095XA,20181018,存续,日用百货、五金及电子产品批发,1800000.00000000,CNY,756000.00000000,CNY,私人控股,私营有限责任公司,小型,310000,310100,310115,上海市浦东新区金海路175号8幢116室,63,F,51,513,5135,1,0,0,1,0,0,0,0,0,0,0,0,0,林昕博,MOCK_PERSON_0095,胡昕博,MOCK_PERSON_0094,MOCK_ORG_SH_PD_08,MOCK_ORG_SH_PD,MOCK_ORG_SH_PD_08,MOCK_ORG_SH_PD,0,0,0,1,1,0,,,20230618,20230620,,0,0.00000000,0,0,1,1,0,0,0,0,0,20230613,1,1,1798220.00000000,3,0,1,0,0,0,0,2751840.13000000,1101210.97000000,1038150.29000000,882000.04000000,0,0,0,0,0,0,0,0,0.00000000,0.00000000,0.00000000,0.00000000,0.00000000,0.00000000,0.00000000,0.00000000,0.00000000,20260917,1098000.00000000,559980.00000000,0.00000000,0.00000000,0,0,0,0,0,0,0,0,0,0,0,0,0,0,0,A,1332000.00000000,CNY,嘉禾产业投资12,0,0,0,0,0,0,,0,0,0,0,0,0,0,0,,,1,0,12,0,0.00000000,0.00000000,0.00000000,,63,0,1,1,正常,0,20260917
MOCK_TAG_0096,MOCK_CUST_0096,MOCK_ECIF_0096,杭州璟途供应链有限公司,91330108700000968E,20110326,存续,仓储服务、国内货物运输代理,3700000.00000000,CNY,3441000.00000000,CNY,私人控股,私营有限责任公司,小型,330000,330100,330108,杭州市滨江区江陵路176号1幢117室,32,G,58,582,5821,1,0,0,1,0,0,0,0,0,0,0,0,0,何昕博,MOCK_PERSON_0096,赵瑞博,MOCK_PERSON_0097,MOCK_ORG_ZJ_HZ_01,MOCK_ORG_ZJ_HZ,MOCK_ORG_ZJ_HZ_01,MOCK_ORG_ZJ_HZ,1,0,0,1,1,0,20260211,,20230317,20230319,,182,1345762.52000000,26,1,1,1,0,0,0,0,0,20230312,1,1,2348328.00000000,4,0,1,0,0,0,0,1073000.39000000,1199692.03000000,1109839.98000000,1109839.98000000,1,0,0,0,0,0,0,0,1657600.00000000,318259.20000000,318259.20000000,1339340.80000000,318259.20000000,444950.84000000,318259.20000000,0.00000000,0.00000000,20260917,2360600.00000000,782239.20000000,1657600.00000000,318259.20000000,0,0,0,0,0,0,0,0,0,0,0,0,0,0,0,,0.00000000,,,0,0,0,0,0,0,,0,0,0,0,0,0,0,0,,,1,0,12,7,0.00000000,0.70219436,7394.29956044,20260820,32,0,1,1,正常,0,20260917
MOCK_TAG_0097,MOCK_CUST_0097,MOCK_ECIF_0097,宁波珩川供应链有限公司,913302127000009767,20200705,存续,仓储服务、国内货物运输代理,23300000.00000000,CNY,12582000.00000000,CNY,私人控股,私营有限责任公司,中型,330000,330200,330212,宁波市鄞州区首南东路177号2幢118室,258,G,58,582,5821,1,0,0,1,0,0,0,0,0,0,0,0,0,赵瑞博,MOCK_PERSON_0097,何昕博,MOCK_PERSON_0096,MOCK_ORG_ZJ_NB_02,MOCK_ORG_ZJ_NB,MOCK_ORG_ZJ_NB_02,MOCK_ORG_ZJ_NB,0,1,0,1,1,0,,20260715,20260712,20260714,,0,0.00000000,0,0,1,1,0,0,0,0,0,20260706,1,1,767432.00000000,1,0,1,0,0,1,0,2563000.55000000,729469.39000000,519622.03000000,519622.03000000,0,0,0,0,0,0,0,0,0.00000000,0.00000000,0.00000000,0.00000000,0.00000000,0.00000000,0.00000000,0.00000000,0.00000000,20260917,2563000.00000000,1845360.00000000,0.00000000,0.00000000,0,0,0,0,0,0,0,0,0,0,0,0,0,0,0,C,15844000.00000000,CNY,嘉禾产业投资02,0,0,0,0,0,0,,0,0,0,0,0,0,0,0,,,0,0,3,0,0.00000000,0.00000000,0.00000000,,258,0,1,1,正常,0,20260917
MOCK_TAG_0098,MOCK_CUST_0098,MOCK_ECIF_0098,上海珩原信息科技有限公司,91310114700000984H,20200818,存续,软件开发、信息系统集成及技术咨询,3700000.00000000,CNY,1110000.00000000,CNY,私人控股,私营有限责任公司,小型,310000,310100,310114,上海市嘉定区嘉罗公路178号3幢119室,52,I,65,651,6513,1,1,0,1,0,0,0,0,0,0,0,0,0,钱瑞博,MOCK_PERSON_0098,孙瑞博,MOCK_PERSON_0099,MOCK_ORG_SH_JD_03,MOCK_ORG_SH_JD,MOCK_ORG_SH_JD_03,MOCK_ORG_SH_JD,1,1,0,1,0,0,20260502,20250102,20241230,,,200,2480002.56000000,40,1,1,0,0,0,0,0,0,20241222,1,1,2111730.00000000,5,0,1,0,0,0,0,999000.16000000,999000.16000000,999000.16000000,999000.16000000,0,0,0,0,0,0,0,0,0.00000000,0.00000000,0.00000000,0.00000000,0.00000000,0.00000000,0.00000000,0.00000000,0.00000000,20260917,999000.00000000,689310.00000000,0.00000000,0.00000000,0,0,0,0,0,0,0,0,0,0,0,1,0,0,0,,0.00000000,,,0,0,0,0,0,0,60–79,0,0,0,0,0,0,0,0,,,1,0,12,5,475000.77000000,0.00000000,12400.01280000,20260915,52,0,1,0,正常,0,20260917
MOCK_TAG_0099,MOCK_CUST_0099,MOCK_ECIF_0099,杭州珩辰商贸有限公司,91330108700000992Y,20071224,存续,日用百货、五金及电子产品批发,39700000.00000000,CNY,23820000.00000000,CNY,私人控股,私营有限责任公司,中型,330000,330100,330108,杭州市滨江区江陵路179号4幢120室,203,F,51,513,5135,1,0,0,1,0,0,0,0,0,0,0,0,0,孙瑞博,MOCK_PERSON_0099,钱瑞博,MOCK_PERSON_0098,MOCK_ORG_ZJ_HZ_04,MOCK_ORG_ZJ_HZ,MOCK_ORG_ZJ_HZ_04,MOCK_ORG_ZJ_HZ,0,0,0,1,0,0,,,20231126,,,0,0.00000000,0,0,1,0,0,0,0,0,0,20231118,1,1,1591416.00000000,3,0,1,0,0,1,0,15006601.42000000,9285220.11000000,8898239.20000000,7940000.75000000,0,0,0,0,0,0,0,0,0.00000000,0.00000000,0.00000000,0.00000000,0.00000000,0.00000000,0.00000000,0.00000000,0.00000000,20260917,4764000.00000000,1191000.00000000,0.00000000,0.00000000,0,0,0,0,0,0,0,0,0,0,0,0,0,0,0,,0.00000000,,,0,0,0,0,0,0,,0,0,0,0,0,0,0,0,,,1,0,12,0,0.00000000,0.00000000,0.00000000,,203,0,1,0,正常,0,20260917
MOCK_TAG_0100,MOCK_CUST_0100,MOCK_ECIF_0100,上海珩宁医疗科技有限公司,91310114700001004D,20100911,存续,医疗器械研发、技术咨询及销售,34000000.00000000,CNY,23460000.00000000,CNY,私人控股,私营有限责任公司,中型,310000,310100,310114,上海市嘉定区嘉罗公路180号5幢101室,97,C,35,358,3589,1,1,0,1,0,0,0,0,0,0,0,0,0,李瑞博,MOCK_PERSON_0100,吴远博,MOCK_PERSON_0022,MOCK_ORG_SH_JD_05,MOCK_ORG_SH_JD,MOCK_ORG_SH_JD_05,MOCK_ORG_SH_JD,0,0,0,1,1,0,,,20250320,20250322,,0,0.00000000,0,0,1,1,0,0,0,0,0,20250314,1,1,2411516.00000000,4,0,1,0,0,1,0,38080000.24000000,22701538.61000000,22430685.08000000,21760000.14000000,0,0,0,0,0,0,0,0,0.00000000,0.00000000,0.00000000,0.00000000,0.00000000,0.00000000,0.00000000,0.00000000,0.00000000,20260917,14960000.00000000,5684800.00000000,0.00000000,0.00000000,0,0,0,0,0,0,0,0,1,0,0,1,0,0,0,,0.00000000,,,0,0,0,0,0,0,20–39,0,0,0,0,0,0,0,0,MOCK_GROUP_19,产业集团19,1,0,12,0,0.00000000,0.00000000,0.00000000,,97,0,1,1,正常,0,20260917
MOCK_TAG_0101,MOCK_CUST_0101,MOCK_ECIF_0101,宁波珩知食品有限公司,91330212700001012Q,20100609,存续,食品加工、预包装食品销售,3400000.00000000,CNY,2822000.00000000,CNY,私人控股,私营有限责任公司,小型,330000,330200,330212,宁波市鄞州区首南东路181号6幢102室,47,C,14,149,1499,1,0,0,1,0,0,0,0,0,0,0,0,0,周瑞博,MOCK_PERSON_0101,吴瑞博,MOCK_PERSON_0102,MOCK_ORG_ZJ_NB_06,MOCK_ORG_ZJ_NB,MOCK_ORG_ZJ_NB_06,MOCK_ORG_ZJ_NB,1,1,0,1,1,0,20260123,20250630,20250627,20250629,,344,2317058.02000000,43,1,1,1,0,1,0,0,0,20250621,1,1,1896530.00000000,4,0,1,0,0,0,0,952000.85000000,2947295.42000000,2099443.31000000,2099443.31000000,1,0,0,0,0,0,0,0,5222400.00000000,2012712.96000000,2012712.96000000,3209687.04000000,2012712.96000000,2951375.08000000,2012712.96000000,0.00000000,0.00000000,20260917,5970400.00000000,2379232.96000000,5222400.00000000,2012712.96000000,0,0,0,0,0,0,0,0,0,0,0,0,0,0,0,,0.00000000,,,0,0,0,0,0,0,,0,0,0,0,0,0,0,0,,,1,0,12,8,301860.02000000,0.87471526,6735.63377907,20260910,47,0,1,1,正常,0,20260917
MOCK_TAG_0102,MOCK_CUST_0102,MOCK_ECIF_0102,苏州珩禾精密制造有限公司,91320571700001020D,20180811,存续,工业零部件、自动化设备的研发与制造,16000000.00000000,CNY,13440000.00000000,CNY,私人控股,私营有限责任公司,中型,320000,320500,320571,苏州市工业园区星湖街182号7幢103室,346,C,34,348,3484,1,0,0,1,0,0,0,0,0,0,0,0,0,吴瑞博,MOCK_PERSON_0102,周瑞博,MOCK_PERSON_0101,MOCK_ORG_JS_SZ_07,MOCK_ORG_JS_SZ,MOCK_ORG_JS_SZ_07,MOCK_ORG_JS_SZ,1,0,0,1,1,0,20260603,,20250526,20250528,,996,9524251.15000000,249,1,1,1,0,0,0,0,0,20250519,1,1,2383252.00000000,4,0,1,0,0,1,0,6816000.85000000,5637763.37000000,4623812.15000000,4535439.54000000,1,0,0,0,1,0,0,0,9792000.00000000,2686924.80000000,2686924.80000000,7105075.20000000,2686924.80000000,3400626.02000000,2686924.80000000,0.00000000,0.00000000,20260917,18912000.00000000,9435724.80000000,9792000.00000000,2686924.80000000,0,0,0,0,0,0,0,0,0,0,0,0,0,0,0,,0.00000000,,,0,0,0,0,0,0,,0,0,0,0,0,0,0,0,,,1,0,12,4,2349315.01000000,0.51776650,9562.50115462,20260910,346,0,1,1,正常,0,20260917
MOCK_TAG_0103,MOCK_CUST_0103,MOCK_ECIF_0103,上海珩润商贸有限公司,913101127000010393,20201008,存续,日用百货、五金及电子产品批发,500000.00000000,CNY,295000.00000000,CNY,私人控股,私营有限责任公司,小型,310000,310100,310112,上海市闵行区联航路183号8幢104室,37,F,51,513,5135,1,0,0,1,0,0,0,0,0,0,0,0,0,郑瑞博,MOCK_PERSON_0103,王瑞博,MOCK_PERSON_0104,MOCK_ORG_SH_MH_08,MOCK_ORG_SH_MH,MOCK_ORG_SH_MH_08,MOCK_ORG_SH_MH,0,1,0,0,1,1,,20250628,,20250627,20250629,0,0.00000000,0,0,0,1,0,0,0,0,0,20250617,1,1,2004964.00000000,4,0,1,0,0,0,0,135000.35000000,129297.74000000,101961.44000000,101961.44000000,1,0,0,0,0,0,0,0,166000.00000000,100728.80000000,100728.80000000,65271.20000000,100728.80000000,95026.19000000,100728.80000000,0.00000000,0.00000000,20260917,556000.00000000,295728.80000000,166000.00000000,100728.80000000,0,0,0,0,0,0,0,0,0,0,0,0,0,0,0,C,340000.00000000,CNY,嘉禾产业投资08,0,0,0,0,0,0,,0,0,0,0,0,0,0,0,,,1,0,12,0,0.00000000,0.29856115,0.00000000,,37,0,0,1,正常,0,20260917
MOCK_TAG_0104,MOCK_CUST_0104,MOCK_ECIF_0104,上海珩森商贸有限公司,913101157000010479,20171112,存续,日用百货、五金及电子产品批发,2600000.00000000,CNY,910000.00000000,CNY,私人控股,私营有限责任公司,小型,310000,310100,310115,上海市浦东新区金海路184号1幢105室,65,F,51,513,5135,1,0,0,1,0,0,0,0,0,0,0,0,0,王瑞博,MOCK_PERSON_0104,郑瑞博,MOCK_PERSON_0103,MOCK_ORG_SH_PD_01,MOCK_ORG_SH_PD,MOCK_ORG_SH_PD_01,MOCK_ORG_SH_PD,1,1,0,1,0,0,20260116,20230301,20230226,,,456,3565354.18000000,57,1,1,0,0,0,0,0,0,20230222,1,1,3008818.00000000,5,0,1,0,0,0,0,909481.21000000,623920.83000000,608984.92000000,572000.76000000,0,0,0,0,0,0,0,0,0.00000000,0.00000000,0.00000000,0.00000000,0.00000000,0.00000000,0.00000000,0.00000000,0.00000000,20260917,416000.00000000,287040.00000000,0.00000000,0.00000000,0,0,0,0,0,0,0,0,0,0,0,0,0,0,0,,0.00000000,,,0,0,0,0,0,0,,0,0,0,0,0,0,0,0,,,1,0,12,8,0.00000000,0.00000000,7818.75916667,20260825,65,0,1,0,正常,0,20260917
MOCK_TAG_0105,MOCK_CUST_0105,MOCK_ECIF_0105,上海珩远医疗科技有限公司,91310114700001055M,20150209,存续,医疗器械研发、技术咨询及销售,4000000.00000000,CNY,1200000.00000000,CNY,私人控股,私营有限责任公司,小型,310000,310100,310114,上海市嘉定区嘉罗公路185号2幢106室,31,C,35,358,3589,1,1,0,1,0,0,0,0,0,0,0,0,0,陈瑞博,MOCK_PERSON_0105,陈瑞博,MOCK_PERSON_0105,MOCK_ORG_SH_JD_02,MOCK_ORG_SH_JD,MOCK_ORG_SH_JD_02,MOCK_ORG_SH_JD,0,1,0,1,0,0,,20240519,20240516,,,0,0.00000000,0,0,1,0,0,0,0,0,0,20240511,1,1,1259060.00000000,3,0,1,0,0,0,0,954000.65000000,1344524.66000000,957743.59000000,910746.30000000,1,0,0,0,0,0,0,0,2240000.00000000,1135680.00000000,1135680.00000000,1104320.00000000,1135680.00000000,1280608.00000000,1135680.00000000,0.00000000,0.00000000,20260917,4800000.00000000,2415680.00000000,2240000.00000000,1135680.00000000,0,1,0,0,0,0,1,0,1,0,0,1,0,0,0,A,3000000.00000000,CNY,嘉禾产业投资10,0,0,0,0,0,0,40–59,0,0,0,0,0,0,0,0,MOCK_GROUP_43,产业集团43,1,0,12,0,0.00000000,0.46666667,0.00000000,,31,0,1,0,正常,0,20260917
MOCK_TAG_0106,MOCK_CUST_0106,MOCK_ECIF_0106,上海珩衡食品有限公司,91310115700001063Y,20080114,存续,食品加工、预包装食品销售,45200000.00000000,CNY,40680000.00000000,CNY,私人控股,私营有限责任公司,中型,310000,310100,310115,上海市浦东新区金海路186号3幢107室,480,C,14,149,1499,1,0,0,1,0,0,0,0,0,0,0,0,0,杨瑞博,MOCK_PERSON_0106,徐瑞博,MOCK_PERSON_0108,MOCK_ORG_SH_PD_03,MOCK_ORG_SH_PD,MOCK_ORG_SH_PD_03,MOCK_ORG_SH_PD,1,1,0,0,0,0,20260309,20230508,,,,2880,19624803.63000000,480,1,0,0,0,0,0,0,0,20230504,1,1,2019338.00000000,3,0,1,0,0,1,0,19436000.96000000,19436000.96000000,19436000.96000000,19436000.96000000,0,0,0,0,0,0,0,0,0.00000000,0.00000000,0.00000000,0.00000000,0.00000000,0.00000000,0.00000000,0.00000000,0.00000000,20260917,25312000.00000000,8606080.00000000,0.00000000,0.00000000,0,0,0,0,0,0,0,0,0,0,0,0,0,0,0,,0.00000000,,,0,0,0,0,0,0,,0,0,0,0,0,0,0,0,,,1,0,12,6,0.00000000,0.00000000,6814.16792708,20260820,480,0,0,0,正常,0,20260917
MOCK_TAG_0107,MOCK_CUST_0107,MOCK_ECIF_0107,杭州珩昕精密制造有限公司,91330108700001071X,20220102,存续,工业零部件、自动化设备的研发与制造,400000.00000000,CNY,248000.00000000,CNY,私人控股,私营有限责任公司,小型,330000,330100,330108,杭州市滨江区江陵路187号4幢108室,58,C,34,348,3484,1,0,0,1,0,0,0,0,0,0,0,0,0,黄瑞博,MOCK_PERSON_0107,黄瑞博,MOCK_PERSON_0107,MOCK_ORG_ZJ_HZ_04,MOCK_ORG_ZJ_HZ,MOCK_ORG_ZJ_HZ_04,MOCK_ORG_ZJ_HZ,1,0,0,1,0,0,20260427,,20231220,,,190,1615002.91000000,38,1,1,0,0,0,0,0,0,20231211,1,1,2578012.00000000,5,0,1,0,0,0,0,40000.30000000,65974.76000000,46995.72000000,46995.72000000,1,0,0,0,1,0,0,0,249200.00000000,109897.20000000,109897.20000000,139302.80000000,109897.20000000,66243.59000000,109897.20000000,0.00000000,0.00000000,20260917,261200.00000000,116737.20000000,249200.00000000,109897.20000000,0,0,0,0,0,0,0,0,0,0,0,0,0,0,0,,0.00000000,,,0,0,0,0,0,0,,0,0,0,0,0,0,0,0,MOCK_GROUP_29,产业集团29,1,0,12,5,348840.69000000,0.95405819,8500.01531579,20260910,58,0,1,0,正常,0,20260917
MOCK_TAG_0108,MOCK_CUST_0108,MOCK_ECIF_0108,上海珩途商贸有限公司,9131011270000108X6,20191123,存续,日用百货、五金及电子产品批发,2100000.00000000,CNY,882000.00000000,CNY,私人控股,私营有限责任公司,小型,310000,310100,310112,上海市闵行区联航路188号5幢109室,46,F,51,513,5135,1,0,0,1,0,0,0,0,0,0,0,0,0,徐瑞博,MOCK_PERSON_0108,杨瑞博,MOCK_PERSON_0106,MOCK_ORG_SH_MH_05,MOCK_ORG_SH_MH,MOCK_ORG_SH_MH_05,MOCK_ORG_SH_MH,1,1,0,1,1,0,20251029,20240407,20240404,20240406,,352,2773206.25000000,32,1,1,1,0,0,0,0,0,20240331,1,1,2062234.00000000,4,0,1,0,0,0,0,737101.27000000,574851.76000000,572593.32000000,567000.98000000,0,0,0,0,0,0,0,0,0.00000000,0.00000000,0.00000000,0.00000000,0.00000000,0.00000000,0.00000000,0.00000000,0.00000000,20260917,1050000.00000000,609000.00000000,0.00000000,0.00000000,0,0,0,0,0,0,0,0,0,0,0,0,0,0,0,B,1533000.00000000,CNY,嘉禾产业投资01,0,0,0,0,0,0,,0,0,0,0,0,0,0,0,,,1,0,12,11,208800.15000000,0.00000000,7878.42684659,20260915,46,0,1,1,正常,0,20260917
MOCK_TAG_0109,MOCK_CUST_0109,MOCK_ECIF_0109,上海颂川医疗科技有限公司,91310115700001098H,20061206,存续,医疗器械研发、技术咨询及销售,1700000.00000000,CNY,1156000.00000000,CNY,私人控股,私营有限责任公司,小型,310000,310100,310115,上海市浦东新区金海路189号6幢110室,8,C,35,358,3589,1,1,0,1,0,0,0,0,0,0,0,0,0,朱瑞博,MOCK_PERSON_0109,胡瑞博,MOCK_PERSON_0110,MOCK_ORG_SH_PD_06,MOCK_ORG_SH_PD,MOCK_ORG_SH_PD_06,MOCK_ORG_SH_PD,0,1,0,1,1,0,,20220708,20220705,20220707,,0,0.00000000,0,0,1,1,0,0,0,0,0,20220626,1,1,3265370.00000000,5,0,1,0,0,0,0,663000.26000000,824338.11000000,599758.40000000,599758.40000000,1,0,0,0,0,0,0,0,2040000.00000000,619344.00000000,619344.00000000,1420656.00000000,619344.00000000,780681.85000000,619344.00000000,0.00000000,0.00000000,20260917,2788000.00000000,828784.00000000,2040000.00000000,619344.00000000,0,1,0,0,0,0,0,0,0,0,0,1,0,0,0,,0.00000000,,,0,0,0,0,0,0,40–59,0,0,0,0,0,0,0,0,,,1,0,12,0,0.00000000,0.73170732,0.00000000,,8,0,1,1,正常,0,20260917
MOCK_TAG_0110,MOCK_CUST_0110,MOCK_ECIF_0110,上海颂原食品有限公司,91310114700001100N,20140916,存续,食品加工、预包装食品销售,169700000.00000000,CNY,62789000.00000000,CNY,私人控股,私营有限责任公司,大型,310000,310100,310114,上海市嘉定区嘉罗公路190号7幢111室,2092,C,14,149,1499,1,0,0,1,0,0,0,0,0,0,0,0,0,胡瑞博,MOCK_PERSON_0110,朱瑞博,MOCK_PERSON_0109,MOCK_ORG_SH_JD_07,MOCK_ORG_SH_JD,MOCK_ORG_SH_JD_07,MOCK_ORG_SH_JD,0,1,0,1,1,0,,20220911,20220908,20220910,,0,0.00000000,0,0,1,1,0,0,0,0,0,20220903,1,1,2121528.00000000,3,1,1,0,0,0,0,0.00000000,122.98000000,123.11000000,123.11000000,0,0,0,0,0,0,0,0,0.00000000,0.00000000,0.00000000,0.00000000,0.00000000,0.00000000,0.00000000,0.00000000,0.00000000,20260917,0.00000000,0.00000000,0.00000000,0.00000000,0,0,0,0,0,0,0,0,0,0,0,0,0,0,0,,0.00000000,,,0,0,0,0,0,0,,0,0,0,0,0,0,0,0,,,1,0,12,0,0.00000000,0.00000000,0.00000000,,2092,0,1,1,正常,0,20260917
MOCK_TAG_0111,MOCK_CUST_0111,MOCK_ECIF_0111,苏州颂辰食品股份有限公司,91320571700001119X,20200315,存续,食品加工、预包装食品销售,132400000.00000000,CNY,108568000.00000000,CNY,私人控股,私营股份有限公司,大型,320000,320500,320571,苏州市工业园区星湖街191号8幢112室,1739,C,14,149,1499,1,0,0,1,0,0,0,0,0,0,0,0,0,林瑞博,MOCK_PERSON_0111,何明博,MOCK_PERSON_0016,MOCK_ORG_JS_SZ_08,MOCK_ORG_JS_SZ,MOCK_ORG_JS_SZ_08,MOCK_ORG_JS_SZ,1,1,0,1,0,0,20260421,20231026,20231023,,,6345,41819897.46000000,1269,1,1,0,0,1,0,0,0,20231017,1,1,2408096.00000000,4,0,1,0,0,0,0,95751681.02000000,51099067.62000000,48587390.76000000,42368000.45000000,0,0,0,0,0,0,0,0,0.00000000,0.00000000,0.00000000,0.00000000,0.00000000,0.00000000,0.00000000,0.00000000,0.00000000,20260917,23832000.00000000,14299200.00000000,0.00000000,0.00000000,0,0,0,0,0,0,0,0,0,0,0,0,0,0,0,,0.00000000,,,1,0,0,0,0,0,,0,0,0,0,0,0,0,0,MOCK_GROUP_24,产业集团24,1,0,12,5,8660925.05000000,0.00000000,6591.00038771,20260910,1739,0,1,0,正常,0,20260917
MOCK_TAG_0112,MOCK_CUST_0112,MOCK_ECIF_0112,杭州颂宁信息科技有限公司,913301087000011271,20161023,存续,软件开发、信息系统集成及技术咨询,12300000.00000000,CNY,9471000.00000000,CNY,私人控股,私营有限责任公司,中型,330000,330100,330108,杭州市滨江区江陵路192号1幢113室,412,I,65,651,6513,1,1,0,1,0,0,0,0,0,0,0,0,0,何瑞博,MOCK_PERSON_0112,郑明博,MOCK_PERSON_0007,MOCK_ORG_ZJ_HZ_01,MOCK_ORG_ZJ_HZ,MOCK_ORG_ZJ_HZ_01,MOCK_ORG_ZJ_HZ,0,1,0,1,1,0,,20250624,20250621,20250623,,0,0.00000000,0,0,1,1,0,0,0,0,0,20250615,1,1,2079832.00000000,4,0,1,0,0,1,0,3567000.81000000,3827826.19000000,3337723.82000000,3337723.82000000,1,0,0,0,0,0,0,0,6543600.00000000,1442863.80000000,1442863.80000000,5100736.20000000,1442863.80000000,1703689.18000000,1442863.80000000,0.00000000,0.00000000,20260917,15891600.00000000,5555983.80000000,6543600.00000000,1442863.80000000,0,1,0,0,0,0,1,0,1,0,0,1,0,0,0,,0.00000000,,,0,0,0,0,0,0,40–59,0,0,0,0,0,0,0,0,MOCK_GROUP_45,产业集团45,1,0,12,0,0.00000000,0.41176471,0.00000000,,412,0,1,1,正常,0,20260917
MOCK_TAG_0113,MOCK_CUST_0113,MOCK_ECIF_0113,上海颂知信息科技有限公司,91310112700001135C,20160709,存续,软件开发、信息系统集成及技术咨询,25900000.00000000,CNY,16058000.00000000,CNY,私人控股,私营有限责任公司,中型,310000,310100,310112,上海市闵行区联航路193号2幢114室,333,I,65,651,6513,1,1,0,1,0,0,0,0,0,0,0,0,0,赵安博,MOCK_PERSON_0113,钱安博,MOCK_PERSON_0114,MOCK_ORG_SH_MH_02,MOCK_ORG_SH_MH,MOCK_ORG_SH_MH_02,MOCK_ORG_SH_MH,1,0,0,1,1,0,20250918,,20240523,20240525,,3036,41476192.40000000,253,1,1,1,0,0,0,0,0,20240520,1,1,1942252.00000000,4,0,1,0,0,1,0,29836800.83000000,18674298.98000000,17772651.45000000,15540000.43000000,0,0,0,0,0,0,0,0,0.00000000,0.00000000,0.00000000,0.00000000,0.00000000,0.00000000,0.00000000,0.00000000,0.00000000,20260917,20202000.00000000,13131300.00000000,0.00000000,0.00000000,0,0,0,0,0,0,0,0,0,0,0,1,0,0,0,,0.00000000,,,0,0,0,0,0,0,20–39,0,0,0,0,0,0,0,0,,,1,0,12,12,3415500.31000000,0.00000000,13661.45994730,20260905,333,0,1,1,正常,0,20260917
MOCK_TAG_0114,MOCK_CUST_0114,MOCK_ECIF_0114,上海颂禾食品有限公司,91310115700001143J,20101108,存续,食品加工、预包装食品销售,1800000.00000000,CNY,1584000.00000000,CNY,私人控股,私营有限责任公司,小型,310000,310100,310115,上海市浦东新区金海路194号3幢115室,58,C,14,149,1499,1,0,0,1,0,0,0,0,0,0,0,0,0,钱安博,MOCK_PERSON_0114,赵安博,MOCK_PERSON_0113,MOCK_ORG_SH_PD_03,MOCK_ORG_SH_PD,MOCK_ORG_SH_PD_03,MOCK_ORG_SH_PD,0,0,0,1,0,0,,,20231015,,,0,0.00000000,0,0,1,0,0,0,0,0,0,20231008,1,1,2735064.00000000,4,0,1,0,0,0,0,144000.00000000,355355.67000000,253130.06000000,253130.06000000,1,0,0,0,0,0,0,0,1152000.00000000,485683.20000000,485683.20000000,666316.80000000,485683.20000000,356669.83000000,485683.20000000,0.00000000,0.00000000,20260917,1872000.00000000,730483.20000000,1152000.00000000,485683.20000000,0,0,0,0,0,0,0,0,0,0,0,0,0,0,0,,0.00000000,,,0,0,0,0,0,0,,0,0,0,0,0,0,0,0,,,1,0,12,0,0.00000000,0.61538462,0.00000000,,58,0,1,0,正常,0,20260917
MOCK_TAG_0115,MOCK_CUST_0115,MOCK_ECIF_0115,上海颂润商贸有限公司,91310115700001151D,20140721,存续,日用百货、五金及电子产品批发,4700000.00000000,CNY,1833000.00000000,CNY,私人控股,私营有限责任公司,小型,310000,310100,310115,上海市浦东新区金海路195号4幢116室,52,F,51,513,5135,1,0,0,1,0,0,0,0,0,0,0,0,0,孙安博,MOCK_PERSON_0115,李安博,MOCK_PERSON_0116,MOCK_ORG_SH_PD_04,MOCK_ORG_SH_PD,MOCK_ORG_SH_PD_04,MOCK_ORG_SH_PD,1,0,0,1,1,0,20260410,,20240626,20240628,,235,1787177.83000000,47,1,1,1,0,0,0,0,0,20240617,1,1,2171000.00000000,4,0,1,0,0,0,0,1504000.65000000,3503776.31000000,2778037.93000000,2778037.93000000,1,0,0,0,0,0,0,0,5395600.00000000,2015256.60000000,2015256.60000000,3380343.40000000,2015256.60000000,3505742.67000000,2015256.60000000,0.00000000,0.00000000,20260917,5771600.00000000,2176936.60000000,5395600.00000000,2015256.60000000,0,0,0,0,0,0,0,0,0,0,0,0,0,0,0,,0.00000000,,,0,0,0,0,0,0,,0,0,0,0,0,0,0,0,,,1,0,12,5,0.00000000,0.93485342,7605.01204255,20260825,52,0,1,1,正常,0,20260917
MOCK_TAG_0116,MOCK_CUST_0116,MOCK_ECIF_0116,上海颂森商贸有限公司,9131011570000116X5,20060704,存续,日用百货、五金及电子产品批发,10700000.00000000,CNY,10272000.00000000,CNY,私人控股,私营有限责任公司,中型,310000,310100,310115,上海市浦东新区金海路196号5幢117室,461,F,51,513,5135,1,0,0,1,0,0,0,0,0,0,0,0,0,李安博,MOCK_PERSON_0116,孙安博,MOCK_PERSON_0115,MOCK_ORG_SH_PD_05,MOCK_ORG_SH_PD,MOCK_ORG_SH_PD_05,MOCK_ORG_SH_PD,0,1,0,1,0,1,,20240112,20240109,,20240113,0,0.00000000,0,0,1,0,0,0,0,0,0,20240108,1,1,1996912.00000000,4,0,1,0,0,1,0,3210000.76000000,3185829.20000000,2269357.78000000,2269357.78000000,1,0,0,0,0,0,0,0,10432500.00000000,4448418.00000000,4448418.00000000,5984082.00000000,4448418.00000000,3190592.34000000,4448418.00000000,0.00000000,0.00000000,20260917,12358500.00000000,5719578.00000000,10432500.00000000,4448418.00000000,0,0,0,0,0,0,0,0,0,0,0,0,0,0,0,,0.00000000,,,0,0,0,0,0,0,,0,0,0,0,0,0,0,0,,,1,0,12,0,0.00000000,0.84415584,0.00000000,,461,0,1,0,正常,0,20260917
MOCK_TAG_0117,MOCK_CUST_0117,MOCK_ECIF_0117,宁波颂远食品有限公司,913302127000011787,20140423,存续,食品加工、预包装食品销售,40800000.00000000,CNY,14280000.00000000,CNY,私人控股,私营有限责任公司,中型,330000,330200,330212,宁波市鄞州区首南东路197号6幢118室,480,C,14,149,1499,1,0,0,1,0,0,0,0,0,0,0,0,0,周安博,MOCK_PERSON_0117,周安博,MOCK_PERSON_0117,MOCK_ORG_ZJ_NB_06,MOCK_ORG_ZJ_NB,MOCK_ORG_ZJ_NB_06,MOCK_ORG_ZJ_NB,1,1,0,1,0,0,20251225,20241110,20241107,,,3537,25455596.79000000,393,1,1,0,0,0,0,0,0,20241105,1,1,2003254.00000000,4,0,1,0,0,1,0,21624000.42000000,21624000.42000000,21624000.42000000,21624000.42000000,0,0,0,0,0,0,0,0,0.00000000,0.00000000,0.00000000,0.00000000,0.00000000,0.00000000,0.00000000,0.00000000,0.00000000,20260917,12648000.00000000,9106560.00000000,0.00000000,0.00000000,0,0,0,0,0,0,0,0,0,0,0,0,0,0,0,,0.00000000,,,0,0,0,0,0,0,,0,0,0,0,0,0,0,0,MOCK_GROUP_57,产业集团57,1,0,12,9,2758860.32000000,0.00000000,7196.94565734,20260910,480,0,1,0,正常,0,20260917
MOCK_TAG_0118,MOCK_CUST_0118,MOCK_ECIF_0118,杭州颂衡食品有限公司,913301087000011864,20131122,存续,食品加工、预包装食品销售,2200000.00000000,CNY,1188000.00000000,CNY,私人控股,私营有限责任公司,小型,330000,330100,330108,杭州市滨江区江陵路198号7幢119室,68,C,14,149,1499,1,0,0,1,0,0,0,0,0,0,0,0,0,吴安博,MOCK_PERSON_0118,郑安博,MOCK_PERSON_0119,MOCK_ORG_ZJ_HZ_07,MOCK_ORG_ZJ_HZ,MOCK_ORG_ZJ_HZ_07,MOCK_ORG_ZJ_HZ,1,1,0,1,1,0,20260528,20220518,20220515,20220517,,208,1477061.88000000,52,1,1,1,0,0,0,0,0,20220507,1,1,2596402.00000000,4,0,1,0,0,0,0,1343541.91000000,806675.99000000,770810.58000000,682000.97000000,0,0,0,0,0,0,0,0,0.00000000,0.00000000,0.00000000,0.00000000,0.00000000,0.00000000,0.00000000,0.00000000,0.00000000,20260917,1144000.00000000,240240.00000000,0.00000000,0.00000000,0,0,0,0,0,0,0,0,0,0,0,0,0,0,0,,0.00000000,,,0,0,0,0,0,0,,0,0,0,0,0,0,0,0,,,1,0,12,4,405600.82000000,0.00000000,7101.25903846,20260915,68,0,1,1,正常,0,20260917
MOCK_TAG_0119,MOCK_CUST_0119,MOCK_ECIF_0119,杭州颂昕供应链有限公司,91330108700001194Y,20190212,存续,仓储服务、国内货物运输代理,2500000.00000000,CNY,1775000.00000000,CNY,私人控股,私营有限责任公司,小型,330000,330100,330108,杭州市滨江区江陵路199号8幢120室,56,G,58,582,5821,1,0,0,1,0,0,0,0,0,0,0,0,0,郑安博,MOCK_PERSON_0119,吴安博,MOCK_PERSON_0118,MOCK_ORG_ZJ_HZ_08,MOCK_ORG_ZJ_HZ,MOCK_ORG_ZJ_HZ_08,MOCK_ORG_ZJ_HZ,1,0,0,1,1,0,20251009,,20240503,20240505,,616,5216965.15000000,56,1,1,1,0,0,0,0,0,20240501,1,1,1507442.00000000,4,0,1,0,0,0,0,2603251.59000000,1144050.70000000,1095419.85000000,975000.60000000,0,0,0,0,0,0,0,0,0.00000000,0.00000000,0.00000000,0.00000000,0.00000000,0.00000000,0.00000000,0.00000000,0.00000000,20260917,1075000.00000000,440750.00000000,0.00000000,0.00000000,0,0,0,0,0,0,0,0,0,0,0,0,0,0,0,B,1400000.00000000,CNY,嘉禾产业投资12,0,0,0,0,0,0,,0,0,0,0,0,0,0,0,,,1,0,12,11,0.00000000,0.00000000,8469.09926948,20260825,56,0,1,1,正常,0,20260917
MOCK_TAG_0120,MOCK_CUST_0120,MOCK_ECIF_0120,宁波颂途医疗科技有限公司,91330212700001207J,20110514,存续,医疗器械研发、技术咨询及销售,3200000.00000000,CNY,3008000.00000000,CNY,私人控股,私营有限责任公司,小型,330000,330200,330212,宁波市鄞州区首南东路200号1幢101室,18,C,35,358,3589,1,1,0,1,0,0,0,0,0,0,0,0,0,王安博,MOCK_PERSON_0120,王安博,MOCK_PERSON_0120,MOCK_ORG_ZJ_NB_01,MOCK_ORG_ZJ_NB,MOCK_ORG_ZJ_NB_01,MOCK_ORG_ZJ_NB,1,0,0,1,1,0,20251208,,20250702,20250704,,126,1518441.99000000,14,1,1,1,0,0,0,0,0,20250626,1,1,1967076.00000000,5,0,1,0,0,0,0,1857600.57000000,1528338.93000000,1502926.49000000,1440000.44000000,0,0,0,0,0,0,0,0,0.00000000,0.00000000,0.00000000,0.00000000,0.00000000,0.00000000,0.00000000,0.00000000,0.00000000,20260917,768000.00000000,576000.00000000,0.00000000,0.00000000,0,0,0,0,0,0,0,0,1,0,0,1,0,0,0,,0.00000000,,,0,0,0,0,0,0,40–59,0,0,0,0,0,0,0,0,MOCK_GROUP_21,产业集团21,1,0,12,9,0.00000000,0.00000000,12051.12690476,20260820,18,0,1,1,正常,0,20260917
MOCK_TAG_0121,MOCK_CUST_0121,MOCK_ECIF_0121,上海澜川食品有限公司,91310114700001215W,20100314,存续,食品加工、预包装食品销售,49100000.00000000,CNY,23077000.00000000,CNY,私人控股,私营有限责任公司,中型,310000,310100,310114,上海市嘉定区嘉罗公路201号2幢102室,161,C,14,149,1499,1,0,0,1,0,0,0,0,0,0,0,0,0,陈安博,MOCK_PERSON_0121,陈安博,MOCK_PERSON_0121,MOCK_ORG_SH_JD_02,MOCK_ORG_SH_JD,MOCK_ORG_SH_JD_02,MOCK_ORG_SH_JD,1,1,0,1,0,0,20251108,20220926,20220923,,,1606,11231421.65000000,146,1,1,0,0,1,0,0,0,20220919,1,1,3027028.00000000,5,0,1,0,0,1,0,46448600.90000000,24554419.48000000,23564422.21000000,21113000.41000000,0,0,0,0,0,0,0,0,0.00000000,0.00000000,0.00000000,0.00000000,0.00000000,0.00000000,0.00000000,0.00000000,0.00000000,20260917,12275000.00000000,1473000.00000000,0.00000000,0.00000000,0,0,0,0,0,0,0,0,0,0,0,0,0,0,0,,0.00000000,,,0,0,0,0,0,0,,0,0,0,0,0,0,0,0,MOCK_GROUP_28,产业集团28,1,0,12,11,1138800.74000000,0.00000000,6993.41323163,20260915,161,0,1,0,正常,0,20260917
MOCK_TAG_0122,MOCK_CUST_0122,MOCK_ECIF_0122,苏州澜原精密制造有限公司,913205717000012232,20190813,存续,工业零部件、自动化设备的研发与制造,2300000.00000000,CNY,1886000.00000000,CNY,私人控股,私营有限责任公司,小型,320000,320500,320571,苏州市工业园区星湖街202号3幢103室,85,C,34,348,3484,1,0,0,1,0,0,0,0,0,0,0,0,0,杨安博,MOCK_PERSON_0122,徐安博,MOCK_PERSON_0124,MOCK_ORG_JS_SZ_03,MOCK_ORG_JS_SZ,MOCK_ORG_JS_SZ_03,MOCK_ORG_JS_SZ,1,0,0,1,1,0,20251004,,20221217,20221219,,649,5972869.70000000,59,1,1,1,0,0,0,0,0,20221209,1,1,2195552.00000000,5,0,1,0,0,0,0,161000.39000000,202866.51000000,144507.65000000,144507.65000000,1,0,0,0,1,0,0,0,621000.00000000,188535.60000000,188535.60000000,432464.40000000,188535.60000000,202972.42000000,188535.60000000,0.00000000,0.00000000,20260917,2116000.00000000,1264935.60000000,621000.00000000,188535.60000000,0,0,0,0,0,0,0,0,0,0,0,0,0,0,0,,0.00000000,,,0,0,0,0,0,0,,0,0,0,0,0,0,0,0,,,1,0,12,11,0.00000000,0.29347826,9203.18906009,20260820,85,0,1,1,正常,0,20260917
MOCK_TAG_0123,MOCK_CUST_0123,MOCK_ECIF_0123,苏州澜辰供应链有限公司,91320571700001231W,20060124,存续,仓储服务、国内货物运输代理,6200000.00000000,CNY,2852000.00000000,CNY,私人控股,私营有限责任公司,中型,320000,320500,320571,苏州市工业园区星湖街203号4幢104室,392,G,58,582,5821,1,0,0,1,0,0,0,0,0,0,0,0,0,黄安博,MOCK_PERSON_0123,何思博,MOCK_PERSON_0048,MOCK_ORG_JS_SZ_04,MOCK_ORG_JS_SZ,MOCK_ORG_JS_SZ_04,MOCK_ORG_JS_SZ,0,0,0,1,0,0,,,20220822,,,0,0.00000000,0,0,1,0,0,0,0,0,0,20220816,1,1,1698192.00000000,3,0,1,0,0,1,0,1488000.90000000,1488000.90000000,1488000.90000000,1488000.90000000,0,0,0,0,0,0,0,0,0.00000000,0.00000000,0.00000000,0.00000000,0.00000000,0.00000000,0.00000000,0.00000000,0.00000000,20260917,1302000.00000000,169260.00000000,0.00000000,0.00000000,0,0,0,0,0,0,0,0,0,0,0,0,0,0,0,C,2542000.00000000,CNY,嘉禾产业投资04,0,0,0,0,0,0,,0,0,0,0,0,0,0,0,MOCK_GROUP_23,产业集团23,1,0,12,0,0.00000000,0.00000000,0.00000000,,392,0,1,0,正常,0,20260917
MOCK_TAG_0124,MOCK_CUST_0124,MOCK_ECIF_0124,杭州澜宁精密制造有限公司,9133010870000124XW,20100924,存续,工业零部件、自动化设备的研发与制造,4700000.00000000,CNY,2162000.00000000,CNY,私人控股,私营有限责任公司,小型,330000,330100,330108,杭州市滨江区江陵路204号5幢105室,31,C,34,348,3484,1,0,0,1,0,0,0,0,0,0,0,0,0,徐安博,MOCK_PERSON_0124,杨安博,MOCK_PERSON_0122,MOCK_ORG_ZJ_HZ_05,MOCK_ORG_ZJ_HZ,MOCK_ORG_ZJ_HZ_05,MOCK_ORG_ZJ_HZ,1,1,0,1,0,1,20260429,20241116,20241113,,20241117,100,906102.86000000,20,1,1,0,0,0,0,0,0,20241106,1,1,1786816.00000000,4,0,1,0,0,0,0,329000.70000000,1972705.27000000,1405214.71000000,1405214.71000000,1,0,0,0,1,0,0,0,6993600.00000000,1309201.92000000,1309201.92000000,5684398.08000000,1309201.92000000,1976475.28000000,1309201.92000000,0.00000000,0.00000000,20260917,10377600.00000000,1681441.92000000,6993600.00000000,1309201.92000000,0,0,0,0,0,0,0,0,0,0,0,0,0,0,0,B,3243000.00000000,CNY,嘉禾产业投资05,0,0,0,0,0,0,,0,0,0,0,0,0,0,0,,,1,0,12,5,153000.10000000,0.67391304,9061.02860000,20260910,31,0,1,0,正常,0,20260917
MOCK_TAG_0125,MOCK_CUST_0125,MOCK_ECIF_0125,上海澜知信息科技有限公司,91310115700001258Q,20130211,存续,软件开发、信息系统集成及技术咨询,400000.00000000,CNY,128000.00000000,CNY,私人控股,私营有限责任公司,小型,310000,310100,310115,上海市浦东新区金海路205号6幢106室,8,I,65,651,6513,1,1,0,1,0,0,0,0,0,0,0,0,0,朱安博,MOCK_PERSON_0125,朱安博,MOCK_PERSON_0125,MOCK_ORG_SH_PD_06,MOCK_ORG_SH_PD,MOCK_ORG_SH_PD_06,MOCK_ORG_SH_PD,0,1,0,1,1,0,,20260613,20260610,20260612,,0,0.00000000,0,0,1,1,0,0,0,0,0,20260609,1,1,496932.00000000,1,0,1,0,0,0,0,40000.98000000,15538.84000000,11068.76000000,11068.76000000,0,0,0,0,0,0,0,0,0.00000000,0.00000000,0.00000000,0.00000000,0.00000000,0.00000000,0.00000000,0.00000000,0.00000000,20260917,272000.00000000,195840.00000000,0.00000000,0.00000000,0,0,0,0,0,0,0,0,1,0,0,1,0,0,0,,0.00000000,,,0,0,0,0,0,0,20–39,0,0,0,0,0,0,0,0,MOCK_GROUP_38,产业集团38,0,0,4,0,0.00000000,0.00000000,0.00000000,,8,0,1,1,正常,0,20260917
MOCK_TAG_0126,MOCK_CUST_0126,MOCK_ECIF_0126,上海澜禾供应链有限公司,913101147000012665,20130713,存续,仓储服务、国内货物运输代理,4400000.00000000,CNY,1804000.00000000,CNY,私人控股,私营有限责任公司,小型,310000,310100,310114,上海市嘉定区嘉罗公路206号7幢107室,22,G,58,582,5821,1,0,0,1,0,0,0,0,0,0,0,0,0,胡安博,MOCK_PERSON_0126,何安博,MOCK_PERSON_0128,MOCK_ORG_SH_JD_07,MOCK_ORG_SH_JD,MOCK_ORG_SH_JD_07,MOCK_ORG_SH_JD,0,1,0,1,0,0,,20220804,20220801,,,0,0.00000000,0,0,1,0,0,0,0,0,0,20220724,1,1,2391140.00000000,4,0,1,0,0,0,0,4805680.23000000,2298489.03000000,2181553.86000000,1892000.09000000,0,0,0,0,0,0,0,0,0.00000000,0.00000000,0.00000000,0.00000000,0.00000000,0.00000000,0.00000000,0.00000000,0.00000000,20260917,1584000.00000000,300960.00000000,0.00000000,0.00000000,0,0,0,0,0,0,0,0,0,0,0,0,0,0,0,,0.00000000,,,0,0,0,0,0,0,,0,0,0,0,0,0,0,0,,,1,0,12,0,0.00000000,0.00000000,0.00000000,,22,0,1,0,正常,0,20260917
MOCK_TAG_0127,MOCK_CUST_0127,MOCK_ECIF_0127,上海澜润供应链有限公司,913101147000012740,20131225,存续,仓储服务、国内货物运输代理,26000000.00000000,CNY,10140000.00000000,CNY,私人控股,私营有限责任公司,中型,310000,310100,310114,上海市嘉定区嘉罗公路207号8幢108室,283,G,58,582,5821,1,0,0,1,0,0,0,0,0,0,0,0,0,林安博,MOCK_PERSON_0127,林安博,MOCK_PERSON_0127,MOCK_ORG_SH_JD_08,MOCK_ORG_SH_JD,MOCK_ORG_SH_JD_08,MOCK_ORG_SH_JD,1,1,0,1,0,0,20260329,20220603,20220531,,,1578,12624002.07000000,263,1,1,0,0,0,0,0,0,20220524,1,1,2493256.00000000,4,0,1,0,0,1,0,6125601.02000000,5067680.84000000,5030950.97000000,4940000.82000000,0,0,0,0,0,0,0,0,0.00000000,0.00000000,0.00000000,0.00000000,0.00000000,0.00000000,0.00000000,0.00000000,0.00000000,20260917,13260000.00000000,1723800.00000000,0.00000000,0.00000000,0,0,0,0,0,0,0,0,0,0,0,0,0,0,0,,0.00000000,,,0,0,0,0,0,0,,0,0,0,0,0,0,0,0,MOCK_GROUP_13,产业集团13,1,0,12,6,1935680.43000000,0.00000000,8000.00131179,20260910,283,0,1,0,正常,0,20260917
MOCK_TAG_0128,MOCK_CUST_0128,MOCK_ECIF_0128,杭州澜森信息科技有限公司,91330108700001282D,20110522,存续,软件开发、信息系统集成及技术咨询,2700000.00000000,CNY,837000.00000000,CNY,私人控股,私营有限责任公司,小型,330000,330100,330108,杭州市滨江区江陵路208号1幢109室,75,I,65,651,6513,1,1,0,1,0,0,0,0,0,0,0,0,0,何安博,MOCK_PERSON_0128,胡安博,MOCK_PERSON_0126,MOCK_ORG_ZJ_HZ_01,MOCK_ORG_ZJ_HZ,MOCK_ORG_ZJ_HZ_01,MOCK_ORG_ZJ_HZ,0,1,0,0,1,0,,20230625,,20230624,,0,0.00000000,0,0,0,1,0,0,0,0,0,20230621,1,1,1739740.00000000,4,1,1,0,0,0,0,0.00000000,122.98000000,123.11000000,123.11000000,0,0,0,0,0,0,0,0,0.00000000,0.00000000,0.00000000,0.00000000,0.00000000,0.00000000,0.00000000,0.00000000,0.00000000,20260917,351000.00000000,45630.00000000,0.00000000,0.00000000,0,0,0,0,0,0,0,0,1,0,0,1,0,0,0,,0.00000000,,,0,0,0,0,0,0,20–39,0,0,0,0,0,0,0,0,,,1,0,12,0,0.00000000,0.00000000,0.00000000,,75,0,0,1,正常,0,20260917
MOCK_TAG_0129,MOCK_CUST_0129,MOCK_ECIF_0129,杭州澜远食品有限公司,913301087000012908,20200910,存续,食品加工、预包装食品销售,4100000.00000000,CNY,2870000.00000000,CNY,私人控股,私营有限责任公司,小型,330000,330100,330108,杭州市滨江区江陵路209号2幢110室,30,C,14,149,1499,1,0,0,1,0,0,0,0,0,0,0,0,0,赵嘉博,MOCK_PERSON_0129,赵嘉博,MOCK_PERSON_0129,MOCK_ORG_ZJ_HZ_02,MOCK_ORG_ZJ_HZ,MOCK_ORG_ZJ_HZ_02,MOCK_ORG_ZJ_HZ,1,1,0,1,1,0,20251124,20240511,20240508,20240510,,260,1837880.21000000,26,1,1,1,0,0,0,0,0,20240430,1,1,1706930.00000000,3,0,1,0,0,0,0,6689970.78000000,2966476.50000000,2856161.43000000,2583000.30000000,0,0,0,0,0,0,0,0,0.00000000,0.00000000,0.00000000,0.00000000,0.00000000,0.00000000,0.00000000,0.00000000,0.00000000,20260917,1312000.00000000,590400.00000000,0.00000000,0.00000000,0,0,0,0,0,0,0,0,0,0,0,0,0,0,0,,0.00000000,,,0,0,0,0,0,0,,0,0,0,0,0,0,0,0,MOCK_GROUP_52,产业集团52,1,0,12,10,196040.85000000,0.00000000,7068.77003846,20260910,30,0,1,1,正常,0,20260917
MOCK_TAG_0130,MOCK_CUST_0130,MOCK_ECIF_0130,苏州澜衡信息科技有限公司,91320571700001303M,20150824,存续,软件开发、信息系统集成及技术咨询,4300000.00000000,CNY,4300000.00000000,CNY,私人控股,私营有限责任公司,小型,320000,320500,320571,苏州市工业园区星湖街210号3幢111室,24,I,65,651,6513,1,1,0,1,0,0,0,0,0,0,0,0,0,钱嘉博,MOCK_PERSON_0130,李嘉博,MOCK_PERSON_0132,MOCK_ORG_JS_SZ_03,MOCK_ORG_JS_SZ,MOCK_ORG_JS_SZ_03,MOCK_ORG_JS_SZ,1,1,0,1,1,0,20251102,20231030,20231027,20231029,,176,2260006.43000000,16,1,1,1,0,0,0,0,0,20231026,1,1,1920830.00000000,4,0,1,0,0,0,0,1720000.40000000,2504794.72000000,2279031.97000000,2279031.97000000,1,0,0,0,0,0,0,0,1780200.00000000,0.00000000,0.00000000,1780200.00000000,0.00000000,784794.32000000,0.00000000,0.00000000,0.00000000,20260917,4231200.00000000,1200990.00000000,1780200.00000000,0.00000000,0,0,0,0,0,0,0,0,0,0,0,1,0,0,0,A,3053000.00000000,CNY,嘉禾产业投资11,0,0,0,0,0,0,20–39,0,0,0,0,0,0,0,0,,,1,0,12,11,214000.99000000,0.42073171,12840.94562500,20260910,24,0,1,1,正常,0,20260917
MOCK_TAG_0131,MOCK_CUST_0131,MOCK_ECIF_0131,上海澜昕商贸有限公司,913101147000013116,20180517,存续,日用百货、五金及电子产品批发,4300000.00000000,CNY,1935000.00000000,CNY,私人控股,私营有限责任公司,小型,310000,310100,310114,上海市嘉定区嘉罗公路211号4幢112室,13,F,51,513,5135,1,0,0,1,0,0,0,0,0,0,0,0,0,孙嘉博,MOCK_PERSON_0131,孙嘉博,MOCK_PERSON_0131,MOCK_ORG_SH_JD_04,MOCK_ORG_SH_JD,MOCK_ORG_SH_JD_04,MOCK_ORG_SH_JD,0,1,0,1,0,1,,20241109,20241106,,20241110,0,0.00000000,0,0,1,0,0,1,0,0,0,20241105,1,1,2025694.00000000,4,0,1,0,0,0,0,4351601.12000000,2229054.42000000,2156833.43000000,1978000.51000000,0,0,0,0,0,0,0,0,0.00000000,0.00000000,0.00000000,0.00000000,0.00000000,0.00000000,0.00000000,0.00000000,0.00000000,20260917,2752000.00000000,275200.00000000,0.00000000,0.00000000,0,0,0,0,0,0,0,0,0,0,0,0,0,0,0,,0.00000000,,,0,0,0,0,0,0,,0,0,0,0,0,0,0,0,MOCK_GROUP_34,产业集团34,1,0,12,0,0.00000000,0.00000000,0.00000000,,13,0,1,0,正常,0,20260917
MOCK_TAG_0132,MOCK_CUST_0132,MOCK_ECIF_0132,上海澜途医疗科技有限公司,9131011470000132XX,20150731,存续,医疗器械研发、技术咨询及销售,4800000.00000000,CNY,3312000.00000000,CNY,私人控股,私营有限责任公司,小型,310000,310100,310114,上海市嘉定区嘉罗公路212号5幢113室,64,C,35,358,3589,1,1,0,1,0,0,0,0,0,0,0,0,0,李嘉博,MOCK_PERSON_0132,钱嘉博,MOCK_PERSON_0130,MOCK_ORG_SH_JD_05,MOCK_ORG_SH_JD,MOCK_ORG_SH_JD_05,MOCK_ORG_SH_JD,0,1,0,1,1,0,,20241114,20241111,20241113,,0,0.00000000,0,0,1,1,0,0,0,0,0,20241103,1,1,1956218.00000000,3,0,1,0,0,0,0,1112640.65000000,933607.93000000,927392.10000000,912000.53000000,0,0,0,0,0,0,0,0,0.00000000,0.00000000,0.00000000,0.00000000,0.00000000,0.00000000,0.00000000,0.00000000,0.00000000,20260917,912000.00000000,410400.00000000,0.00000000,0.00000000,0,0,0,0,0,0,0,0,1,0,0,1,0,0,0,,0.00000000,,,0,0,0,0,0,0,40–59,0,0,0,0,0,0,0,0,,,1,0,12,0,0.00000000,0.00000000,0.00000000,,64,0,1,1,正常,0,20260917
MOCK_TAG_0133,MOCK_CUST_0133,MOCK_ECIF_0133,上海屿川信息科技有限公司,913101127000013381,20120115,存续,软件开发、信息系统集成及技术咨询,700000.00000000,CNY,280000.00000000,CNY,私人控股,私营有限责任公司,小型,310000,310100,310112,上海市闵行区联航路213号6幢114室,42,I,65,651,6513,1,1,0,1,0,0,0,0,0,0,0,0,0,周嘉博,MOCK_PERSON_0133,吴嘉博,MOCK_PERSON_0134,MOCK_ORG_SH_MH_06,MOCK_ORG_SH_MH,MOCK_ORG_SH_MH_06,MOCK_ORG_SH_MH,1,0,0,1,1,0,20260603,,20221221,20221223,,123,1532377.06000000,41,1,1,1,0,0,0,0,0,20221218,1,1,2129946.00000000,4,0,1,0,0,0,0,28000.10000000,28000.10000000,28000.10000000,28000.10000000,0,0,0,0,0,0,0,0,0.00000000,0.00000000,0.00000000,0.00000000,0.00000000,0.00000000,0.00000000,0.00000000,0.00000000,20260917,343000.00000000,250390.00000000,0.00000000,0.00000000,0,0,0,0,0,0,0,0,0,0,0,1,0,0,0,B,399000.00000000,CNY,嘉禾产业投资02,0,0,0,0,0,0,40–59,0,0,0,0,0,0,0,0,,,1,0,12,3,0.00000000,0.00000000,12458.35008130,20260820,42,0,1,1,正常,0,20260917
MOCK_TAG_0134,MOCK_CUST_0134,MOCK_ECIF_0134,宁波屿原供应链有限公司,913302127000013469,20230406,存续,仓储服务、国内货物运输代理,900000.00000000,CNY,747000.00000000,CNY,私人控股,私营有限责任公司,小型,330000,330200,330212,宁波市鄞州区首南东路214号7幢115室,80,G,58,582,5821,1,0,0,1,0,0,0,0,0,0,0,0,0,吴嘉博,MOCK_PERSON_0134,周嘉博,MOCK_PERSON_0133,MOCK_ORG_ZJ_NB_07,MOCK_ORG_ZJ_NB,MOCK_ORG_ZJ_NB_07,MOCK_ORG_ZJ_NB,0,0,0,1,0,0,,,20260617,,,0,0.00000000,0,0,1,0,0,0,0,0,0,20260607,1,1,556746.00000000,2,0,1,0,0,0,0,459000.73000000,181834.90000000,129526.23000000,129526.23000000,0,0,0,0,0,0,0,0,0.00000000,0.00000000,0.00000000,0.00000000,0.00000000,0.00000000,0.00000000,0.00000000,0.00000000,20260917,207000.00000000,49680.00000000,0.00000000,0.00000000,0,0,0,0,0,0,0,0,0,0,0,0,0,0,0,,0.00000000,,,0,0,0,0,0,0,,0,0,0,0,0,0,0,0,,,0,0,4,0,0.00000000,0.00000000,0.00000000,,80,0,1,0,正常,0,20260917
MOCK_TAG_0135,MOCK_CUST_0135,MOCK_ECIF_0135,苏州屿辰医疗科技有限公司,91320571700001354X,20140613,存续,医疗器械研发、技术咨询及销售,2200000.00000000,CNY,1254000.00000000,CNY,私人控股,私营有限责任公司,小型,320000,320500,320571,苏州市工业园区星湖街215号8幢116室,21,C,35,358,3589,1,1,0,1,0,0,0,0,0,0,0,0,0,郑嘉博,MOCK_PERSON_0135,王嘉博,MOCK_PERSON_0136,MOCK_ORG_JS_SZ_08,MOCK_ORG_JS_SZ,MOCK_ORG_JS_SZ_08,MOCK_ORG_JS_SZ,0,1,0,1,1,0,,20240322,20240319,20240321,,0,0.00000000,0,0,1,1,0,0,0,0,0,20240315,1,1,1465394.00000000,4,0,1,0,0,0,0,2881561.21000000,1051062.29000000,982866.38000000,814000.34000000,0,0,0,0,0,0,0,0,0.00000000,0.00000000,0.00000000,0.00000000,0.00000000,0.00000000,0.00000000,0.00000000,0.00000000,20260917,1078000.00000000,150920.00000000,0.00000000,0.00000000,0,0,0,0,0,0,0,0,1,0,0,1,0,0,0,,0.00000000,,,0,0,0,0,0,0,0–19,0,0,0,0,0,0,0,0,,,1,0,12,0,0.00000000,0.00000000,0.00000000,,21,0,1,1,正常,0,20260917
MOCK_TAG_0136,MOCK_CUST_0136,MOCK_ECIF_0136,苏州屿宁食品有限公司,91320571700001362Q,20110313,存续,食品加工、预包装食品销售,41500000.00000000,CNY,36105000.00000000,CNY,私人控股,私营有限责任公司,中型,320000,320500,320571,苏州市工业园区星湖街216号1幢117室,93,C,14,149,1499,1,0,0,1,0,0,0,0,0,0,0,0,0,王嘉博,MOCK_PERSON_0136,郑嘉博,MOCK_PERSON_0135,MOCK_ORG_JS_SZ_01,MOCK_ORG_JS_SZ,MOCK_ORG_JS_SZ_01,MOCK_ORG_JS_SZ,1,1,0,1,0,0,20260111,20220813,20220810,,,704,4773344.61000000,88,1,1,0,0,0,0,0,0,20220806,1,1,2524238.00000000,5,0,1,0,0,1,0,11275551.44000000,6602650.84000000,6255244.64000000,5395000.69000000,0,0,0,0,0,0,0,0,0.00000000,0.00000000,0.00000000,0.00000000,0.00000000,0.00000000,0.00000000,0.00000000,0.00000000,20260917,2075000.00000000,456500.00000000,0.00000000,0.00000000,0,0,0,0,0,0,0,0,0,0,0,0,0,0,0,,0.00000000,,,0,0,0,0,0,0,,0,0,0,0,0,0,0,0,,,1,0,12,8,0.00000000,0.00000000,6780.31904830,20260820,93,0,1,0,正常,0,20260917
MOCK_TAG_0137,MOCK_CUST_0137,MOCK_ECIF_0137,宁波屿知供应链有限公司,91330212700001370R,20080722,存续,仓储服务、国内货物运输代理,1700000.00000000,CNY,1173000.00000000,CNY,私人控股,私营有限责任公司,小型,330000,330200,330212,宁波市鄞州区首南东路217号2幢118室,54,G,58,582,5821,1,0,0,1,0,0,0,0,0,0,0,0,0,陈嘉博,MOCK_PERSON_0137,杨嘉博,MOCK_PERSON_0138,MOCK_ORG_ZJ_NB_02,MOCK_ORG_ZJ_NB,MOCK_ORG_ZJ_NB_02,MOCK_ORG_ZJ_NB,1,1,0,1,1,0,20251005,20250801,20250729,20250731,,440,3659204.90000000,40,1,1,1,0,0,0,0,0,20250728,1,1,2077530.00000000,4,0,1,0,0,0,0,221000.42000000,891073.44000000,634737.24000000,634737.24000000,1,0,0,0,0,0,0,0,1428000.00000000,1118124.00000000,1118124.00000000,309876.00000000,1118124.00000000,894523.92000000,1118124.00000000,0.00000000,0.00000000,20260917,2618000.00000000,1915424.00000000,1428000.00000000,1118124.00000000,0,0,0,0,0,0,0,0,0,0,0,0,0,0,0,B,1207000.00000000,CNY,嘉禾产业投资06,0,0,0,0,0,0,,0,0,0,0,0,0,0,0,,,1,0,12,11,0.00000000,0.54545455,8316.37477273,20260820,54,0,1,1,正常,0,20260917
MOCK_TAG_0138,MOCK_CUST_0138,MOCK_ECIF_0138,宁波屿禾商贸有限公司,91330212700001389N,20060304,存续,日用百货、五金及电子产品批发,2000000.00000000,CNY,1720000.00000000,CNY,私人控股,私营有限责任公司,小型,330000,330200,330212,宁波市鄞州区首南东路218号3幢119室,84,F,51,513,5135,1,0,0,1,0,0,0,0,0,0,0,0,0,杨嘉博,MOCK_PERSON_0138,陈嘉博,MOCK_PERSON_0137,MOCK_ORG_ZJ_NB_03,MOCK_ORG_ZJ_NB,MOCK_ORG_ZJ_NB_03,MOCK_ORG_ZJ_NB,1,0,0,1,1,0,20260226,,20221025,20221027,,525,3886879.05000000,75,1,1,1,0,0,0,0,0,20221022,1,1,1907754.00000000,4,0,1,0,0,0,0,960000.71000000,960000.71000000,960000.71000000,960000.71000000,0,0,0,0,0,0,0,0,0.00000000,0.00000000,0.00000000,0.00000000,0.00000000,0.00000000,0.00000000,0.00000000,0.00000000,20260917,360000.00000000,104400.00000000,0.00000000,0.00000000,0,0,0,0,0,0,0,0,0,0,0,0,0,0,0,,0.00000000,,,0,0,0,0,0,0,,0,0,0,0,0,0,0,0,,,1,0,12,7,596250.98000000,0.00000000,7403.57914286,20260905,84,0,1,1,正常,0,20260917
MOCK_TAG_0139,MOCK_CUST_0139,MOCK_ECIF_0139,上海屿润医疗科技有限公司,913101147000013971,20110108,存续,医疗器械研发、技术咨询及销售,3600000.00000000,CNY,1476000.00000000,CNY,私人控股,私营有限责任公司,小型,310000,310100,310114,上海市嘉定区嘉罗公路219号4幢120室,82,C,35,358,3589,1,1,0,1,0,0,0,0,0,0,0,0,0,黄嘉博,MOCK_PERSON_0139,徐嘉博,MOCK_PERSON_0140,MOCK_ORG_SH_JD_04,MOCK_ORG_SH_JD,MOCK_ORG_SH_JD_04,MOCK_ORG_SH_JD,1,1,0,1,1,0,20260601,20220905,20220902,20220904,,276,3271292.04000000,69,1,1,1,0,0,0,0,0,20220831,1,1,2203050.00000000,4,0,1,0,0,0,0,567001.36000000,240328.27000000,222973.68000000,180000.43000000,0,0,0,0,0,0,0,0,0.00000000,0.00000000,0.00000000,0.00000000,0.00000000,0.00000000,0.00000000,0.00000000,0.00000000,20260917,2736000.00000000,601920.00000000,0.00000000,0.00000000,0,0,0,0,0,0,0,0,0,0,0,1,0,0,0,C,1188000.00000000,CNY,嘉禾产业投资08,0,0,0,0,0,0,0–19,0,0,0,0,0,0,0,0,,,1,0,12,4,804540.86000000,0.00000000,11852.50739130,20260915,82,0,1,1,正常,0,20260917
MOCK_TAG_0140,MOCK_CUST_0140,MOCK_ECIF_0140,上海屿森信息科技有限公司,9131011570000140X0,20090213,存续,软件开发、信息系统集成及技术咨询,2000000.00000000,CNY,1640000.00000000,CNY,私人控股,私营有限责任公司,小型,310000,310100,310115,上海市浦东新区金海路220号5幢101室,53,I,65,651,6513,1,1,0,1,0,0,0,0,0,0,0,0,0,徐嘉博,MOCK_PERSON_0140,黄嘉博,MOCK_PERSON_0139,MOCK_ORG_SH_PD_05,MOCK_ORG_SH_PD,MOCK_ORG_SH_PD_05,MOCK_ORG_SH_PD,1,0,0,1,1,0,20251125,,20230316,20230318,,460,6054755.08000000,46,1,1,1,0,0,0,0,0,20230314,1,1,1896436.00000000,4,0,1,0,0,0,0,3010400.85000000,1216717.27000000,1171634.30000000,1060000.30000000,0,0,0,0,0,0,0,0,0.00000000,0.00000000,0.00000000,0.00000000,0.00000000,0.00000000,0.00000000,0.00000000,0.00000000,20260917,1520000.00000000,273600.00000000,0.00000000,0.00000000,0,0,0,0,0,0,0,0,0,0,0,1,0,0,0,B,480000.00000000,CNY,嘉禾产业投资09,0,0,0,0,0,0,60–79,0,0,0,0,0,0,0,0,,,1,0,12,10,678500.41000000,0.00000000,13162.51104348,20260915,53,0,1,1,正常,0,20260917
MOCK_TAG_0141,MOCK_CUST_0141,MOCK_ECIF_0141,苏州屿远医疗科技有限公司,91320571700001418U,20161211,存续,医疗器械研发、技术咨询及销售,4900000.00000000,CNY,4704000.00000000,CNY,私人控股,私营有限责任公司,小型,320000,320500,320571,苏州市工业园区星湖街221号6幢102室,54,C,35,358,3589,1,1,0,1,0,0,0,0,0,0,0,0,0,朱嘉博,MOCK_PERSON_0141,胡嘉博,MOCK_PERSON_0142,MOCK_ORG_JS_SZ_06,MOCK_ORG_JS_SZ,MOCK_ORG_JS_SZ_06,MOCK_ORG_JS_SZ,0,0,0,1,1,0,,,20220814,20220816,,0,0.00000000,0,0,1,1,0,1,0,0,0,20220805,1,1,1376290.00000000,4,0,1,0,0,0,0,2499000.08000000,2253758.77000000,1605417.21000000,1605417.21000000,1,0,0,0,0,0,0,0,5880000.00000000,2813580.00000000,2813580.00000000,3066420.00000000,2813580.00000000,2254968.69000000,2813580.00000000,0.00000000,0.00000000,20260917,9261000.00000000,4267410.00000000,5880000.00000000,2813580.00000000,0,0,0,0,0,0,0,0,0,0,0,1,0,0,0,,0.00000000,,,0,0,0,0,0,0,60–79,0,0,0,0,0,0,0,0,,,1,0,12,0,0.00000000,0.63492063,0.00000000,,54,0,1,1,正常,0,20260917
MOCK_TAG_0142,MOCK_CUST_0142,MOCK_ECIF_0142,苏州屿衡医疗科技有限公司,91320571700001426N,20221017,存续,医疗器械研发、技术咨询及销售,2800000.00000000,CNY,1652000.00000000,CNY,私人控股,私营有限责任公司,小型,320000,320500,320571,苏州市工业园区星湖街222号7幢103室,53,C,35,358,3589,1,1,0,1,0,0,0,0,0,0,0,0,0,胡嘉博,MOCK_PERSON_0142,朱嘉博,MOCK_PERSON_0141,MOCK_ORG_JS_SZ_07,MOCK_ORG_JS_SZ,MOCK_ORG_JS_SZ_07,MOCK_ORG_JS_SZ,1,0,0,1,1,0,20260330,,20250527,20250529,,222,2389093.12000000,37,1,1,1,0,0,0,0,0,20250517,1,1,2108654.00000000,4,0,1,0,0,0,0,4119082.62000000,1689745.08000000,1582229.61000000,1316000.84000000,0,0,0,0,0,0,0,0,0.00000000,0.00000000,0.00000000,0.00000000,0.00000000,0.00000000,0.00000000,0.00000000,0.00000000,20260917,896000.00000000,241920.00000000,0.00000000,0.00000000,0,0,0,0,0,0,0,0,1,0,0,1,0,0,0,,0.00000000,,,0,0,0,0,0,0,0–19,0,0,0,0,0,0,0,0,,,1,0,12,6,390720.59000000,0.00000000,10761.68072072,20260915,53,0,1,1,正常,0,20260917
MOCK_TAG_0143,MOCK_CUST_0143,MOCK_ECIF_0143,杭州屿昕食品有限公司,91330108700001434R,20120921,存续,食品加工、预包装食品销售,37800000.00000000,CNY,11718000.00000000,CNY,私人控股,私营有限责任公司,中型,330000,330100,330108,杭州市滨江区江陵路223号8幢104室,454,C,14,149,1499,1,0,0,1,0,0,0,0,0,0,0,0,0,林嘉博,MOCK_PERSON_0143,赵远博,MOCK_PERSON_0017,MOCK_ORG_ZJ_HZ_08,MOCK_ORG_ZJ_HZ,MOCK_ORG_ZJ_HZ_08,MOCK_ORG_ZJ_HZ,0,1,0,1,1,0,,20260817,20260814,20260816,,0,0.00000000,0,0,1,1,0,0,0,0,0,20260812,1,1,391130.00000000,1,0,1,0,0,1,0,9828000.09000000,1398600.01000000,996263.02000000,996263.02000000,0,0,0,0,0,0,0,0,0.00000000,0.00000000,0.00000000,0.00000000,0.00000000,0.00000000,0.00000000,0.00000000,0.00000000,20260917,5670000.00000000,2891700.00000000,0.00000000,0.00000000,0,0,0,0,0,0,0,0,0,0,0,0,0,0,0,,0.00000000,,,0,0,0,0,0,0,,0,0,0,0,0,0,0,0,MOCK_GROUP_44,产业集团44,0,0,2,0,0.00000000,0.00000000,0.00000000,,454,0,1,1,正常,0,20260917
MOCK_TAG_0144,MOCK_CUST_0144,MOCK_ECIF_0144,上海屿途医疗科技有限公司,913101147000014422,20160322,存续,医疗器械研发、技术咨询及销售,700000.00000000,CNY,651000.00000000,CNY,私人控股,私营有限责任公司,小型,310000,310100,310114,上海市嘉定区嘉罗公路224号1幢105室,83,C,35,358,3589,1,1,0,1,0,0,0,0,0,0,0,0,0,何嘉博,MOCK_PERSON_0144,赵涵博,MOCK_PERSON_0145,MOCK_ORG_SH_JD_01,MOCK_ORG_SH_JD,MOCK_ORG_SH_JD_01,MOCK_ORG_SH_JD,1,0,0,1,0,0,20251101,,20220823,,,627,7339042.92000000,57,1,1,0,0,0,0,0,0,20220822,1,1,2234002.00000000,4,0,1,0,0,0,0,168000.80000000,195795.43000000,187799.72000000,187799.72000000,1,0,0,0,0,0,0,0,221200.00000000,0.00000000,0.00000000,221200.00000000,0.00000000,27794.63000000,0.00000000,0.00000000,0.00000000,20260917,375200.00000000,80080.00000000,221200.00000000,0.00000000,0,0,0,0,0,0,0,0,1,0,0,1,0,0,0,,0.00000000,,,0,0,0,0,0,0,0–19,0,0,0,0,0,0,0,0,,,1,0,12,11,558030.60000000,0.58955224,11705.01263158,20260910,83,0,1,0,正常,0,20260917
MOCK_TAG_0145,MOCK_CUST_0145,MOCK_ECIF_0145,上海澄川供应链恒有限公司,91310114700001450W,20201115,存续,仓储服务、国内货物运输代理,3000000.00000000,CNY,1890000.00000000,CNY,私人控股,私营有限责任公司,小型,310000,310100,310114,上海市嘉定区嘉罗公路225号2幢106室,66,G,58,582,5821,1,0,0,1,0,0,0,0,0,0,0,0,0,赵涵博,MOCK_PERSON_0145,何嘉博,MOCK_PERSON_0144,MOCK_ORG_SH_JD_02,MOCK_ORG_SH_JD,MOCK_ORG_SH_JD_02,MOCK_ORG_SH_JD,1,0,0,1,1,0,20260303,,20241101,20241103,,420,3441603.97000000,60,1,1,1,0,0,0,0,0,20241024,1,1,2227282.00000000,4,0,1,0,0,0,0,1402500.75000000,640344.57000000,602848.27000000,510000.27000000,0,0,0,0,0,0,0,0,0.00000000,0.00000000,0.00000000,0.00000000,0.00000000,0.00000000,0.00000000,0.00000000,0.00000000,20260917,2340000.00000000,444600.00000000,0.00000000,0.00000000,0,0,0,0,0,0,0,0,0,0,0,0,0,0,0,C,1740000.00000000,CNY,嘉禾产业投资02,0,0,0,0,0,0,,0,0,0,0,0,0,0,0,,,1,0,12,7,475200.83000000,0.00000000,8194.29516667,20260910,66,0,1,1,正常,0,20260917
MOCK_TAG_0146,MOCK_CUST_0146,MOCK_ECIF_0146,杭州澄原食品恒有限公司,91330108700001469C,20180922,存续,食品加工、预包装食品销售,4800000.00000000,CNY,2784000.00000000,CNY,私人控股,私营有限责任公司,小型,330000,330100,330108,杭州市滨江区江陵路226号3幢107室,47,C,14,149,1499,1,0,0,1,0,0,0,0,0,0,0,0,0,钱涵博,MOCK_PERSON_0146,孙涵博,MOCK_PERSON_0147,MOCK_ORG_ZJ_HZ_03,MOCK_ORG_ZJ_HZ,MOCK_ORG_ZJ_HZ_03,MOCK_ORG_ZJ_HZ,0,0,0,0,1,0,,,,20250223,,0,0.00000000,0,0,0,1,0,0,0,0,0,20250214,1,1,1899562.00000000,4,0,1,0,0,0,0,1344000.54000000,2460486.26000000,2139305.44000000,2139305.44000000,1,0,0,0,0,0,0,0,7670400.00000000,0.00000000,0.00000000,7670400.00000000,0.00000000,1116485.72000000,0.00000000,0.00000000,0.00000000,20260917,9206400.00000000,1029120.00000000,7670400.00000000,0.00000000,0,0,0,0,0,0,0,0,0,0,0,0,0,0,0,,0.00000000,,,0,0,0,0,0,0,,0,0,0,0,0,0,0,0,,,1,0,12,0,0.00000000,0.83315954,0.00000000,,47,0,0,1,正常,0,20260917
MOCK_TAG_0147,MOCK_CUST_0147,MOCK_ECIF_0147,上海澄辰食品恒有限公司,91310114700001477L,20191202,存续,食品加工、预包装食品销售,2000000.00000000,CNY,720000.00000000,CNY,私人控股,私营有限责任公司,小型,310000,310100,310114,上海市嘉定区嘉罗公路227号4幢108室,27,C,14,149,1499,1,0,0,1,0,0,0,0,0,0,0,0,0,孙涵博,MOCK_PERSON_0147,钱涵博,MOCK_PERSON_0146,MOCK_ORG_SH_JD_04,MOCK_ORG_SH_JD,MOCK_ORG_SH_JD_04,MOCK_ORG_SH_JD,1,1,0,1,1,0,20260415,20220919,20220916,20220918,,105,674311.83000000,21,1,1,1,0,0,0,0,0,20220913,1,1,2250654.00000000,4,0,1,0,0,0,0,960000.61000000,960000.61000000,960000.61000000,960000.61000000,0,0,0,0,0,0,0,0,0.00000000,0.00000000,0.00000000,0.00000000,0.00000000,0.00000000,0.00000000,0.00000000,0.00000000,20260917,80000.00000000,41600.00000000,0.00000000,0.00000000,0,0,0,0,0,0,0,0,0,0,0,0,0,0,0,,0.00000000,,,0,0,0,0,0,0,,0,0,0,0,0,0,0,0,,,1,0,12,5,137865.14000000,0.00000000,6422.01742857,20260905,27,0,1,1,正常,0,20260917
MOCK_TAG_0148,MOCK_CUST_0148,MOCK_ECIF_0148,宁波澄宁医疗科技恒有限公司,913302127000014850,20100910,存续,医疗器械研发、技术咨询及销售,40500000.00000000,CNY,33210000.00000000,CNY,私人控股,私营有限责任公司,中型,330000,330200,330212,宁波市鄞州区首南东路228号5幢109室,346,C,35,358,3589,1,1,0,1,0,0,0,0,0,0,0,0,0,李涵博,MOCK_PERSON_0148,周涵博,MOCK_PERSON_0149,MOCK_ORG_ZJ_NB_05,MOCK_ORG_ZJ_NB,MOCK_ORG_ZJ_NB_05,MOCK_ORG_ZJ_NB,0,1,0,1,1,0,,20231020,20231017,20231019,,0,0.00000000,0,0,1,1,0,0,0,0,0,20231008,1,1,2409986.00000000,4,0,1,0,0,1,0,4455000.48000000,11970230.33000000,9808314.89000000,9808314.89000000,1,0,0,0,0,0,0,0,23004000.00000000,0.00000000,0.00000000,23004000.00000000,0.00000000,7515229.85000000,0.00000000,0.00000000,0.00000000,20260917,44874000.00000000,13122000.00000000,23004000.00000000,0.00000000,0,0,0,0,0,0,0,0,1,0,0,1,0,0,0,,0.00000000,,,0,0,0,0,0,0,0–19,0,0,0,0,0,0,0,0,,,1,0,12,0,0.00000000,0.51263538,0.00000000,,346,0,1,1,正常,0,20260917
MOCK_TAG_0149,MOCK_CUST_0149,MOCK_ECIF_0149,苏州澄知供应链恒有限公司,91320571700001493L,20160207,存续,仓储服务、国内货物运输代理,4800000.00000000,CNY,1584000.00000000,CNY,私人控股,私营有限责任公司,小型,320000,320500,320571,苏州市工业园区星湖街229号6幢110室,36,G,58,582,5821,1,0,0,1,0,0,0,0,0,0,0,0,0,周涵博,MOCK_PERSON_0149,李涵博,MOCK_PERSON_0148,MOCK_ORG_JS_SZ_06,MOCK_ORG_JS_SZ,MOCK_ORG_JS_SZ_06,MOCK_ORG_JS_SZ,0,0,0,1,1,0,,,20240126,20240128,,0,0.00000000,0,0,1,1,0,0,0,0,0,20240118,1,1,1673904.00000000,3,0,1,0,0,0,0,6789600.55000000,4439506.77000000,3162388.39000000,2927198.89000000,1,0,0,0,0,0,0,0,6984000.00000000,4008816.00000000,4008816.00000000,2975184.00000000,4008816.00000000,4117186.19000000,4008816.00000000,0.00000000,0.00000000,20260917,7320000.00000000,4156656.00000000,6984000.00000000,4008816.00000000,0,0,0,0,0,0,0,0,0,0,0,0,0,0,0,,0.00000000,,,0,0,0,0,0,0,,0,0,0,0,0,0,0,0,,,1,0,12,0,0.00000000,0.95409836,0.00000000,,36,0,1,1,正常,0,20260917
MOCK_TAG_0150,MOCK_CUST_0150,MOCK_ECIF_0150,上海澄禾精密制造恒有限公司,913101127000015063,20120620,存续,工业零部件、自动化设备的研发与制造,4800000.00000000,CNY,1632000.00000000,CNY,私人控股,私营有限责任公司,小型,310000,310100,310112,上海市闵行区联航路230号7幢111室,36,C,34,348,3484,1,0,0,1,0,0,0,0,0,0,0,0,0,吴涵博,MOCK_PERSON_0150,郑涵博,MOCK_PERSON_0151,MOCK_ORG_SH_MH_07,MOCK_ORG_SH_MH,MOCK_ORG_SH_MH_07,MOCK_ORG_SH_MH,0,0,0,1,1,1,,,20250725,20250727,20250729,0,0.00000000,0,0,1,1,0,0,0,0,0,20250718,1,1,1808440.00000000,3,1,1,0,0,0,0,0.00000000,122.98000000,123.11000000,123.11000000,0,0,0,0,0,0,0,0,0.00000000,0.00000000,0.00000000,0.00000000,0.00000000,0.00000000,0.00000000,0.00000000,0.00000000,20260917,3216000.00000000,1029120.00000000,0.00000000,0.00000000,0,0,0,0,0,0,0,0,0,0,0,0,0,0,0,,0.00000000,,,0,0,0,0,0,0,,0,0,0,0,0,0,0,0,,,1,0,12,0,0.00000000,0.00000000,0.00000000,,36,0,1,1,正常,0,20260917
MOCK_TAG_0151,MOCK_CUST_0151,MOCK_ECIF_0151,上海澄润医疗科技恒有限公司,91310112700001514X,20130329,存续,医疗器械研发、技术咨询及销售,11600000.00000000,CNY,9164000.00000000,CNY,私人控股,私营有限责任公司,中型,310000,310100,310112,上海市闵行区联航路231号8幢112室,354,C,35,358,3589,1,1,0,1,0,0,0,0,0,0,0,0,0,郑涵博,MOCK_PERSON_0151,吴涵博,MOCK_PERSON_0150,MOCK_ORG_SH_MH_08,MOCK_ORG_SH_MH,MOCK_ORG_SH_MH_08,MOCK_ORG_SH_MH,0,0,0,1,1,0,,,20230213,20230215,,0,0.00000000,0,0,1,1,0,1,0,0,0,20230209,1,1,2142596.00000000,4,0,1,0,0,1,0,7192000.18000000,13714769.41000000,11838356.34000000,11838356.34000000,1,0,0,0,0,0,0,0,18560000.00000000,0.00000000,0.00000000,18560000.00000000,0.00000000,6522769.23000000,0.00000000,0.00000000,0.00000000,20260917,27492000.00000000,5180560.00000000,18560000.00000000,0.00000000,0,0,0,0,0,0,0,0,1,0,0,1,0,0,0,,0.00000000,,,0,0,0,0,0,0,60–79,0,0,0,0,0,0,0,0,,,1,0,12,0,0.00000000,0.67510549,0.00000000,,354,0,1,1,正常,0,20260917
MOCK_TAG_0152,MOCK_CUST_0152,MOCK_ECIF_0152,宁波澄森信息科技恒有限公司,913302127000015226,20220529,存续,软件开发、信息系统集成及技术咨询,17800000.00000000,CNY,17444000.00000000,CNY,私人控股,私营有限责任公司,中型,330000,330200,330212,宁波市鄞州区首南东路232号1幢113室,151,I,65,651,6513,1,1,0,1,0,0,0,0,0,0,0,0,0,王涵博,MOCK_PERSON_0152,王涵博,MOCK_PERSON_0152,MOCK_ORG_ZJ_NB_01,MOCK_ORG_ZJ_NB,MOCK_ORG_ZJ_NB_01,MOCK_ORG_ZJ_NB,1,1,0,1,0,0,20251216,20241222,20241219,,,1125,15273442.83000000,125,1,1,0,0,0,0,0,0,20241215,1,1,2593228.00000000,4,0,1,0,0,1,0,9546141.47000000,5998279.15000000,5860116.90000000,5518000.85000000,0,0,0,0,0,0,0,0,0.00000000,0.00000000,0.00000000,0.00000000,0.00000000,0.00000000,0.00000000,0.00000000,0.00000000,20260917,356000.00000000,96120.00000000,0.00000000,0.00000000,0,0,0,0,0,0,0,0,1,0,0,1,0,0,0,,0.00000000,,,0,0,0,0,0,0,20–39,0,0,0,0,0,0,0,0,MOCK_GROUP_30,产业集团30,1,0,12,9,0.00000000,0.00000000,13576.39362667,20260825,151,0,1,0,正常,0,20260917
MOCK_TAG_0153,MOCK_CUST_0153,MOCK_ECIF_0153,上海澄远医疗科技恒有限公司,91310115700001530Y,20130103,存续,医疗器械研发、技术咨询及销售,4800000.00000000,CNY,1776000.00000000,CNY,私人控股,私营有限责任公司,小型,310000,310100,310115,上海市浦东新区金海路233号2幢114室,45,C,35,358,3589,1,1,0,1,0,0,0,0,0,0,0,0,0,陈涵博,MOCK_PERSON_0153,王安博,MOCK_PERSON_0120,MOCK_ORG_SH_PD_02,MOCK_ORG_SH_PD,MOCK_ORG_SH_PD_02,MOCK_ORG_SH_PD,0,1,0,1,1,0,,20250516,20250513,20250515,,0,0.00000000,0,0,1,1,0,0,0,0,0,20250507,1,1,2850042.00000000,4,0,1,0,0,0,0,5099521.64000000,3407321.71000000,3310859.59000000,3072000.99000000,0,0,0,0,0,0,0,0,0.00000000,0.00000000,0.00000000,0.00000000,0.00000000,0.00000000,0.00000000,0.00000000,0.00000000,20260917,3264000.00000000,913920.00000000,0.00000000,0.00000000,0,0,0,0,0,0,0,0,1,0,0,1,0,0,0,B,3408000.00000000,CNY,嘉禾产业投资10,0,0,0,0,0,0,0–19,0,0,0,0,0,0,0,0,MOCK_GROUP_21,产业集团21,1,0,12,0,0.00000000,0.00000000,0.00000000,,45,0,1,1,正常,0,20260917
MOCK_TAG_0154,MOCK_CUST_0154,MOCK_ECIF_0154,宁波澄衡信息科技恒有限公司,91330212700001549X,20210217,存续,软件开发、信息系统集成及技术咨询,49600000.00000000,CNY,18848000.00000000,CNY,私人控股,私营有限责任公司,中型,330000,330200,330212,宁波市鄞州区首南东路234号3幢115室,322,I,65,651,6513,1,1,0,1,0,0,0,0,0,0,0,0,0,杨涵博,MOCK_PERSON_0154,黄涵博,MOCK_PERSON_0155,MOCK_ORG_ZJ_NB_03,MOCK_ORG_ZJ_NB,MOCK_ORG_ZJ_NB_03,MOCK_ORG_ZJ_NB,0,0,0,1,1,0,,,20240229,20240302,,0,0.00000000,0,0,1,1,0,0,0,0,0,20240228,1,1,2252654.00000000,4,0,1,0,0,1,0,32636800.43000000,25316649.09000000,22028955.57000000,19515037.29000000,1,0,0,0,0,0,0,0,31347200.00000000,0.00000000,0.00000000,31347200.00000000,0.00000000,7899494.40000000,0.00000000,0.00000000,0.00000000,20260917,35811200.00000000,2142720.00000000,31347200.00000000,0.00000000,0,0,0,0,0,0,0,0,1,0,0,1,0,0,0,C,27776000.00000000,CNY,嘉禾产业投资11,0,0,0,0,0,0,0–19,0,0,0,0,0,0,0,0,,,1,0,12,0,0.00000000,0.87534626,0.00000000,,322,0,1,1,正常,0,20260917
MOCK_TAG_0155,MOCK_CUST_0155,MOCK_ECIF_0155,苏州澄昕供应链恒有限公司,91320571700001557J,20110323,存续,仓储服务、国内货物运输代理,1400000.00000000,CNY,854000.00000000,CNY,私人控股,私营有限责任公司,小型,320000,320500,320571,苏州市工业园区星湖街235号4幢116室,73,G,58,582,5821,1,0,0,1,0,0,0,0,0,0,0,0,0,黄涵博,MOCK_PERSON_0155,杨涵博,MOCK_PERSON_0154,MOCK_ORG_JS_SZ_04,MOCK_ORG_JS_SZ,MOCK_ORG_JS_SZ_04,MOCK_ORG_JS_SZ,0,0,0,1,1,0,,,20220519,20220521,,0,0.00000000,0,0,1,1,0,0,0,0,0,20220518,1,1,2057812.00000000,4,0,1,0,0,0,0,126000.68000000,189093.90000000,134697.02000000,134697.02000000,1,0,0,0,0,0,0,0,415800.00000000,230769.00000000,230769.00000000,185031.00000000,230769.00000000,189496.85000000,230769.00000000,0.00000000,0.00000000,20260917,1059800.00000000,333809.00000000,415800.00000000,230769.00000000,0,0,0,0,0,0,0,0,0,0,0,0,0,0,0,,0.00000000,,,0,0,0,0,0,0,,0,0,0,0,0,0,0,0,,,1,0,12,0,0.00000000,0.39233818,0.00000000,,73,0,1,1,正常,0,20260917
MOCK_TAG_0156,MOCK_CUST_0156,MOCK_ECIF_0156,上海澄途商贸恒有限公司,91310115700001565H,20100802,存续,日用百货、五金及电子产品批发,3400000.00000000,CNY,2108000.00000000,CNY,私人控股,私营有限责任公司,小型,310000,310100,310115,上海市浦东新区金海路236号5幢117室,26,F,51,513,5135,1,0,0,1,0,0,0,0,0,0,0,0,0,徐涵博,MOCK_PERSON_0156,朱涵博,MOCK_PERSON_0157,MOCK_ORG_SH_PD_05,MOCK_ORG_SH_PD,MOCK_ORG_SH_PD_05,MOCK_ORG_SH_PD,0,0,0,1,1,0,,,20260613,20260615,,0,0.00000000,0,0,1,1,0,0,0,0,0,20260605,1,1,986562.00000000,2,0,1,0,0,0,0,1938000.08000000,782653.88000000,557506.87000000,557506.87000000,0,0,0,0,0,0,0,0,0.00000000,0.00000000,0.00000000,0.00000000,0.00000000,0.00000000,0.00000000,0.00000000,0.00000000,20260917,34000.00000000,7480.00000000,0.00000000,0.00000000,0,0,0,0,0,0,0,0,0,0,0,0,0,0,0,,0.00000000,,,0,0,0,0,0,0,,0,0,0,0,0,0,0,0,,,0,0,4,0,0.00000000,0.00000000,0.00000000,,26,0,1,1,正常,0,20260917
MOCK_TAG_0157,MOCK_CUST_0157,MOCK_ECIF_0157,宁波禾川供应链恒有限公司,91330212700001573E,20170822,存续,仓储服务、国内货物运输代理,2100000.00000000,CNY,1449000.00000000,CNY,私人控股,私营有限责任公司,小型,330000,330200,330212,宁波市鄞州区首南东路237号6幢118室,26,G,58,582,5821,1,0,0,1,0,0,0,0,0,0,0,0,0,朱涵博,MOCK_PERSON_0157,徐涵博,MOCK_PERSON_0156,MOCK_ORG_ZJ_NB_06,MOCK_ORG_ZJ_NB,MOCK_ORG_ZJ_NB_06,MOCK_ORG_ZJ_NB,1,0,0,1,1,0,20260612,,20220819,20220821,,54,460802.04000000,18,1,1,1,0,0,0,0,0,20220815,1,1,2226092.00000000,4,0,1,0,0,0,0,302400.58000000,153865.68000000,145849.59000000,126000.24000000,0,0,0,0,0,0,0,0,0.00000000,0.00000000,0.00000000,0.00000000,0.00000000,0.00000000,0.00000000,0.00000000,0.00000000,20260917,168000.00000000,26880.00000000,0.00000000,0.00000000,0,0,0,0,0,0,0,0,0,0,0,0,0,0,0,,0.00000000,,,0,0,0,0,0,0,,0,0,0,0,0,0,0,0,,,1,0,12,3,0.00000000,0.00000000,8533.37111111,20260825,26,0,1,1,正常,0,20260917
MOCK_TAG_0158,MOCK_CUST_0158,MOCK_ECIF_0158,杭州禾原精密制造恒有限公司,91330108700001581B,20110720,存续,工业零部件、自动化设备的研发与制造,1700000.00000000,CNY,1632000.00000000,CNY,私人控股,私营有限责任公司,小型,330000,330100,330108,杭州市滨江区江陵路238号7幢119室,69,C,34,348,3484,1,0,0,1,0,0,0,0,0,0,0,0,0,胡涵博,MOCK_PERSON_0158,林涵博,MOCK_PERSON_0159,MOCK_ORG_ZJ_HZ_07,MOCK_ORG_ZJ_HZ,MOCK_ORG_ZJ_HZ_07,MOCK_ORG_ZJ_HZ,0,0,0,1,1,0,,,20250724,20250726,,0,0.00000000,0,0,1,1,0,0,0,0,0,20250719,1,1,1729476.00000000,4,0,1,0,0,0,0,748000.62000000,837717.47000000,777049.66000000,777049.66000000,1,0,0,0,1,0,0,0,550800.00000000,121176.00000000,121176.00000000,429624.00000000,121176.00000000,210892.85000000,121176.00000000,0.00000000,0.00000000,20260917,1009800.00000000,419526.00000000,550800.00000000,121176.00000000,0,0,0,0,0,0,0,0,0,0,0,0,0,0,0,,0.00000000,,,0,0,0,0,0,0,,0,0,0,0,0,0,0,0,,,1,0,12,0,0.00000000,0.54545455,0.00000000,,69,0,1,1,正常,0,20260917
MOCK_TAG_0159,MOCK_CUST_0159,MOCK_ECIF_0159,上海禾辰医疗科技恒有限公司,9131011270000159XK,20220410,存续,医疗器械研发、技术咨询及销售,300000.00000000,CNY,120000.00000000,CNY,私人控股,私营有限责任公司,小型,310000,310100,310112,上海市闵行区联航路239号8幢120室,78,C,35,358,3589,1,1,0,1,0,0,0,0,0,0,0,0,0,林涵博,MOCK_PERSON_0159,胡涵博,MOCK_PERSON_0158,MOCK_ORG_SH_MH_08,MOCK_ORG_SH_MH,MOCK_ORG_SH_MH_08,MOCK_ORG_SH_MH,1,1,0,0,1,0,20260126,20241224,,20241223,,496,5578764.06000000,62,1,0,1,0,0,0,0,0,20241219,1,1,2947294.00000000,4,1,1,0,0,0,0,0.00000000,122.98000000,123.11000000,123.11000000,0,0,0,0,0,0,0,0,0.00000000,0.00000000,0.00000000,0.00000000,0.00000000,0.00000000,0.00000000,0.00000000,0.00000000,20260917,135000.00000000,45900.00000000,0.00000000,0.00000000,0,0,0,0,0,0,0,0,1,0,0,1,0,0,0,,0.00000000,,,0,0,0,0,0,0,40–59,0,0,0,0,0,0,0,0,,,1,0,12,8,722920.34000000,0.00000000,11247.50818548,20260910,78,0,0,1,正常,0,20260917
MOCK_TAG_0160,MOCK_CUST_0160,MOCK_ECIF_0160,上海禾宁商贸恒有限公司,91310115700001602P,20150731,存续,日用百货、五金及电子产品批发,2800000.00000000,CNY,2464000.00000000,CNY,私人控股,私营有限责任公司,小型,310000,310100,310115,上海市浦东新区金海路240号1幢101室,28,F,51,513,5135,1,0,0,1,0,0,0,0,0,0,0,0,0,何涵博,MOCK_PERSON_0160,赵宇博,MOCK_PERSON_0161,MOCK_ORG_SH_PD_01,MOCK_ORG_SH_PD,MOCK_ORG_SH_PD_01,MOCK_ORG_SH_PD,0,0,0,1,1,1,,,20220722,20220724,20220726,0,0.00000000,0,0,1,1,0,0,0,0,0,20220715,1,1,2068736.00000000,4,0,1,0,0,0,0,2167760.43000000,1433212.59000000,1415603.57000000,1372000.27000000,0,0,0,0,0,0,0,0,0.00000000,0.00000000,0.00000000,0.00000000,0.00000000,0.00000000,0.00000000,0.00000000,0.00000000,20260917,252000.00000000,118440.00000000,0.00000000,0.00000000,0,0,0,0,0,0,0,0,0,0,0,0,0,0,0,,0.00000000,,,0,0,0,0,0,0,,0,0,0,0,0,0,0,0,,,1,0,12,0,0.00000000,0.00000000,0.00000000,,28,0,1,1,正常,0,20260917
MOCK_TAG_0161,MOCK_CUST_0161,MOCK_ECIF_0161,杭州禾知医疗科技恒有限公司,91330108700001610N,20100711,存续,医疗器械研发、技术咨询及销售,2400000.00000000,CNY,936000.00000000,CNY,私人控股,私营有限责任公司,小型,330000,330100,330108,杭州市滨江区江陵路241号2幢102室,66,C,35,358,3589,1,1,0,1,0,0,0,0,0,0,0,0,0,赵宇博,MOCK_PERSON_0161,何涵博,MOCK_PERSON_0160,MOCK_ORG_ZJ_HZ_02,MOCK_ORG_ZJ_HZ,MOCK_ORG_ZJ_HZ_02,MOCK_ORG_ZJ_HZ,1,1,0,1,0,0,20260602,20230228,20230225,,,224,2661121.65000000,56,1,1,0,0,1,0,0,0,20230220,1,1,1164440.00000000,3,0,1,0,0,0,0,1224000.58000000,2344560.58000000,2121115.98000000,2121115.98000000,1,0,0,0,0,0,0,0,2923200.00000000,0.00000000,0.00000000,2923200.00000000,0.00000000,1120560.00000000,0.00000000,0.00000000,0.00000000,20260917,3211200.00000000,28800.00000000,2923200.00000000,0.00000000,0,0,0,0,0,0,0,0,0,0,0,1,0,0,0,,0.00000000,,,0,0,0,0,0,0,60–79,0,0,0,0,0,0,0,0,,,1,0,12,4,609840.13000000,0.91031390,11880.00736607,20260915,66,0,1,0,正常,0,20260917
MOCK_TAG_0162,MOCK_CUST_0162,MOCK_ECIF_0162,宁波禾禾食品恒有限公司,91330212700001629H,20201107,存续,食品加工、预包装食品销售,2800000.00000000,CNY,2072000.00000000,CNY,私人控股,私营有限责任公司,小型,330000,330200,330212,宁波市鄞州区首南东路242号3幢103室,61,C,14,149,1499,1,0,0,1,0,0,0,0,0,0,0,0,0,钱宇博,MOCK_PERSON_0162,孙宇博,MOCK_PERSON_0163,MOCK_ORG_ZJ_NB_03,MOCK_ORG_ZJ_NB,MOCK_ORG_ZJ_NB_03,MOCK_ORG_ZJ_NB,1,0,0,1,1,0,20251217,,20230711,20230713,,531,3836923.14000000,59,1,1,1,0,0,0,0,0,20230709,1,1,2501866.00000000,4,0,1,0,0,0,0,1288000.20000000,1674574.84000000,1192847.83000000,1192847.83000000,1,0,0,0,0,0,0,0,3449600.00000000,1620277.12000000,1620277.12000000,1829322.88000000,1620277.12000000,1675852.83000000,1620277.12000000,0.00000000,0.00000000,20260917,5073600.00000000,2123717.12000000,3449600.00000000,1620277.12000000,0,0,0,0,0,0,0,0,0,0,0,0,0,0,0,,0.00000000,,,0,0,0,0,0,0,,0,0,0,0,0,0,0,0,,,1,0,12,9,460200.62000000,0.67991170,7225.84395480,20260905,61,0,1,1,正常,0,20260917
MOCK_TAG_0163,MOCK_CUST_0163,MOCK_ECIF_0163,宁波禾润供应链恒有限公司,91330212700001637C,20170128,存续,仓储服务、国内货物运输代理,1900000.00000000,CNY,760000.00000000,CNY,私人控股,私营有限责任公司,小型,330000,330200,330212,宁波市鄞州区首南东路243号4幢104室,52,G,58,582,5821,1,0,0,1,0,0,0,0,0,0,0,0,0,孙宇博,MOCK_PERSON_0163,钱宇博,MOCK_PERSON_0162,MOCK_ORG_ZJ_NB_04,MOCK_ORG_ZJ_NB,MOCK_ORG_ZJ_NB_04,MOCK_ORG_ZJ_NB,1,1,0,1,0,0,20260626,20240112,20240109,,,132,1221441.71000000,44,1,1,0,0,0,0,0,0,20240102,1,1,2176892.00000000,4,0,1,0,0,0,0,1580042.55000000,704310.43000000,585925.90000000,496185.37000000,1,0,0,0,0,0,0,0,912000.00000000,239217.60000000,239217.60000000,672782.40000000,239217.60000000,285545.27000000,239217.60000000,0.00000000,0.00000000,20260917,1311000.00000000,295077.60000000,912000.00000000,239217.60000000,0,0,0,0,0,0,0,0,0,0,0,0,0,0,0,B,1216000.00000000,CNY,嘉禾产业投资08,0,0,0,0,0,0,,0,0,0,0,0,0,0,0,,,1,0,12,3,418880.95000000,0.69565217,9253.34628788,20260910,52,0,1,0,正常,0,20260917
MOCK_TAG_0164,MOCK_CUST_0164,MOCK_ECIF_0164,杭州禾森食品恒有限公司,913301087000016459,20200213,存续,食品加工、预包装食品销售,700000.00000000,CNY,259000.00000000,CNY,私人控股,私营有限责任公司,小型,330000,330100,330108,杭州市滨江区江陵路244号5幢105室,66,C,14,149,1499,1,0,0,1,0,0,0,0,0,0,0,0,0,李宇博,MOCK_PERSON_0164,周宇博,MOCK_PERSON_0165,MOCK_ORG_ZJ_HZ_05,MOCK_ORG_ZJ_HZ,MOCK_ORG_ZJ_HZ_05,MOCK_ORG_ZJ_HZ,1,1,0,1,0,0,20251017,20241012,20241009,,,638,4380744.74000000,58,1,1,0,0,0,0,0,0,20241003,1,1,2378400.00000000,4,0,1,0,0,0,0,378000.74000000,414415.35000000,369849.34000000,369849.34000000,1,0,0,0,0,0,0,0,669900.00000000,118505.31000000,118505.31000000,551394.69000000,118505.31000000,154919.92000000,118505.31000000,0.00000000,0.00000000,20260917,739900.00000000,165405.31000000,669900.00000000,118505.31000000,0,0,0,0,0,0,0,0,0,0,0,0,0,0,0,,0.00000000,,,0,0,0,0,0,0,,0,0,0,0,0,0,0,0,,,1,0,12,11,0.00000000,0.90539262,6866.37106583,20260825,66,0,1,0,正常,0,20260917
MOCK_TAG_0165,MOCK_CUST_0165,MOCK_ECIF_0165,杭州禾远信息科技恒有限公司,913301087000016534,20061205,存续,软件开发、信息系统集成及技术咨询,3600000.00000000,CNY,1728000.00000000,CNY,私人控股,私营有限责任公司,小型,330000,330100,330108,杭州市滨江区江陵路245号6幢106室,38,I,65,651,6513,1,1,0,1,0,0,0,0,0,0,0,0,0,周宇博,MOCK_PERSON_0165,李宇博,MOCK_PERSON_0164,MOCK_ORG_ZJ_HZ_06,MOCK_ORG_ZJ_HZ,MOCK_ORG_ZJ_HZ_06,MOCK_ORG_ZJ_HZ,1,1,0,1,1,0,20260429,20230403,20230331,20230402,,140,1732501.65000000,28,1,1,1,0,0,0,0,0,20230326,1,1,2843118.00000000,5,0,1,0,0,0,0,774720.76000000,348580.03000000,331152.98000000,288000.28000000,0,0,0,0,0,0,0,0,0.00000000,0.00000000,0.00000000,0.00000000,0.00000000,0.00000000,0.00000000,0.00000000,0.00000000,20260917,2556000.00000000,613440.00000000,0.00000000,0.00000000,0,0,0,0,0,0,0,0,1,0,0,1,0,0,0,B,1440000.00000000,CNY,嘉禾产业投资10,0,0,0,0,0,0,40–59,0,0,0,0,0,0,0,0,,,1,0,12,5,318500.02000000,0.00000000,12375.01178571,20260910,38,0,1,1,正常,0,20260917
MOCK_TAG_0166,MOCK_CUST_0166,MOCK_ECIF_0166,宁波禾衡医疗科技恒有限公司,91330212700001661W,20150917,存续,医疗器械研发、技术咨询及销售,2400000.00000000,CNY,1512000.00000000,CNY,私人控股,私营有限责任公司,小型,330000,330200,330212,宁波市鄞州区首南东路246号7幢107室,27,C,35,358,3589,1,1,0,1,0,0,0,0,0,0,0,0,0,吴宇博,MOCK_PERSON_0166,吴宇博,MOCK_PERSON_0166,MOCK_ORG_ZJ_NB_07,MOCK_ORG_ZJ_NB,MOCK_ORG_ZJ_NB_07,MOCK_ORG_ZJ_NB,0,1,0,1,0,0,,20260620,20260617,,,0,0.00000000,0,0,1,0,0,0,0,0,0,20260614,1,1,298444.00000000,1,0,1,0,0,0,0,360000.55000000,132923.28000000,94685.08000000,94685.08000000,0,0,0,0,0,0,0,0,0.00000000,0.00000000,0.00000000,0.00000000,0.00000000,0.00000000,0.00000000,0.00000000,0.00000000,20260917,984000.00000000,639600.00000000,0.00000000,0.00000000,0,0,0,0,0,0,0,0,1,0,0,1,0,0,0,,0.00000000,,,0,0,0,0,0,0,60–79,0,0,0,0,0,0,0,0,MOCK_GROUP_08,产业集团08,0,0,4,0,0.00000000,0.00000000,0.00000000,,27,0,1,0,正常,0,20260917
MOCK_TAG_0167,MOCK_CUST_0167,MOCK_ECIF_0167,上海禾昕食品恒有限公司,9131011270000167X7,20110702,存续,食品加工、预包装食品销售,39200000.00000000,CNY,16072000.00000000,CNY,私人控股,私营有限责任公司,中型,310000,310100,310112,上海市闵行区联航路247号8幢108室,203,C,14,149,1499,1,0,0,1,0,0,0,0,0,0,0,0,0,郑宇博,MOCK_PERSON_0167,王宇博,MOCK_PERSON_0168,MOCK_ORG_SH_MH_08,MOCK_ORG_SH_MH,MOCK_ORG_SH_MH_08,MOCK_ORG_SH_MH,1,1,0,0,1,0,20260107,20221119,,20221118,,1674,12513154.05000000,186,1,0,1,0,0,0,0,0,20221108,1,1,2192640.00000000,4,0,1,0,0,1,0,12936000.40000000,28028346.17000000,19965397.27000000,19965397.27000000,1,0,0,0,0,0,0,0,63504000.00000000,26252553.60000000,26252553.60000000,37251446.40000000,26252553.60000000,28079563.68000000,26252553.60000000,0.00000000,0.00000000,20260917,77616000.00000000,34719753.60000000,63504000.00000000,26252553.60000000,0,0,0,0,0,0,0,0,0,0,0,0,0,0,0,C,10584000.00000000,CNY,嘉禾产业投资12,0,0,0,0,0,0,,0,0,0,0,0,0,0,0,,,1,0,12,9,1112280.71000000,0.81818182,7475.00241935,20260915,203,0,0,1,正常,0,20260917
MOCK_TAG_0168,MOCK_CUST_0168,MOCK_ECIF_0168,苏州禾途商贸恒有限公司,91320571700001688E,20081120,存续,日用百货、五金及电子产品批发,203700000.00000000,CNY,156849000.00000000,CNY,私人控股,私营有限责任公司,大型,320000,320500,320571,苏州市工业园区星湖街248号1幢109室,1723,F,51,513,5135,1,0,0,1,0,0,0,0,0,0,0,0,0,王宇博,MOCK_PERSON_0168,郑宇博,MOCK_PERSON_0167,MOCK_ORG_JS_SZ_01,MOCK_ORG_JS_SZ,MOCK_ORG_JS_SZ_01,MOCK_ORG_JS_SZ,0,0,0,1,1,1,,,20220516,20220518,20220520,0,0.00000000,0,0,1,1,0,0,0,0,0,20220512,1,1,1990336.00000000,4,0,1,0,0,0,0,300559350.00000000,167680747.50000000,157532929.73000000,132405000.00000000,0,0,0,0,0,0,0,0,0.00000000,0.00000000,0.00000000,0.00000000,0.00000000,0.00000000,0.00000000,0.00000000,0.00000000,20260917,46851000.00000000,18740400.00000000,0.00000000,0.00000000,0,0,0,0,0,0,0,0,0,0,0,0,0,0,0,A,57036000.00000000,CNY,嘉禾产业投资01,0,0,0,0,0,0,,0,0,0,0,0,0,0,0,,,1,0,12,0,0.00000000,0.00000000,0.00000000,,1723,0,1,1,正常,0,20260917
MOCK_TAG_0169,MOCK_CUST_0169,MOCK_ECIF_0169,宁波沐川商贸恒有限公司,91330212700001696F,20101228,存续,日用百货、五金及电子产品批发,3400000.00000000,CNY,1224000.00000000,CNY,私人控股,私营有限责任公司,小型,330000,330200,330212,宁波市鄞州区首南东路249号2幢110室,66,F,51,513,5135,1,0,0,1,0,0,0,0,0,0,0,0,0,陈宇博,MOCK_PERSON_0169,杨宇博,MOCK_PERSON_0170,MOCK_ORG_ZJ_NB_02,MOCK_ORG_ZJ_NB,MOCK_ORG_ZJ_NB_02,MOCK_ORG_ZJ_NB,1,1,0,1,0,0,20260404,20250504,20250501,,,280,2112603.45000000,56,1,1,0,0,0,0,0,0,20250428,1,1,2108782.00000000,4,0,1,0,0,0,0,1514360.28000000,2146255.40000000,1528839.46000000,1501348.82000000,1,0,0,0,0,0,0,0,4161600.00000000,2723767.20000000,2723767.20000000,1437832.80000000,2723767.20000000,2113692.65000000,2723767.20000000,0.00000000,0.00000000,20260917,5079600.00000000,3302107.20000000,4161600.00000000,2723767.20000000,0,0,0,0,0,0,0,0,0,0,0,0,0,0,0,,0.00000000,,,0,0,0,0,0,0,,0,0,0,0,0,0,0,0,,,1,0,12,5,0.00000000,0.81927711,7545.01232143,20260820,66,0,1,0,正常,0,20260917
MOCK_TAG_0170,MOCK_CUST_0170,MOCK_ECIF_0170,杭州沐原食品恒有限公司,913301087000017097,20150810,存续,食品加工、预包装食品销售,4000000.00000000,CNY,3560000.00000000,CNY,私人控股,私营有限责任公司,小型,330000,330100,330108,杭州市滨江区江陵路250号3幢111室,21,C,14,149,1499,1,0,0,1,0,0,0,0,0,0,0,0,0,杨宇博,MOCK_PERSON_0170,陈宇博,MOCK_PERSON_0169,MOCK_ORG_ZJ_HZ_03,MOCK_ORG_ZJ_HZ,MOCK_ORG_ZJ_HZ_03,MOCK_ORG_ZJ_HZ,0,0,0,1,0,0,,,20230707,,,0,0.00000000,0,0,1,0,0,0,0,0,0,20230627,1,1,2437150.00000000,4,0,1,0,0,0,0,2780800.81000000,1905268.25000000,1863478.90000000,1760000.51000000,0,0,0,0,0,0,0,0,0.00000000,0.00000000,0.00000000,0.00000000,0.00000000,0.00000000,0.00000000,0.00000000,0.00000000,20260917,1520000.00000000,592800.00000000,0.00000000,0.00000000,0,0,0,0,0,0,0,0,0,0,0,0,0,0,0,,0.00000000,,,0,0,0,0,0,0,,0,0,0,0,0,0,0,0,,,1,0,12,0,0.00000000,0.00000000,0.00000000,,21,0,1,0,正常,0,20260917
MOCK_TAG_0171,MOCK_CUST_0171,MOCK_ECIF_0171,杭州沐辰信息科技恒有限公司,913301087000017172,20151102,存续,软件开发、信息系统集成及技术咨询,2200000.00000000,CNY,1738000.00000000,CNY,私人控股,私营有限责任公司,小型,330000,330100,330108,杭州市滨江区江陵路251号4幢112室,30,I,65,651,6513,1,1,0,1,0,0,0,0,0,0,0,0,0,黄宇博,MOCK_PERSON_0171,徐宇博,MOCK_PERSON_0172,MOCK_ORG_ZJ_HZ_04,MOCK_ORG_ZJ_HZ,MOCK_ORG_ZJ_HZ_04,MOCK_ORG_ZJ_HZ,0,0,0,1,0,0,,,20230512,,,0,0.00000000,0,0,1,0,0,1,0,0,0,20230506,1,1,1827820.00000000,4,0,1,0,0,0,0,308000.84000000,1204695.88000000,858139.53000000,858139.53000000,1,0,0,0,0,0,0,0,2675200.00000000,801757.44000000,801757.44000000,1873442.56000000,801757.44000000,1206594.94000000,801757.44000000,0.00000000,0.00000000,20260917,3489200.00000000,1070377.44000000,2675200.00000000,801757.44000000,0,0,0,0,0,0,0,0,0,0,0,1,0,0,0,,0.00000000,,,0,0,0,0,0,0,20–39,0,0,0,0,0,0,0,0,,,1,0,12,0,0.00000000,0.76670870,0.00000000,,30,0,1,0,正常,0,20260917
MOCK_TAG_0172,MOCK_CUST_0172,MOCK_ECIF_0172,宁波沐宁精密制造恒有限公司,91330212700001725T,20080229,存续,工业零部件、自动化设备的研发与制造,3000000.00000000,CNY,3000000.00000000,CNY,私人控股,私营有限责任公司,小型,330000,330200,330212,宁波市鄞州区首南东路252号5幢113室,20,C,34,348,3484,1,0,0,1,0,0,0,0,0,0,0,0,0,徐宇博,MOCK_PERSON_0172,黄宇博,MOCK_PERSON_0171,MOCK_ORG_ZJ_NB_05,MOCK_ORG_ZJ_NB,MOCK_ORG_ZJ_NB_05,MOCK_ORG_ZJ_NB,0,0,0,1,1,0,,,20250307,20250309,,0,0.00000000,0,0,1,1,0,0,0,0,0,20250228,1,1,2532644.00000000,5,0,1,0,0,0,0,1620000.81000000,1620000.81000000,1620000.81000000,1620000.81000000,0,0,0,0,0,0,0,0,0.00000000,0.00000000,0.00000000,0.00000000,0.00000000,0.00000000,0.00000000,0.00000000,0.00000000,20260917,1860000.00000000,948600.00000000,0.00000000,0.00000000,0,0,0,0,0,0,0,0,0,0,0,0,0,0,0,A,600000.00000000,CNY,嘉禾产业投资05,0,0,0,0,0,0,,0,0,0,0,0,0,0,0,,,1,0,12,0,0.00000000,0.00000000,0.00000000,,20,0,1,1,正常,0,20260917
MOCK_TAG_0173,MOCK_CUST_0173,MOCK_ECIF_0173,上海沐知商贸恒有限公司,913101147000017335,20110515,存续,日用百货、五金及电子产品批发,1600000.00000000,CNY,672000.00000000,CNY,私人控股,私营有限责任公司,小型,310000,310100,310114,上海市嘉定区嘉罗公路253号6幢114室,29,F,51,513,5135,1,0,0,1,0,0,0,0,0,0,0,0,0,朱宇博,MOCK_PERSON_0173,朱宇博,MOCK_PERSON_0173,MOCK_ORG_SH_JD_06,MOCK_ORG_SH_JD,MOCK_ORG_SH_JD_06,MOCK_ORG_SH_JD,0,0,0,1,1,0,,,20230902,20230904,,0,0.00000000,0,0,1,1,0,0,0,0,0,20230824,1,1,2250872.00000000,4,0,1,0,0,0,0,112000.67000000,618339.42000000,440460.96000000,440460.96000000,1,0,0,0,0,0,0,0,2217600.00000000,658627.20000000,658627.20000000,1558972.80000000,658627.20000000,620441.83000000,658627.20000000,0.00000000,0.00000000,20260917,3017600.00000000,1258627.20000000,2217600.00000000,658627.20000000,0,0,0,0,0,0,0,0,0,0,0,0,0,0,0,,0.00000000,,,0,0,0,0,0,0,,0,0,0,0,0,0,0,0,MOCK_GROUP_42,产业集团42,1,0,12,0,0.00000000,0.73488865,0.00000000,,29,0,1,1,正常,0,20260917
MOCK_TAG_0174,MOCK_CUST_0174,MOCK_ECIF_0174,上海沐禾医疗科技恒有限公司,913101127000017413,20110604,存续,医疗器械研发、技术咨询及销售,3700000.00000000,CNY,1961000.00000000,CNY,私人控股,私营有限责任公司,小型,310000,310100,310112,上海市闵行区联航路254号7幢115室,13,C,35,358,3589,1,1,0,1,0,0,0,0,0,0,0,0,0,胡宇博,MOCK_PERSON_0174,林宇博,MOCK_PERSON_0175,MOCK_ORG_SH_MH_07,MOCK_ORG_SH_MH,MOCK_ORG_SH_MH_07,MOCK_ORG_SH_MH,1,1,0,1,0,0,20251012,20240711,20240708,,,121,1391503.58000000,11,1,1,0,0,0,0,0,0,20240706,1,1,2208642.00000000,4,0,1,0,0,0,0,2368000.92000000,2794896.67000000,2672091.05000000,2672091.05000000,1,0,0,0,0,0,0,0,2841600.00000000,0.00000000,0.00000000,2841600.00000000,0.00000000,426895.75000000,0.00000000,0.00000000,0.00000000,20260917,5764600.00000000,1198430.00000000,2841600.00000000,0.00000000,0,0,0,0,0,0,0,0,1,0,0,1,0,0,0,,0.00000000,,,0,0,0,0,0,0,0–19,0,0,0,0,0,0,0,0,,,1,0,12,11,0.00000000,0.49293967,11500.02958678,20260825,13,0,1,0,正常,0,20260917
MOCK_TAG_0175,MOCK_CUST_0175,MOCK_ECIF_0175,杭州沐润商贸恒有限公司,9133010870000175XA,20220724,存续,日用百货、五金及电子产品批发,500000.00000000,CNY,355000.00000000,CNY,私人控股,私营有限责任公司,小型,330000,330100,330108,杭州市滨江区江陵路255号8幢116室,24,F,51,513,5135,1,0,0,1,0,0,0,0,0,0,0,0,0,林宇博,MOCK_PERSON_0175,胡宇博,MOCK_PERSON_0174,MOCK_ORG_ZJ_HZ_08,MOCK_ORG_ZJ_HZ,MOCK_ORG_ZJ_HZ_08,MOCK_ORG_ZJ_HZ,0,1,0,1,1,0,,20250124,20250121,20250123,,0,0.00000000,0,0,1,1,0,0,0,0,0,20250119,1,1,2039376.00000000,4,0,1,0,0,0,0,160000.22000000,358800.75000000,255584.10000000,255584.10000000,1,0,0,0,0,0,0,0,665000.00000000,220248.00000000,220248.00000000,444752.00000000,220248.00000000,359032.48000000,220248.00000000,0.00000000,0.00000000,20260917,855000.00000000,336148.00000000,665000.00000000,220248.00000000,0,1,0,0,0,0,1,0,0,0,0,0,0,0,0,C,180000.00000000,CNY,嘉禾产业投资08,0,0,0,0,0,0,,0,0,0,0,0,0,0,0,,,1,0,12,0,0.00000000,0.77777778,0.00000000,,24,0,1,1,正常,0,20260917
MOCK_TAG_0176,MOCK_CUST_0176,MOCK_ECIF_0176,杭州沐森商贸恒有限公司,91330108700001768A,20091021,存续,日用百货、五金及电子产品批发,48500000.00000000,CNY,45105000.00000000,CNY,私人控股,私营有限责任公司,中型,330000,330100,330108,杭州市滨江区江陵路256号1幢117室,497,F,51,513,5135,1,0,0,1,0,0,0,0,0,0,0,0,0,何宇博,MOCK_PERSON_0176,朱昕博,MOCK_PERSON_0093,MOCK_ORG_ZJ_HZ_01,MOCK_ORG_ZJ_HZ,MOCK_ORG_ZJ_HZ_01,MOCK_ORG_ZJ_HZ,0,0,0,0,0,0,,,,,,0,0.00000000,0,0,0,0,0,0,0,0,0,20230709,1,1,2196542.00000000,4,0,1,0,0,1,0,61342800.22000000,37085562.44000000,35067386.98000000,30070000.11000000,0,0,0,0,0,0,0,0,0.00000000,0.00000000,0.00000000,0.00000000,0.00000000,0.00000000,0.00000000,0.00000000,0.00000000,20260917,1940000.00000000,698400.00000000,0.00000000,0.00000000,0,0,0,0,0,0,0,0,0,0,0,0,0,0,0,,0.00000000,,,0,0,0,0,0,0,,0,0,0,0,0,0,0,0,MOCK_GROUP_60,产业集团60,1,0,12,0,0.00000000,0.00000000,0.00000000,,497,0,0,0,正常,0,20260917
MOCK_TAG_0177,MOCK_CUST_0177,MOCK_ECIF_0177,上海沐远食品恒有限公司,91310112700001776M,20140920,存续,食品加工、预包装食品销售,4000000.00000000,CNY,4000000.00000000,CNY,私人控股,私营有限责任公司,小型,310000,310100,310112,上海市闵行区联航路257号2幢118室,9,C,14,149,1499,1,0,0,1,0,0,0,0,0,0,0,0,0,赵泽博,MOCK_PERSON_0177,赵泽博,MOCK_PERSON_0177,MOCK_ORG_SH_MH_02,MOCK_ORG_SH_MH,MOCK_ORG_SH_MH_02,MOCK_ORG_SH_MH,0,0,0,1,0,0,,,20240202,,,0,0.00000000,0,0,1,0,0,0,0,0,0,20240127,1,1,2035712.00000000,4,0,1,0,0,0,0,1800000.37000000,2444746.52000000,2361699.00000000,2361699.00000000,1,0,0,0,0,0,0,0,4020000.00000000,0.00000000,0.00000000,4020000.00000000,0.00000000,644746.15000000,0.00000000,0.00000000,0.00000000,20260917,4700000.00000000,469200.00000000,4020000.00000000,0.00000000,0,0,0,0,0,0,0,0,0,0,0,0,0,0,0,,0.00000000,,,0,0,0,0,0,0,,0,0,0,0,0,0,0,0,MOCK_GROUP_06,产业集团06,1,0,12,0,0.00000000,0.85531915,0.00000000,,9,0,1,0,正常,0,20260917
MOCK_TAG_0178,MOCK_CUST_0178,MOCK_ECIF_0178,苏州沐衡商贸恒有限公司,91320571700001784P,20181102,存续,日用百货、五金及电子产品批发,4000000.00000000,CNY,1560000.00000000,CNY,私人控股,私营有限责任公司,小型,320000,320500,320571,苏州市工业园区星湖街258号3幢119室,56,F,51,513,5135,1,0,0,1,0,0,0,0,0,0,0,0,0,钱泽博,MOCK_PERSON_0178,何明博,MOCK_PERSON_0016,MOCK_ORG_JS_SZ_03,MOCK_ORG_JS_SZ,MOCK_ORG_JS_SZ_03,MOCK_ORG_JS_SZ,1,0,0,1,1,0,20251021,,20230328,20230330,,583,4825655.48000000,53,1,1,1,0,0,0,0,0,20230327,1,1,1739380.00000000,3,0,1,0,0,0,0,1520000.16000000,2917250.16000000,2515301.53000000,2515301.53000000,1,0,0,0,0,0,0,0,4860000.00000000,0.00000000,0.00000000,4860000.00000000,0.00000000,1397250.00000000,0.00000000,0.00000000,0.00000000,20260917,6780000.00000000,345600.00000000,4860000.00000000,0.00000000,0,1,0,0,0,0,0,0,0,0,0,0,0,0,0,,0.00000000,,,0,0,0,0,0,0,,0,0,0,0,0,0,0,0,MOCK_GROUP_24,产业集团24,1,0,12,11,361725.11000000,0.71681416,8277.28212693,20260905,56,0,1,1,正常,0,20260917
MOCK_TAG_0179,MOCK_CUST_0179,MOCK_ECIF_0179,杭州沐昕信息科技恒有限公司,91330108700001792T,20220105,存续,软件开发、信息系统集成及技术咨询,2600000.00000000,CNY,1118000.00000000,CNY,私人控股,私营有限责任公司,小型,330000,330100,330108,杭州市滨江区江陵路259号4幢120室,32,I,65,651,6513,1,1,0,1,0,0,0,0,0,0,0,0,0,孙泽博,MOCK_PERSON_0179,何思博,MOCK_PERSON_0048,MOCK_ORG_ZJ_HZ_04,MOCK_ORG_ZJ_HZ,MOCK_ORG_ZJ_HZ_04,MOCK_ORG_ZJ_HZ,1,1,0,1,1,0,20260223,20230902,20230830,20230901,,189,2453629.12000000,27,1,1,1,0,0,0,0,0,20230823,1,1,2503046.00000000,5,0,1,0,0,0,0,1144000.56000000,1229410.04000000,1143919.60000000,1143919.60000000,1,0,0,0,0,0,0,0,1201200.00000000,211771.56000000,211771.56000000,989428.44000000,211771.56000000,297181.04000000,211771.56000000,0.00000000,0.00000000,20260917,1981200.00000000,617371.56000000,1201200.00000000,211771.56000000,0,0,0,0,0,0,0,0,1,0,0,1,0,0,0,,0.00000000,,,0,0,0,0,0,0,60–79,0,0,0,0,0,0,0,0,MOCK_GROUP_23,产业集团23,1,0,12,7,364500.57000000,0.60629921,12982.16465608,20260915,32,0,1,1,正常,0,20260917
MOCK_TAG_0180,MOCK_CUST_0180,MOCK_ECIF_0180,上海沐途食品恒有限公司,91310114700001805X,20200327,存续,食品加工、预包装食品销售,3500000.00000000,CNY,2485000.00000000,CNY,私人控股,私营有限责任公司,小型,310000,310100,310114,上海市嘉定区嘉罗公路260号5幢101室,46,C,14,149,1499,1,0,0,1,0,0,0,0,0,0,0,0,0,李泽博,MOCK_PERSON_0180,周泽博,MOCK_PERSON_0181,MOCK_ORG_SH_JD_05,MOCK_ORG_SH_JD,MOCK_ORG_SH_JD_05,MOCK_ORG_SH_JD,1,0,0,0,0,0,20260603,,,,,102,658582.20000000,34,1,0,0,0,0,0,0,0,20240515,1,1,1975330.00000000,4,0,1,0,0,0,0,901602.09000000,1023473.48000000,846247.05000000,804085.86000000,1,0,0,0,0,0,0,0,3822000.00000000,0.00000000,0.00000000,3822000.00000000,0.00000000,684285.00000000,0.00000000,0.00000000,0.00000000,20260917,6062000.00000000,492800.00000000,3822000.00000000,0.00000000,0,0,0,0,0,0,0,0,0,0,0,0,0,0,0,,0.00000000,,,0,0,0,0,0,0,,0,0,0,0,0,0,0,0,,,1,0,12,3,0.00000000,0.63048499,6456.68823529,20260820,46,0,0,0,正常,0,20260917
MOCK_TAG_0181,MOCK_CUST_0181,MOCK_ECIF_0181,上海岚川食品恒有限公司,913101157000018137,20201214,存续,食品加工、预包装食品销售,700000.00000000,CNY,658000.00000000,CNY,私人控股,私营有限责任公司,小型,310000,310100,310115,上海市浦东新区金海路261号6幢102室,49,C,14,149,1499,1,0,0,1,0,0,0,0,0,0,0,0,0,周泽博,MOCK_PERSON_0181,李泽博,MOCK_PERSON_0180,MOCK_ORG_SH_PD_06,MOCK_ORG_SH_PD,MOCK_ORG_SH_PD_06,MOCK_ORG_SH_PD,0,0,0,1,1,0,,,20240601,20240603,,0,0.00000000,0,0,1,1,0,1,0,0,0,20240524,1,1,2502614.00000000,4,0,1,0,0,0,0,50960.76000000,32062.63000000,30894.05000000,28000.42000000,0,0,0,0,0,0,0,0,0.00000000,0.00000000,0.00000000,0.00000000,0.00000000,0.00000000,0.00000000,0.00000000,0.00000000,20260917,441000.00000000,308700.00000000,0.00000000,0.00000000,0,0,0,0,0,0,0,0,0,0,0,0,0,0,0,C,406000.00000000,CNY,嘉禾产业投资02,0,0,0,0,0,0,,0,0,0,0,0,0,0,0,,,1,0,12,0,0.00000000,0.00000000,0.00000000,,49,0,1,1,正常,0,20260917
MOCK_TAG_0182,MOCK_CUST_0182,MOCK_ECIF_0182,上海岚原商贸恒有限公司,91310114700001821K,20130122,存续,日用百货、五金及电子产品批发,3400000.00000000,CNY,1428000.00000000,CNY,私人控股,私营有限责任公司,小型,310000,310100,310114,上海市嘉定区嘉罗公路262号7幢103室,36,F,51,513,5135,1,0,0,1,0,0,0,0,0,0,0,0,0,吴泽博,MOCK_PERSON_0182,郑泽博,MOCK_PERSON_0183,MOCK_ORG_SH_JD_07,MOCK_ORG_SH_JD,MOCK_ORG_SH_JD_07,MOCK_ORG_SH_JD,0,0,0,1,0,1,,,20230505,,20230509,0,0.00000000,0,0,1,0,0,0,0,0,0,20230427,1,1,2056088.00000000,4,0,1,0,0,0,0,544000.88000000,811266.74000000,612129.59000000,612129.59000000,1,0,0,0,0,0,0,0,3372800.00000000,424972.80000000,424972.80000000,2947827.20000000,424972.80000000,692238.66000000,424972.80000000,0.00000000,0.00000000,20260917,5990800.00000000,1603072.80000000,3372800.00000000,424972.80000000,0,1,0,0,0,0,1,0,0,0,0,0,0,0,0,,0.00000000,,,0,0,0,0,0,0,,0,0,0,0,0,0,0,0,,,1,0,12,0,0.00000000,0.56299659,0.00000000,,36,0,1,0,正常,0,20260917
MOCK_TAG_0183,MOCK_CUST_0183,MOCK_ECIF_0183,上海岚辰信息科技恒股份有限公司,9131011570000183XR,20230309,存续,软件开发、信息系统集成及技术咨询,103800000.00000000,CNY,40482000.00000000,CNY,私人控股,私营股份有限公司,大型,310000,310100,310115,上海市浦东新区金海路263号8幢104室,1684,I,65,651,6513,1,1,0,1,0,0,0,0,0,0,0,0,0,郑泽博,MOCK_PERSON_0183,吴泽博,MOCK_PERSON_0182,MOCK_ORG_SH_PD_08,MOCK_ORG_SH_PD,MOCK_ORG_SH_PD_08,MOCK_ORG_SH_PD,0,1,0,1,1,0,,20260822,20260819,20260821,,0,0.00000000,0,0,1,1,0,0,0,0,0,20260813,1,1,371146.00000000,1,0,1,0,0,0,0,43596000.82000000,6036369.34000000,4299879.53000000,4299879.53000000,0,0,0,0,0,0,0,0,0.00000000,0.00000000,0.00000000,0.00000000,0.00000000,0.00000000,0.00000000,0.00000000,0.00000000,20260917,73698000.00000000,44955780.00000000,0.00000000,0.00000000,0,0,0,0,0,0,0,0,0,0,0,0,0,0,0,B,47748000.00000000,CNY,嘉禾产业投资04,1,0,0,0,0,0,40–59,0,0,0,0,0,0,0,0,,,0,0,2,0,0.00000000,0.00000000,0.00000000,,1684,0,1,1,正常,0,20260917
MOCK_TAG_0184,MOCK_CUST_0184,MOCK_ECIF_0184,上海岚宁商贸恒有限公司,91310115700001848R,20170525,存续,日用百货、五金及电子产品批发,3500000.00000000,CNY,3045000.00000000,CNY,私人控股,私营有限责任公司,小型,310000,310100,310115,上海市浦东新区金海路264号1幢105室,78,F,51,513,5135,1,0,0,1,0,0,0,0,0,0,0,0,0,王泽博,MOCK_PERSON_0184,陈泽博,MOCK_PERSON_0185,MOCK_ORG_SH_PD_01,MOCK_ORG_SH_PD,MOCK_ORG_SH_PD_01,MOCK_ORG_SH_PD,0,0,0,1,0,1,,,20260721,,20260725,0,0.00000000,0,0,1,0,0,0,0,0,0,20260714,1,1,450360.00000000,1,0,1,0,0,0,0,560000.84000000,142154.06000000,101260.43000000,101260.43000000,0,0,0,0,0,0,0,0,0.00000000,0.00000000,0.00000000,0.00000000,0.00000000,0.00000000,0.00000000,0.00000000,0.00000000,20260917,1855000.00000000,1391250.00000000,0.00000000,0.00000000,0,0,0,0,0,0,0,0,0,0,0,0,0,0,0,,0.00000000,,,0,0,0,0,0,0,,0,0,0,0,0,0,0,0,,,0,0,3,0,0.00000000,0.00000000,0.00000000,,78,0,1,0,正常,0,20260917
MOCK_TAG_0185,MOCK_CUST_0185,MOCK_ECIF_0185,上海岚知精密制造恒有限公司,91310115700001856L,20090305,存续,工业零部件、自动化设备的研发与制造,1300000.00000000,CNY,442000.00000000,CNY,私人控股,私营有限责任公司,小型,310000,310100,310115,上海市浦东新区金海路265号2幢106室,52,C,34,348,3484,1,0,0,1,0,0,0,0,0,0,0,0,0,陈泽博,MOCK_PERSON_0185,王泽博,MOCK_PERSON_0184,MOCK_ORG_SH_PD_02,MOCK_ORG_SH_PD,MOCK_ORG_SH_PD_02,MOCK_ORG_SH_PD,0,1,0,1,0,0,,20220826,20220823,,,0,0.00000000,0,0,1,0,0,0,0,0,0,20220818,1,1,2308778.00000000,4,0,1,0,0,0,0,663000.74000000,714232.31000000,661170.60000000,661170.60000000,1,0,0,0,1,0,0,0,378300.00000000,223688.79000000,223688.79000000,154611.21000000,223688.79000000,274920.36000000,223688.79000000,0.00000000,0.00000000,20260917,1327300.00000000,755128.79000000,378300.00000000,223688.79000000,0,0,0,0,0,0,0,0,0,0,0,0,0,0,0,,0.00000000,,,0,0,0,0,0,0,,0,0,0,0,0,0,0,0,,,1,0,12,0,0.00000000,0.28501469,0.00000000,,52,0,1,0,正常,0,20260917
MOCK_TAG_0186,MOCK_CUST_0186,MOCK_ECIF_0186,上海岚禾医疗科技恒有限公司,913101127000018644,20110418,存续,医疗器械研发、技术咨询及销售,1000000.00000000,CNY,920000.00000000,CNY,私人控股,私营有限责任公司,小型,310000,310100,310112,上海市闵行区联航路266号3幢107室,43,C,35,358,3589,1,1,0,1,0,0,0,0,0,0,0,0,0,杨泽博,MOCK_PERSON_0186,杨泽博,MOCK_PERSON_0186,MOCK_ORG_SH_MH_03,MOCK_ORG_SH_MH,MOCK_ORG_SH_MH_03,MOCK_ORG_SH_MH,1,0,0,1,0,0,20260128,,20250408,,,232,2561574.97000000,29,1,1,0,0,0,0,0,0,20250330,1,1,2306554.00000000,4,0,1,0,0,0,0,480000.18000000,494326.60000000,352123.06000000,352123.06000000,1,0,0,0,0,0,0,0,1155000.00000000,521367.00000000,521367.00000000,633633.00000000,521367.00000000,494485.71000000,521367.00000000,0.00000000,0.00000000,20260917,1745000.00000000,680667.00000000,1155000.00000000,521367.00000000,0,0,0,0,0,0,0,0,1,0,0,1,0,0,0,,0.00000000,,,0,0,0,0,0,0,20–39,0,0,0,0,0,0,0,0,MOCK_GROUP_36,产业集团36,1,0,12,8,299860.43000000,0.66189112,11041.27142241,20260905,43,0,1,0,正常,0,20260917
MOCK_TAG_0187,MOCK_CUST_0187,MOCK_ECIF_0187,杭州岚润商贸恒有限公司,91330108700001872E,20150906,存续,日用百货、五金及电子产品批发,14200000.00000000,CNY,11786000.00000000,CNY,私人控股,私营有限责任公司,中型,330000,330100,330108,杭州市滨江区江陵路267号4幢108室,264,F,51,513,5135,1,0,0,1,0,0,0,0,0,0,0,0,0,黄泽博,MOCK_PERSON_0187,徐泽博,MOCK_PERSON_0188,MOCK_ORG_ZJ_HZ_04,MOCK_ORG_ZJ_HZ,MOCK_ORG_ZJ_HZ_04,MOCK_ORG_ZJ_HZ,0,1,0,1,1,0,,20231115,20231112,20231114,,0,0.00000000,0,0,1,1,0,0,0,0,0,20231111,1,1,2135296.00000000,4,1,1,0,0,1,0,0.00000000,122.98000000,123.11000000,123.11000000,0,0,0,0,0,0,0,0,0.00000000,0.00000000,0.00000000,0.00000000,0.00000000,0.00000000,0.00000000,0.00000000,0.00000000,20260917,2130000.00000000,1299300.00000000,0.00000000,0.00000000,0,0,0,0,0,0,0,0,0,0,0,0,0,0,0,,0.00000000,,,0,0,0,0,0,0,,0,0,0,0,0,0,0,0,,,1,0,12,0,0.00000000,0.00000000,0.00000000,,264,0,1,1,正常,0,20260917
MOCK_TAG_0188,MOCK_CUST_0188,MOCK_ECIF_0188,上海岚森精密制造恒有限公司,91310112700001880R,20130408,存续,工业零部件、自动化设备的研发与制造,3400000.00000000,CNY,2380000.00000000,CNY,私人控股,私营有限责任公司,小型,310000,310100,310112,上海市闵行区联航路268号5幢109室,43,C,34,348,3484,1,0,0,1,0,0,0,0,0,0,0,0,0,徐泽博,MOCK_PERSON_0188,黄泽博,MOCK_PERSON_0187,MOCK_ORG_SH_MH_05,MOCK_ORG_SH_MH,MOCK_ORG_SH_MH_05,MOCK_ORG_SH_MH,1,0,0,1,1,1,20260123,,20231225,20231227,20231229,264,2339375.00000000,33,1,1,1,0,0,0,0,0,20231221,1,1,2916390.00000000,4,0,1,0,0,0,0,1836000.62000000,1931942.21000000,1866561.22000000,1866561.22000000,1,0,0,0,1,0,0,0,1224000.00000000,131335.20000000,131335.20000000,1092664.80000000,131335.20000000,227276.79000000,131335.20000000,0.00000000,0.00000000,20260917,3536000.00000000,686215.20000000,1224000.00000000,131335.20000000,0,0,0,0,0,0,0,0,0,0,0,0,0,0,0,,0.00000000,,,0,0,0,0,0,0,,0,0,0,0,0,0,0,0,,,1,0,12,8,333795.49000000,0.34615385,8861.26893939,20260905,43,0,1,1,正常,0,20260917
MOCK_TAG_0189,MOCK_CUST_0189,MOCK_ECIF_0189,上海岚远商贸恒有限公司,91310114700001899K,20200904,存续,日用百货、五金及电子产品批发,3500000.00000000,CNY,3500000.00000000,CNY,私人控股,私营有限责任公司,小型,310000,310100,310114,上海市嘉定区嘉罗公路269号6幢110室,14,F,51,513,5135,1,0,0,1,0,0,0,0,0,0,0,0,0,朱泽博,MOCK_PERSON_0189,胡泽博,MOCK_PERSON_0190,MOCK_ORG_SH_JD_06,MOCK_ORG_SH_JD,MOCK_ORG_SH_JD_06,MOCK_ORG_SH_JD,0,1,0,1,1,0,,20230519,20230516,20230518,,0,0.00000000,0,0,1,1,0,0,0,0,0,20230511,1,1,2164272.00000000,4,0,1,0,0,0,0,1024100.62000000,421604.87000000,411074.77000000,385000.23000000,0,0,0,0,0,0,0,0,0.00000000,0.00000000,0.00000000,0.00000000,0.00000000,0.00000000,0.00000000,0.00000000,0.00000000,20260917,2800000.00000000,280000.00000000,0.00000000,0.00000000,0,0,0,0,0,0,0,0,0,0,0,0,0,0,0,,0.00000000,,,0,0,0,0,0,0,,0,0,0,0,0,0,0,0,,,1,0,12,0,0.00000000,0.00000000,0.00000000,,14,0,1,1,正常,0,20260917
MOCK_TAG_0190,MOCK_CUST_0190,MOCK_ECIF_0190,苏州岚衡商贸恒有限公司,91320571700001901H,20070812,存续,日用百货、五金及电子产品批发,1500000.00000000,CNY,660000.00000000,CNY,私人控股,私营有限责任公司,小型,320000,320500,320571,苏州市工业园区星湖街270号7幢111室,8,F,51,513,5135,1,0,0,1,0,0,0,0,0,0,0,0,0,胡泽博,MOCK_PERSON_0190,朱泽博,MOCK_PERSON_0189,MOCK_ORG_JS_SZ_07,MOCK_ORG_JS_SZ,MOCK_ORG_JS_SZ_07,MOCK_ORG_JS_SZ,0,1,0,1,1,0,,20221001,20220928,20220930,,0,0.00000000,0,0,1,1,0,0,0,0,0,20220923,1,1,1622698.00000000,4,0,1,0,0,0,0,840000.84000000,840000.84000000,840000.84000000,840000.84000000,0,0,0,0,0,0,0,0,0.00000000,0.00000000,0.00000000,0.00000000,0.00000000,0.00000000,0.00000000,0.00000000,0.00000000,20260917,60000.00000000,20400.00000000,0.00000000,0.00000000,0,0,0,0,0,0,0,0,0,0,0,0,0,0,0,,0.00000000,,,0,0,0,0,0,0,,0,0,0,0,0,0,0,0,,,1,0,12,0,0.00000000,0.00000000,0.00000000,,8,0,1,1,正常,0,20260917
MOCK_TAG_0191,MOCK_CUST_0191,MOCK_ECIF_0191,上海岚昕供应链恒有限公司,9131011270000191X2,20060404,存续,仓储服务、国内货物运输代理,1300000.00000000,CNY,546000.00000000,CNY,私人控股,私营有限责任公司,小型,310000,310100,310112,上海市闵行区联航路271号8幢112室,52,G,58,582,5821,1,0,0,1,0,0,0,0,0,0,0,0,0,林泽博,MOCK_PERSON_0191,林泽博,MOCK_PERSON_0191,MOCK_ORG_SH_MH_08,MOCK_ORG_SH_MH,MOCK_ORG_SH_MH_08,MOCK_ORG_SH_MH,1,1,0,1,0,0,20260330,20230218,20230215,,,294,2461763.80000000,49,1,1,0,0,1,0,0,0,20230208,1,1,2180618.00000000,5,0,1,0,0,0,0,247000.74000000,247000.74000000,247000.74000000,247000.74000000,0,0,0,0,0,0,0,0,0.00000000,0.00000000,0.00000000,0.00000000,0.00000000,0.00000000,0.00000000,0.00000000,0.00000000,20260917,273000.00000000,136500.00000000,0.00000000,0.00000000,0,0,0,0,0,0,0,0,0,0,0,0,0,0,0,,0.00000000,,,0,0,0,0,0,0,,0,0,0,0,0,0,0,0,MOCK_GROUP_41,产业集团41,1,0,12,6,380240.82000000,0.00000000,8373.34625850,20260910,52,0,1,0,正常,0,20260917
MOCK_TAG_0192,MOCK_CUST_0192,MOCK_ECIF_0192,苏州岚途食品恒有限公司,913205717000019289,20111025,存续,食品加工、预包装食品销售,16200000.00000000,CNY,12960000.00000000,CNY,私人控股,私营有限责任公司,中型,320000,320500,320571,苏州市工业园区星湖街272号1幢113室,332,C,14,149,1499,1,0,0,1,0,0,0,0,0,0,0,0,0,何泽博,MOCK_PERSON_0192,赵景博,MOCK_PERSON_0193,MOCK_ORG_JS_SZ_01,MOCK_ORG_JS_SZ,MOCK_ORG_JS_SZ_01,MOCK_ORG_JS_SZ,1,1,0,1,1,0,20251024,20241219,20241216,20241218,,2662,18608595.64000000,242,1,1,1,0,0,0,0,0,20241213,1,1,1817102.00000000,4,0,1,0,0,1,0,897482.21000000,9556029.24000000,6807034.52000000,6713562.51000000,1,0,0,0,0,0,0,0,23392800.00000000,9628476.48000000,9628476.48000000,13764323.52000000,9628476.48000000,9460595.36000000,9628476.48000000,0.00000000,0.00000000,20260917,31978800.00000000,15381096.48000000,23392800.00000000,9628476.48000000,0,0,0,0,0,0,0,0,0,0,0,0,0,0,0,,0.00000000,,,0,0,0,0,0,0,,0,0,0,0,0,0,0,0,,,1,0,12,11,1793220.77000000,0.73150963,6990.45666416,20260905,332,0,1,1,正常,0,20260917
MOCK_TAG_0193,MOCK_CUST_0193,MOCK_ECIF_0193,杭州岳川食品恒有限公司,91330108700001936C,20170810,存续,食品加工、预包装食品销售,9200000.00000000,CNY,5244000.00000000,CNY,私人控股,私营有限责任公司,中型,330000,330100,330108,杭州市滨江区江陵路273号2幢114室,268,C,14,149,1499,1,0,0,1,0,0,0,0,0,0,0,0,0,赵景博,MOCK_PERSON_0193,何泽博,MOCK_PERSON_0192,MOCK_ORG_ZJ_HZ_02,MOCK_ORG_ZJ_HZ,MOCK_ORG_ZJ_HZ_02,MOCK_ORG_ZJ_HZ,0,0,0,0,1,0,,,,20250823,,0,0.00000000,0,0,0,1,0,0,0,0,0,20250816,1,1,2570652.00000000,5,0,1,0,0,1,0,11812800.08000000,6209787.74000000,6011355.66000000,5520000.04000000,0,0,0,0,0,0,0,0,0.00000000,0.00000000,0.00000000,0.00000000,0.00000000,0.00000000,0.00000000,0.00000000,0.00000000,20260917,1472000.00000000,618240.00000000,0.00000000,0.00000000,0,0,0,0,0,0,0,0,0,0,0,0,0,0,0,,0.00000000,,,0,0,0,0,0,0,,0,0,0,0,0,0,0,0,,,1,0,12,0,0.00000000,0.00000000,0.00000000,,268,0,0,1,正常,0,20260917
MOCK_TAG_0194,MOCK_CUST_0194,MOCK_ECIF_0194,杭州岳原食品恒有限公司,913301087000019447,20150110,存续,食品加工、预包装食品销售,2000000.00000000,CNY,1260000.00000000,CNY,私人控股,私营有限责任公司,小型,330000,330100,330108,杭州市滨江区江陵路274号3幢115室,10,C,14,149,1499,1,0,0,1,0,0,0,0,0,0,0,0,0,钱景博,MOCK_PERSON_0194,周景博,MOCK_PERSON_0197,MOCK_ORG_ZJ_HZ_03,MOCK_ORG_ZJ_HZ,MOCK_ORG_ZJ_HZ_03,MOCK_ORG_ZJ_HZ,0,1,0,1,0,0,,20250606,20250603,,,0,0.00000000,0,0,1,0,0,0,0,0,0,20250529,1,1,2148882.00000000,4,1,1,0,0,0,0,0.00000000,122.98000000,123.11000000,123.11000000,0,0,0,0,0,0,0,0,0.00000000,0.00000000,0.00000000,0.00000000,0.00000000,0.00000000,0.00000000,0.00000000,0.00000000,20260917,740000.00000000,244200.00000000,0.00000000,0.00000000,0,0,0,0,0,0,0,0,0,0,0,0,0,0,0,C,1440000.00000000,CNY,嘉禾产业投资03,0,0,0,0,0,0,,0,0,0,0,0,0,0,0,,,1,0,12,0,0.00000000,0.00000000,0.00000000,,10,0,1,0,正常,0,20260917
MOCK_TAG_0195,MOCK_CUST_0195,MOCK_ECIF_0195,宁波岳辰信息科技恒有限公司,913302127000019520,20070828,存续,软件开发、信息系统集成及技术咨询,1200000.00000000,CNY,888000.00000000,CNY,私人控股,私营有限责任公司,小型,330000,330200,330212,宁波市鄞州区首南东路275号4幢116室,15,I,65,651,6513,1,1,0,1,0,0,0,0,0,0,0,0,0,孙景博,MOCK_PERSON_0195,陈昕博,MOCK_PERSON_0089,MOCK_ORG_ZJ_NB_04,MOCK_ORG_ZJ_NB,MOCK_ORG_ZJ_NB_04,MOCK_ORG_ZJ_NB,0,1,0,1,0,0,,20250225,20250222,,,0,0.00000000,0,0,1,0,0,0,0,0,0,20250217,1,1,1957074.00000000,3,0,1,0,0,0,0,922321.12000000,773272.63000000,768304.06000000,756000.92000000,0,0,0,0,0,0,0,0,0.00000000,0.00000000,0.00000000,0.00000000,0.00000000,0.00000000,0.00000000,0.00000000,0.00000000,20260917,156000.00000000,81120.00000000,0.00000000,0.00000000,0,0,0,0,0,0,0,0,1,0,0,1,0,0,0,,0.00000000,,,0,0,0,0,0,0,40–59,0,0,0,0,0,0,0,0,MOCK_GROUP_12,产业集团12,1,0,12,0,0.00000000,0.00000000,0.00000000,,15,0,1,0,正常,0,20260917
MOCK_TAG_0196,MOCK_CUST_0196,MOCK_ECIF_0196,宁波岳宁精密制造恒有限公司,91330212700001960T,20150505,存续,工业零部件、自动化设备的研发与制造,41500000.00000000,CNY,41085000.00000000,CNY,私人控股,私营有限责任公司,中型,330000,330200,330212,宁波市鄞州区首南东路276号5幢117室,124,C,34,348,3484,1,0,0,1,0,0,0,0,0,0,0,0,0,李景博,MOCK_PERSON_0196,李景博,MOCK_PERSON_0196,MOCK_ORG_ZJ_NB_05,MOCK_ORG_ZJ_NB,MOCK_ORG_ZJ_NB_05,MOCK_ORG_ZJ_NB,0,1,0,1,1,0,,20221226,20221223,20221225,,0,0.00000000,0,0,1,1,0,0,0,0,0,20221219,1,1,2658570.00000000,5,0,1,0,0,1,0,29564600.16000000,22501300.12000000,22236268.62000000,21580000.12000000,0,0,0,0,0,0,0,0,0.00000000,0.00000000,0.00000000,0.00000000,0.00000000,0.00000000,0.00000000,0.00000000,0.00000000,20260917,12865000.00000000,3730850.00000000,0.00000000,0.00000000,0,0,0,0,0,0,0,0,0,0,0,0,0,0,0,C,22410000.00000000,CNY,嘉禾产业投资05,0,0,0,0,0,0,,0,0,0,0,0,0,0,0,MOCK_GROUP_22,产业集团22,1,0,12,0,0.00000000,0.00000000,0.00000000,,124,0,1,1,正常,0,20260917
MOCK_TAG_0197,MOCK_CUST_0197,MOCK_ECIF_0197,苏州岳知商贸恒有限公司,91320571700001979H,20191022,存续,日用百货、五金及电子产品批发,47400000.00000000,CNY,20856000.00000000,CNY,私人控股,私营有限责任公司,中型,320000,320500,320571,苏州市工业园区星湖街277号6幢118室,225,F,51,513,5135,1,0,0,1,0,0,0,0,0,0,0,0,0,周景博,MOCK_PERSON_0197,钱景博,MOCK_PERSON_0194,MOCK_ORG_JS_SZ_06,MOCK_ORG_JS_SZ,MOCK_ORG_JS_SZ_06,MOCK_ORG_JS_SZ,0,0,0,0,1,1,,,,20230625,20230627,0,0.00000000,0,0,0,1,0,0,0,0,0,20230613,1,1,1976686.00000000,4,0,1,0,0,1,0,29388000.43000000,30162394.50000000,24906903.02000000,24906903.02000000,1,0,0,0,0,0,0,0,53846400.00000000,17494695.36000000,17494695.36000000,36351704.64000000,17494695.36000000,18269089.43000000,17494695.36000000,0.00000000,0.00000000,20260917,69962400.00000000,22168335.36000000,53846400.00000000,17494695.36000000,0,0,0,0,0,0,0,0,0,0,0,0,0,0,0,,0.00000000,,,0,0,0,0,0,0,,0,0,0,0,0,0,0,0,,,1,0,12,0,0.00000000,0.76964770,0.00000000,,225,0,0,1,正常,0,20260917
MOCK_TAG_0198,MOCK_CUST_0198,MOCK_ECIF_0198,杭州岳禾商贸恒有限公司,91330108700001987L,20190804,存续,日用百货、五金及电子产品批发,46100000.00000000,CNY,31809000.00000000,CNY,私人控股,私营有限责任公司,中型,330000,330100,330108,杭州市滨江区江陵路278号7幢119室,140,F,51,513,5135,1,0,0,1,0,0,0,0,0,0,0,0,0,吴景博,MOCK_PERSON_0198,郑景博,MOCK_PERSON_0199,MOCK_ORG_ZJ_HZ_07,MOCK_ORG_ZJ_HZ,MOCK_ORG_ZJ_HZ_07,MOCK_ORG_ZJ_HZ,0,0,0,1,0,0,,,20230716,,,0,0.00000000,0,0,1,0,0,0,0,0,0,20230707,1,1,2522218.00000000,4,0,1,0,0,1,0,49520622.57000000,18613716.15000000,16509517.32000000,14834836.85000000,1,0,0,0,0,0,0,0,32362200.00000000,7601880.78000000,7601880.78000000,24760319.22000000,7601880.78000000,4963602.22000000,7601880.78000000,0.00000000,0.00000000,20260917,37433200.00000000,10340220.78000000,32362200.00000000,7601880.78000000,0,0,0,0,0,0,0,0,0,0,0,0,0,0,0,,0.00000000,,,0,0,0,0,0,0,,0,0,0,0,0,0,0,0,,,1,0,12,0,0.00000000,0.86453202,0.00000000,,140,0,1,0,正常,0,20260917
MOCK_TAG_0199,MOCK_CUST_0199,MOCK_ECIF_0199,杭州岳润食品恒有限公司,91330108700001995F,20170101,存续,食品加工、预包装食品销售,3500000.00000000,CNY,2940000.00000000,CNY,私人控股,私营有限责任公司,小型,330000,330100,330108,杭州市滨江区江陵路279号8幢120室,19,C,14,149,1499,1,0,0,1,0,0,0,0,0,0,0,0,0,郑景博,MOCK_PERSON_0199,吴景博,MOCK_PERSON_0198,MOCK_ORG_ZJ_HZ_08,MOCK_ORG_ZJ_HZ,MOCK_ORG_ZJ_HZ_08,MOCK_ORG_ZJ_HZ,0,1,0,1,0,0,,20220704,20220701,,,0,0.00000000,0,0,1,0,0,0,0,0,0,20220628,1,1,1758600.00000000,3,0,1,0,0,0,0,1461602.32000000,1236686.81000000,880927.59000000,803555.41000000,1,0,0,0,0,0,0,0,2961000.00000000,831448.80000000,831448.80000000,2129551.20000000,831448.80000000,1129112.21000000,831448.80000000,0.00000000,0.00000000,20260917,5306000.00000000,1089398.80000000,2961000.00000000,831448.80000000,0,0,0,0,0,0,0,0,0,0,0,0,0,0,0,,0.00000000,,,0,0,0,0,0,0,,0,0,0,0,0,0,0,0,,,1,0,12,0,0.00000000,0.55804749,0.00000000,,19,0,1,0,正常,0,20260917
MOCK_TAG_0200,MOCK_CUST_0200,MOCK_ECIF_0200,苏州岳森精密制造恒有限公司,913205717000020078,20110718,存续,工业零部件、自动化设备的研发与制造,1800000.00000000,CNY,1728000.00000000,CNY,私人控股,私营有限责任公司,小型,320000,320500,320571,苏州市工业园区星湖街280号1幢101室,55,C,34,348,3484,1,0,0,1,0,0,0,0,0,0,0,0,0,王景博,MOCK_PERSON_0200,陈景博,MOCK_PERSON_0201,MOCK_ORG_JS_SZ_01,MOCK_ORG_JS_SZ,MOCK_ORG_JS_SZ_01,MOCK_ORG_JS_SZ,0,0,0,1,1,0,,,20240309,20240311,,0,0.00000000,0,0,1,1,0,0,0,0,0,20240229,1,1,2869916.00000000,4,0,1,0,0,0,0,1084860.62000000,880909.49000000,700487.54000000,690034.22000000,1,0,0,0,1,0,0,0,2160000.00000000,484272.00000000,484272.00000000,1675728.00000000,484272.00000000,612506.22000000,484272.00000000,0.00000000,0.00000000,20260917,3330000.00000000,1221372.00000000,2160000.00000000,484272.00000000,0,0,0,0,0,0,0,0,0,0,0,0,0,0,0,C,1314000.00000000,CNY,嘉禾产业投资09,0,0,0,0,0,0,,0,0,0,0,0,0,0,0,,,1,0,12,0,0.00000000,0.64864865,0.00000000,,55,0,1,1,正常,0,20260917
MOCK_TAG_0201,MOCK_CUST_0201,MOCK_ECIF_0201,苏州岳远信息科技恒有限公司,913205717000020153,20150120,存续,软件开发、信息系统集成及技术咨询,22900000.00000000,CNY,7786000.00000000,CNY,私人控股,私营有限责任公司,中型,320000,320500,320571,苏州市工业园区星湖街281号2幢102室,352,I,65,651,6513,1,1,0,1,0,0,0,0,0,0,0,0,0,陈景博,MOCK_PERSON_0201,王景博,MOCK_PERSON_0200,MOCK_ORG_JS_SZ_02,MOCK_ORG_JS_SZ,MOCK_ORG_JS_SZ_02,MOCK_ORG_JS_SZ,1,0,0,1,1,0,20251008,,20230922,20230924,,2508,35425504.09000000,228,1,1,1,0,1,0,0,0,20230912,1,1,1973868.00000000,3,0,1,0,0,1,0,37785001.20000000,19154287.09000000,15171501.40000000,13909240.81000000,1,0,0,0,0,0,0,0,24045000.00000000,8247435.00000000,8247435.00000000,15797565.00000000,8247435.00000000,13034702.02000000,8247435.00000000,0.00000000,0.00000000,20260917,31373000.00000000,9932875.00000000,24045000.00000000,8247435.00000000,0,0,0,0,0,0,0,0,0,0,0,1,0,0,0,,0.00000000,,,0,0,0,0,0,0,20–39,0,0,0,0,0,0,0,0,,,1,0,12,11,0.00000000,0.76642336,14125.00163078,20260820,352,0,1,1,正常,0,20260917
MOCK_TAG_0202,MOCK_CUST_0202,MOCK_ECIF_0202,宁波岳衡商贸恒有限公司,913302127000020234,20230419,存续,日用百货、五金及电子产品批发,2800000.00000000,CNY,2268000.00000000,CNY,私人控股,私营有限责任公司,小型,330000,330200,330212,宁波市鄞州区首南东路282号3幢103室,67,F,51,513,5135,1,0,0,1,0,0,0,0,0,0,0,0,0,杨景博,MOCK_PERSON_0202,徐景博,MOCK_PERSON_0204,MOCK_ORG_ZJ_NB_03,MOCK_ORG_ZJ_NB,MOCK_ORG_ZJ_NB_03,MOCK_ORG_ZJ_NB,1,0,0,1,1,1,20251130,,20240905,20240907,20240909,531,4214817.85000000,59,1,1,1,0,0,0,0,0,20240830,1,1,2762040.00000000,5,0,1,0,0,0,0,1582561.16000000,2533541.87000000,2094687.58000000,2083668.61000000,1,0,0,0,0,0,0,0,3312400.00000000,0.00000000,0.00000000,3312400.00000000,0.00000000,1510072.20000000,0.00000000,0.00000000,0.00000000,20260917,4544400.00000000,652960.00000000,3312400.00000000,0.00000000,0,0,0,0,0,0,0,0,0,0,0,0,0,0,0,A,1820000.00000000,CNY,嘉禾产业投资11,0,0,0,0,0,0,,0,0,0,0,0,0,0,0,,,1,0,12,9,0.00000000,0.72889710,7937.51007533,20260820,67,0,1,1,正常,0,20260917
MOCK_TAG_0203,MOCK_CUST_0203,MOCK_ECIF_0203,上海岳昕信息科技恒有限公司,91310115700002031W,20080822,存续,软件开发、信息系统集成及技术咨询,37700000.00000000,CNY,19227000.00000000,CNY,私人控股,私营有限责任公司,中型,310000,310100,310115,上海市浦东新区金海路283号4幢104室,281,I,65,651,6513,1,1,0,1,0,0,0,0,0,0,0,0,0,黄景博,MOCK_PERSON_0203,杨泽博,MOCK_PERSON_0186,MOCK_ORG_SH_PD_04,MOCK_ORG_SH_PD,MOCK_ORG_SH_PD_04,MOCK_ORG_SH_PD,1,1,0,0,1,0,20251105,20250707,,20250706,,2210,29586380.10000000,221,1,0,1,0,0,0,0,0,20250627,1,1,2070522.00000000,4,0,1,0,0,1,0,5858581.53000000,12196698.84000000,8688059.45000000,8525319.35000000,1,0,0,0,0,0,0,0,26013000.00000000,7179588.00000000,7179588.00000000,18833412.00000000,7179588.00000000,11987150.58000000,7179588.00000000,0.00000000,0.00000000,20260917,37323000.00000000,9328488.00000000,26013000.00000000,7179588.00000000,0,1,0,0,0,0,1,0,0,0,0,1,0,0,0,,0.00000000,,,0,0,0,0,0,0,40–59,0,0,0,0,0,0,0,0,MOCK_GROUP_36,产业集团36,1,0,12,10,0.00000000,0.69696970,13387.50230769,20260825,281,0,0,1,正常,0,20260917
MOCK_TAG_0204,MOCK_CUST_0204,MOCK_ECIF_0204,上海岳途医疗科技恒有限公司,9131011270000204X9,20100928,存续,医疗器械研发、技术咨询及销售,7800000.00000000,CNY,7488000.00000000,CNY,私人控股,私营有限责任公司,中型,310000,310100,310112,上海市闵行区联航路284号5幢105室,434,C,35,358,3589,1,1,0,1,0,0,0,0,0,0,0,0,0,徐景博,MOCK_PERSON_0204,杨景博,MOCK_PERSON_0202,MOCK_ORG_SH_MH_05,MOCK_ORG_SH_MH,MOCK_ORG_SH_MH_05,MOCK_ORG_SH_MH,1,1,0,1,0,0,20260226,20241011,20241008,,,3038,34516023.05000000,434,1,1,0,0,0,0,0,0,20240929,1,1,1402618.00000000,3,0,1,0,0,1,0,702000.96000000,702000.96000000,702000.96000000,702000.96000000,0,0,0,0,0,0,0,0,0.00000000,0.00000000,0.00000000,0.00000000,0.00000000,0.00000000,0.00000000,0.00000000,0.00000000,20260917,4368000.00000000,1878240.00000000,0.00000000,0.00000000,0,0,0,0,0,0,0,0,1,0,0,1,0,0,0,,0.00000000,,,0,0,0,0,0,0,60–79,0,0,0,0,0,0,0,0,,,1,0,12,7,4678520.33000000,0.00000000,11361.42957538,20260905,434,0,1,0,正常,0,20260917
MOCK_TAG_0205,MOCK_CUST_0205,MOCK_ECIF_0205,上海朔川商贸恒有限公司,913101147000020586,20100224,存续,日用百货、五金及电子产品批发,3500000.00000000,CNY,1540000.00000000,CNY,私人控股,私营有限责任公司,小型,310000,310100,310114,上海市嘉定区嘉罗公路285号6幢106室,33,F,51,513,5135,1,0,0,1,0,0,0,0,0,0,0,0,0,朱景博,MOCK_PERSON_0205,胡景博,MOCK_PERSON_0206,MOCK_ORG_SH_JD_06,MOCK_ORG_SH_JD,MOCK_ORG_SH_JD_06,MOCK_ORG_SH_JD,0,0,0,1,0,0,,,20231125,,,0,0.00000000,0,0,1,0,0,0,0,0,0,20231115,1,1,3120144.00000000,5,0,1,0,0,0,0,256201.13000000,1226819.39000000,914172.89000000,895708.15000000,1,0,0,0,0,0,0,0,3115000.00000000,0.00000000,0.00000000,3115000.00000000,0.00000000,1060897.11000000,0.00000000,0.00000000,0.00000000,20260917,4165000.00000000,441000.00000000,3115000.00000000,0.00000000,0,0,0,0,0,0,0,0,0,0,0,0,0,0,0,,0.00000000,,,0,0,0,0,0,0,,0,0,0,0,0,0,0,0,,,1,0,12,0,0.00000000,0.74789916,0.00000000,,33,0,1,0,正常,0,20260917
MOCK_TAG_0206,MOCK_CUST_0206,MOCK_ECIF_0206,上海朔原信息科技恒有限公司,913101147000020661,20200513,存续,软件开发、信息系统集成及技术咨询,28900000.00000000,CNY,10404000.00000000,CNY,私人控股,私营有限责任公司,中型,310000,310100,310114,上海市嘉定区嘉罗公路286号7幢107室,126,I,65,651,6513,1,1,0,1,0,0,0,0,0,0,0,0,0,胡景博,MOCK_PERSON_0206,朱景博,MOCK_PERSON_0205,MOCK_ORG_SH_JD_07,MOCK_ORG_SH_JD,MOCK_ORG_SH_JD_07,MOCK_ORG_SH_JD,0,1,0,1,1,0,,20220926,20220923,20220925,,0,0.00000000,0,0,1,1,0,0,0,0,0,20220922,1,1,2405086.00000000,4,0,1,0,0,1,0,16605941.57000000,8676069.82000000,8341775.97000000,7514000.71000000,0,0,0,0,0,0,0,0,0.00000000,0.00000000,0.00000000,0.00000000,0.00000000,0.00000000,0.00000000,0.00000000,0.00000000,20260917,3468000.00000000,485520.00000000,0.00000000,0.00000000,0,0,0,0,0,0,0,0,0,0,0,1,0,0,0,,0.00000000,,,0,0,0,0,0,0,0–19,0,0,0,0,0,0,0,0,,,1,0,12,0,0.00000000,0.00000000,0.00000000,,126,0,1,1,正常,0,20260917
MOCK_TAG_0207,MOCK_CUST_0207,MOCK_ECIF_0207,宁波朔辰精密制造恒有限公司,91330212700002074C,20200315,存续,工业零部件、自动化设备的研发与制造,3800000.00000000,CNY,1596000.00000000,CNY,私人控股,私营有限责任公司,小型,330000,330200,330212,宁波市鄞州区首南东路287号8幢108室,17,C,34,348,3484,1,0,0,1,0,0,0,0,0,0,0,0,0,林景博,MOCK_PERSON_0207,朱宇博,MOCK_PERSON_0173,MOCK_ORG_ZJ_NB_08,MOCK_ORG_ZJ_NB,MOCK_ORG_ZJ_NB_08,MOCK_ORG_ZJ_NB,0,1,0,1,0,1,,20240609,20240606,,20240610,0,0.00000000,0,0,1,0,0,0,0,0,0,20240601,1,1,3137702.00000000,5,0,1,0,0,0,0,1862000.31000000,3932346.51000000,2951228.75000000,2951228.75000000,1,0,0,0,1,0,0,0,5130000.00000000,3195990.00000000,3195990.00000000,1934010.00000000,3195990.00000000,3937477.24000000,3195990.00000000,0.00000000,0.00000000,20260917,7334000.00000000,4474310.00000000,5130000.00000000,3195990.00000000,0,0,0,0,0,0,0,0,0,0,0,0,0,0,0,,0.00000000,,,0,0,0,0,0,0,,0,0,0,0,0,0,0,0,MOCK_GROUP_42,产业集团42,1,0,12,0,0.00000000,0.69948187,0.00000000,,17,0,1,0,正常,0,20260917
MOCK_TAG_0208,MOCK_CUST_0208,MOCK_ECIF_0208,上海朔宁商贸恒有限公司,91310114700002082N,20141225,存续,日用百货、五金及电子产品批发,600000.00000000,CNY,336000.00000000,CNY,私人控股,私营有限责任公司,小型,310000,310100,310114,上海市嘉定区嘉罗公路288号1幢109室,66,F,51,513,5135,1,0,0,1,0,0,0,0,0,0,0,0,0,林瑞博,MOCK_PERSON_0111,何明博,MOCK_PERSON_0016,MOCK_ORG_SH_JD_01,MOCK_ORG_SH_JD,MOCK_ORG_SH_JD_01,MOCK_ORG_SH_JD,0,1,0,1,1,0,,20230322,20230319,20230321,,0,0.00000000,0,0,1,1,0,0,0,0,0,20230317,1,1,1635978.00000000,3,0,1,0,0,0,0,573601.06000000,291000.53000000,276329.27000000,240000.44000000,0,0,0,0,0,0,0,0,0.00000000,0.00000000,0.00000000,0.00000000,0.00000000,0.00000000,0.00000000,0.00000000,0.00000000,20260917,24000.00000000,8640.00000000,0.00000000,0.00000000,0,0,0,0,0,0,0,0,0,0,0,0,0,0,0,,0.00000000,,,0,0,0,0,0,0,,0,0,0,0,0,0,0,0,MOCK_GROUP_24,产业集团24,1,0,12,0,0.00000000,0.00000000,0.00000000,,66,0,1,1,正常,0,20260917
MOCK_TAG_0209,MOCK_CUST_0209,MOCK_ECIF_0209,杭州朔知商贸恒有限公司,913301087000020904,20220415,存续,日用百货、五金及电子产品批发,600000.00000000,CNY,522000.00000000,CNY,私人控股,私营有限责任公司,小型,330000,330100,330108,杭州市滨江区江陵路289号2幢110室,19,F,51,513,5135,1,0,0,1,0,0,0,0,0,0,0,0,0,赵承博,MOCK_PERSON_0209,王涵博,MOCK_PERSON_0152,MOCK_ORG_ZJ_HZ_02,MOCK_ORG_ZJ_HZ,MOCK_ORG_ZJ_HZ_02,MOCK_ORG_ZJ_HZ,0,1,0,1,1,1,,20260828,20260825,20260827,20260829,0,0.00000000,0,0,1,1,0,0,0,0,0,20260822,1,1,143326.00000000,0,0,1,0,0,0,0,306000.77000000,31777.00000000,22635.67000000,22635.67000000,0,0,0,0,0,0,0,0,0.00000000,0.00000000,0.00000000,0.00000000,0.00000000,0.00000000,0.00000000,0.00000000,0.00000000,20260917,132000.00000000,88440.00000000,0.00000000,0.00000000,0,0,0,0,0,0,0,0,0,0,0,0,0,0,0,C,366000.00000000,CNY,嘉禾产业投资06,0,0,0,0,0,0,,0,0,0,0,0,0,0,0,MOCK_GROUP_30,产业集团30,0,0,1,0,0.00000000,0.00000000,0.00000000,,19,0,1,1,正常,0,20260917
MOCK_TAG_0210,MOCK_CUST_0210,MOCK_ECIF_0210,上海朔禾信息科技恒有限公司,91310112700002103A,20220627,存续,软件开发、信息系统集成及技术咨询,3000000.00000000,CNY,1650000.00000000,CNY,私人控股,私营有限责任公司,小型,310000,310100,310112,上海市闵行区联航路290号3幢111室,42,I,65,651,6513,1,1,0,1,0,0,0,0,0,0,0,0,0,钱承博,MOCK_PERSON_0210,孙承博,MOCK_PERSON_0211,MOCK_ORG_SH_MH_03,MOCK_ORG_SH_MH,MOCK_ORG_SH_MH_03,MOCK_ORG_SH_MH,1,0,0,0,1,0,20260129,,,20241009,,336,4294504.61000000,42,1,0,1,0,0,0,0,0,20240929,1,1,2624690.00000000,5,0,1,0,0,0,0,3788401.51000000,1612436.03000000,1502420.32000000,1230000.49000000,0,0,0,0,0,0,0,0,0.00000000,0.00000000,0.00000000,0.00000000,0.00000000,0.00000000,0.00000000,0.00000000,0.00000000,20260917,2310000.00000000,970200.00000000,0.00000000,0.00000000,0,0,0,0,0,0,0,0,1,0,0,1,0,0,0,B,1560000.00000000,CNY,嘉禾产业投资07,0,0,0,0,0,0,20–39,0,0,0,0,0,0,0,0,,,1,0,12,8,504000.85000000,0.00000000,12781.26372024,20260905,42,0,0,1,正常,0,20260917
MOCK_TAG_0211,MOCK_CUST_0211,MOCK_ECIF_0211,上海朔润医疗科技恒有限公司,913101147000021112,20210207,存续,医疗器械研发、技术咨询及销售,1200000.00000000,CNY,540000.00000000,CNY,私人控股,私营有限责任公司,小型,310000,310100,310114,上海市嘉定区嘉罗公路291号4幢112室,53,C,35,358,3589,1,1,0,1,0,0,0,0,0,0,0,0,0,孙承博,MOCK_PERSON_0211,钱承博,MOCK_PERSON_0210,MOCK_ORG_SH_JD_04,MOCK_ORG_SH_JD,MOCK_ORG_SH_JD_04,MOCK_ORG_SH_JD,1,1,0,1,1,0,20260205,20240619,20240616,20240618,,315,3529351.53000000,45,1,1,1,0,1,0,0,0,20240612,1,1,2608590.00000000,4,0,1,0,0,0,0,756000.81000000,913695.95000000,722417.38000000,722417.38000000,1,0,0,0,0,0,0,0,1224000.00000000,507225.60000000,507225.60000000,716774.40000000,507225.60000000,664920.74000000,507225.60000000,0.00000000,0.00000000,20260917,1320000.00000000,561945.60000000,1224000.00000000,507225.60000000,0,0,0,0,0,0,0,0,1,0,0,1,0,0,0,,0.00000000,,,0,0,0,0,0,0,0–19,0,0,0,0,0,0,0,0,,,1,0,12,7,0.00000000,0.92727273,11204.29057143,20260825,53,0,1,1,正常,0,20260917
MOCK_TAG_0212,MOCK_CUST_0212,MOCK_ECIF_0212,宁波朔森商贸恒有限公司,9133021270000212XA,20131218,存续,日用百货、五金及电子产品批发,1400000.00000000,CNY,980000.00000000,CNY,私人控股,私营有限责任公司,小型,330000,330200,330212,宁波市鄞州区首南东路292号5幢113室,59,F,51,513,5135,1,0,0,1,0,0,0,0,0,0,0,0,0,李承博,MOCK_PERSON_0212,周承博,MOCK_PERSON_0213,MOCK_ORG_ZJ_NB_05,MOCK_ORG_ZJ_NB,MOCK_ORG_ZJ_NB_05,MOCK_ORG_ZJ_NB,1,1,0,1,1,1,20251005,20250201,20250129,20250131,20250202,516,4089306.76000000,43,1,1,1,0,0,0,0,0,20250124,1,1,2456560.00000000,4,0,1,0,0,0,0,1527961.41000000,605948.56000000,568566.22000000,476000.44000000,0,0,0,0,0,0,0,0,0.00000000,0.00000000,0.00000000,0.00000000,0.00000000,0.00000000,0.00000000,0.00000000,0.00000000,20260917,518000.00000000,124320.00000000,0.00000000,0.00000000,0,0,0,0,0,0,0,0,0,0,0,0,0,0,0,,0.00000000,,,0,0,0,0,0,0,,0,0,0,0,0,0,0,0,,,1,0,12,12,383775.75000000,0.00000000,7925.01310078,20260915,59,0,1,1,正常,0,20260917
MOCK_TAG_0213,MOCK_CUST_0213,MOCK_ECIF_0213,宁波朔远精密制造恒有限公司,91330212700002138A,20180524,存续,工业零部件、自动化设备的研发与制造,4500000.00000000,CNY,1710000.00000000,CNY,私人控股,私营有限责任公司,小型,330000,330200,330212,宁波市鄞州区首南东路293号6幢114室,89,C,34,348,3484,1,0,0,1,0,0,0,0,0,0,0,0,0,周承博,MOCK_PERSON_0213,李承博,MOCK_PERSON_0212,MOCK_ORG_ZJ_NB_06,MOCK_ORG_ZJ_NB,MOCK_ORG_ZJ_NB_06,MOCK_ORG_ZJ_NB,1,1,0,1,1,1,20251211,20240622,20240619,20240621,20240623,621,5577618.25000000,69,1,1,1,0,0,0,0,0,20240611,1,1,1952818.00000000,4,0,1,0,0,0,0,2281500.51000000,719679.97000000,706826.87000000,675000.15000000,0,0,0,0,0,0,0,0,0.00000000,0.00000000,0.00000000,0.00000000,0.00000000,0.00000000,0.00000000,0.00000000,0.00000000,20260917,1035000.00000000,238050.00000000,0.00000000,0.00000000,0,0,0,0,0,0,0,0,0,0,0,0,0,0,0,,0.00000000,,,0,0,0,0,0,0,,0,0,0,0,0,0,0,0,,,1,0,12,9,0.00000000,0.00000000,8981.67190016,20260825,89,0,1,1,正常,0,20260917
MOCK_TAG_0214,MOCK_CUST_0214,MOCK_ECIF_0214,杭州朔衡医疗科技恒有限公司,913301087000021467,20161028,存续,医疗器械研发、技术咨询及销售,3500000.00000000,CNY,3395000.00000000,CNY,私人控股,私营有限责任公司,小型,330000,330100,330108,杭州市滨江区江陵路294号7幢115室,30,C,35,358,3589,1,1,0,1,0,0,0,0,0,0,0,0,0,吴承博,MOCK_PERSON_0214,陈安博,MOCK_PERSON_0121,MOCK_ORG_ZJ_HZ_07,MOCK_ORG_ZJ_HZ,MOCK_ORG_ZJ_HZ_07,MOCK_ORG_ZJ_HZ,1,1,0,1,1,0,20260531,20240615,20240612,20240614,,84,919381.72000000,21,1,1,1,0,0,0,0,0,20240611,1,1,1742890.00000000,4,0,1,0,0,0,0,385000.29000000,385000.29000000,385000.29000000,385000.29000000,0,0,0,0,0,0,0,0,0.00000000,0.00000000,0.00000000,0.00000000,0.00000000,0.00000000,0.00000000,0.00000000,0.00000000,20260917,2520000.00000000,1839600.00000000,0.00000000,0.00000000,0,0,0,0,0,0,0,0,1,0,0,1,0,0,0,,0.00000000,,,0,0,0,0,0,0,60–79,0,0,0,0,0,0,0,0,MOCK_GROUP_28,产业集团28,1,0,12,4,267960.80000000,0.00000000,10945.02047619,20260910,30,0,1,1,正常,0,20260917
MOCK_TAG_0215,MOCK_CUST_0215,MOCK_ECIF_0215,宁波朔昕供应链恒有限公司,913302127000021540,20091004,存续,仓储服务、国内货物运输代理,4800000.00000000,CNY,1728000.00000000,CNY,私人控股,私营有限责任公司,小型,330000,330200,330212,宁波市鄞州区首南东路295号8幢116室,76,G,58,582,5821,1,0,0,1,0,0,0,0,0,0,0,0,0,郑承博,MOCK_PERSON_0215,王承博,MOCK_PERSON_0216,MOCK_ORG_ZJ_NB_08,MOCK_ORG_ZJ_NB,MOCK_ORG_ZJ_NB_08,MOCK_ORG_ZJ_NB,0,0,0,1,1,0,,,20221103,20221105,,0,0.00000000,0,0,1,1,0,0,0,0,0,20221027,1,1,1607090.00000000,3,0,1,0,0,0,0,3346560.38000000,2276994.72000000,2201914.11000000,2016000.23000000,0,0,0,0,0,0,0,0,0.00000000,0.00000000,0.00000000,0.00000000,0.00000000,0.00000000,0.00000000,0.00000000,0.00000000,20260917,1680000.00000000,302400.00000000,0.00000000,0.00000000,0,0,0,0,0,0,0,0,0,0,0,0,0,0,0,,0.00000000,,,0,0,0,0,0,0,,0,0,0,0,0,0,0,0,,,1,0,12,0,0.00000000,0.00000000,0.00000000,,76,0,1,1,正常,0,20260917
MOCK_TAG_0216,MOCK_CUST_0216,MOCK_ECIF_0216,上海朔途信息科技恒有限公司,91310114700002162A,20081226,存续,软件开发、信息系统集成及技术咨询,3900000.00000000,CNY,3822000.00000000,CNY,私人控股,私营有限责任公司,小型,310000,310100,310114,上海市嘉定区嘉罗公路296号1幢117室,50,I,65,651,6513,1,1,0,1,0,0,0,0,0,0,0,0,0,王承博,MOCK_PERSON_0216,郑承博,MOCK_PERSON_0215,MOCK_ORG_SH_JD_01,MOCK_ORG_SH_JD,MOCK_ORG_SH_JD_01,MOCK_ORG_SH_JD,0,0,0,1,1,0,,,20250210,20250212,,0,0.00000000,0,0,1,1,0,0,0,0,0,20250202,1,1,2127424.00000000,4,0,1,0,0,0,0,2262000.47000000,2565324.18000000,1827354.21000000,1827354.21000000,1,0,0,0,0,0,0,0,4613700.00000000,2555067.06000000,2555067.06000000,2058632.94000000,2555067.06000000,2566451.36000000,2555067.06000000,0.00000000,0.00000000,20260917,7460700.00000000,3039057.06000000,4613700.00000000,2555067.06000000,0,0,0,0,0,0,0,0,1,0,0,1,0,0,0,,0.00000000,,,0,0,0,0,0,0,0–19,0,0,0,0,0,0,0,0,,,1,0,12,0,0.00000000,0.61840042,0.00000000,,50,0,1,1,正常,0,20260917
MOCK_TAG_0217,MOCK_CUST_0217,MOCK_ECIF_0217,上海翊川医疗科技恒有限公司,913101127000021708,20090715,存续,医疗器械研发、技术咨询及销售,25100000.00000000,CNY,16566000.00000000,CNY,私人控股,私营有限责任公司,中型,310000,310100,310112,上海市闵行区联航路297号2幢118室,132,C,35,358,3589,1,1,0,1,0,0,0,0,0,0,0,0,0,陈承博,MOCK_PERSON_0217,杨承博,MOCK_PERSON_0218,MOCK_ORG_SH_MH_02,MOCK_ORG_SH_MH,MOCK_ORG_SH_MH_02,MOCK_ORG_SH_MH,0,1,0,1,1,0,,20250519,20250516,20250518,,0,0.00000000,0,0,1,1,0,0,0,0,0,20250515,1,1,2085668.00000000,4,0,1,0,0,1,0,20722560.72000000,12401099.51000000,12299523.06000000,12048000.42000000,0,0,0,0,0,0,0,0,0.00000000,0.00000000,0.00000000,0.00000000,0.00000000,0.00000000,0.00000000,0.00000000,0.00000000,20260917,4518000.00000000,3388500.00000000,0.00000000,0.00000000,0,0,0,0,0,0,0,0,0,0,0,1,0,0,0,,0.00000000,,,0,0,0,0,0,0,20–39,0,0,0,0,0,0,0,0,,,1,0,12,0,0.00000000,0.00000000,0.00000000,,132,0,1,1,正常,0,20260917
MOCK_TAG_0218,MOCK_CUST_0218,MOCK_ECIF_0218,苏州翊原供应链恒有限公司,91320571700002189C,20100623,存续,仓储服务、国内货物运输代理,300000.00000000,CNY,132000.00000000,CNY,私人控股,私营有限责任公司,小型,320000,320500,320571,苏州市工业园区星湖街298号3幢119室,28,G,58,582,5821,1,0,0,1,0,0,0,0,0,0,0,0,0,杨承博,MOCK_PERSON_0218,陈承博,MOCK_PERSON_0217,MOCK_ORG_JS_SZ_03,MOCK_ORG_JS_SZ,MOCK_ORG_JS_SZ_03,MOCK_ORG_JS_SZ,0,0,0,1,0,0,,,20220522,,,0,0.00000000,0,0,1,0,0,0,0,0,0,20220515,1,1,2814374.00000000,5,0,1,0,0,0,0,174000.54000000,194872.92000000,140676.18000000,140676.18000000,1,0,0,0,0,0,0,0,402900.00000000,167525.82000000,167525.82000000,235374.18000000,167525.82000000,188398.20000000,167525.82000000,0.00000000,0.00000000,20260917,618900.00000000,269045.82000000,402900.00000000,167525.82000000,0,0,0,0,0,0,0,0,0,0,0,0,0,0,0,,0.00000000,,,0,0,0,0,0,0,,0,0,0,0,0,0,0,0,,,1,0,12,0,0.00000000,0.65099370,0.00000000,,28,0,1,0,正常,0,20260917
MOCK_TAG_0219,MOCK_CUST_0219,MOCK_ECIF_0219,上海翊辰供应链恒有限公司,91310115700002197B,20050919,存续,仓储服务、国内货物运输代理,45900000.00000000,CNY,30294000.00000000,CNY,私人控股,私营有限责任公司,中型,310000,310100,310115,上海市浦东新区金海路299号4幢120室,103,G,58,582,5821,1,0,0,1,0,0,0,0,0,0,0,0,0,黄承博,MOCK_PERSON_0219,徐承博,MOCK_PERSON_0220,MOCK_ORG_SH_PD_04,MOCK_ORG_SH_PD,MOCK_ORG_SH_PD_04,MOCK_ORG_SH_PD,0,1,0,0,0,0,,20220911,,,,0,0.00000000,0,0,0,0,0,0,0,0,0,20220902,1,1,2560302.00000000,4,0,1,0,0,1,0,20489760.43000000,14577063.54000000,14476935.76000000,14229000.30000000,0,0,0,0,0,0,0,0,0.00000000,0.00000000,0.00000000,0.00000000,0.00000000,0.00000000,0.00000000,0.00000000,0.00000000,20260917,31212000.00000000,22784760.00000000,0.00000000,0.00000000,0,0,0,0,0,0,0,0,0,0,0,0,0,0,0,,0.00000000,,,0,0,0,0,0,0,,0,0,0,0,0,0,0,0,,,1,0,12,0,0.00000000,0.00000000,0.00000000,,103,0,0,0,正常,0,20260917
MOCK_TAG_0220,MOCK_CUST_0220,MOCK_ECIF_0220,上海翊宁信息科技恒有限公司,9131011470000220XD,20181003,存续,软件开发、信息系统集成及技术咨询,500000.00000000,CNY,340000.00000000,CNY,私人控股,私营有限责任公司,小型,310000,310100,310114,上海市嘉定区嘉罗公路300号5幢101室,64,I,65,651,6513,1,1,0,1,0,0,0,0,0,0,0,0,0,徐承博,MOCK_PERSON_0220,黄承博,MOCK_PERSON_0219,MOCK_ORG_SH_JD_05,MOCK_ORG_SH_JD,MOCK_ORG_SH_JD_05,MOCK_ORG_SH_JD,1,1,0,1,1,0,20260325,20240308,20240305,20240307,,294,3656627.84000000,49,1,1,1,0,0,0,0,0,20240226,1,1,1507062.00000000,4,0,1,0,0,0,0,443900.50000000,279361.85000000,265161.94000000,230000.26000000,0,0,0,0,0,0,0,0,0.00000000,0.00000000,0.00000000,0.00000000,0.00000000,0.00000000,0.00000000,0.00000000,0.00000000,20260917,130000.00000000,74100.00000000,0.00000000,0.00000000,0,0,0,0,0,0,0,0,0,0,0,1,0,0,0,C,150000.00000000,CNY,嘉禾产业投资05,0,0,0,0,0,0,20–39,0,0,0,0,0,0,0,0,,,1,0,12,6,673750.12000000,0.00000000,12437.50965986,20260910,64,0,1,1,正常,0,20260917
MOCK_TAG_0221,MOCK_CUST_0221,MOCK_ECIF_0221,上海翊知商贸恒有限公司,91310114700002218D,20061113,存续,日用百货、五金及电子产品批发,1500000.00000000,CNY,1320000.00000000,CNY,私人控股,私营有限责任公司,小型,310000,310100,310114,上海市嘉定区嘉罗公路301号6幢102室,60,F,51,513,5135,1,0,0,1,0,0,0,0,0,0,0,0,0,朱承博,MOCK_PERSON_0221,胡承博,MOCK_PERSON_0222,MOCK_ORG_SH_JD_06,MOCK_ORG_SH_JD,MOCK_ORG_SH_JD_06,MOCK_ORG_SH_JD,1,1,0,1,1,1,20250922,20240222,20240219,20240221,20240223,516,4102205.97000000,43,1,1,1,0,1,0,0,0,20240213,1,1,2978512.00000000,4,0,1,0,0,0,0,1080001.22000000,931245.95000000,817782.68000000,767152.48000000,1,0,0,0,0,0,0,0,1507500.00000000,279792.00000000,279792.00000000,1227708.00000000,279792.00000000,389960.10000000,279792.00000000,0.00000000,0.00000000,20260917,2362500.00000000,450792.00000000,1507500.00000000,279792.00000000,0,0,0,0,0,0,0,0,0,0,0,0,0,0,0,,0.00000000,,,0,0,0,0,0,0,,0,0,0,0,0,0,0,0,,,1,0,12,12,351525.08000000,0.63809524,7950.01156977,20260910,60,0,1,1,正常,0,20260917
MOCK_TAG_0222,MOCK_CUST_0222,MOCK_ECIF_0222,苏州翊禾食品恒有限公司,91320571700002226J,20160409,存续,食品加工、预包装食品销售,141600000.00000000,CNY,138768000.00000000,CNY,私人控股,私营有限责任公司,大型,320000,320500,320571,苏州市工业园区星湖街302号7幢103室,1812,C,14,149,1499,1,0,0,1,0,0,0,0,0,0,0,0,0,胡承博,MOCK_PERSON_0222,朱承博,MOCK_PERSON_0221,MOCK_ORG_JS_SZ_07,MOCK_ORG_JS_SZ,MOCK_ORG_JS_SZ_07,MOCK_ORG_JS_SZ,0,1,0,1,0,0,,20240503,20240430,,,0,0.00000000,0,0,1,0,0,0,0,0,0,20240421,1,1,2172030.00000000,4,0,1,0,0,0,0,47874960.40000000,32862364.89000000,32777684.66000000,32568000.27000000,0,0,0,0,0,0,0,0,0.00000000,0.00000000,0.00000000,0.00000000,0.00000000,0.00000000,0.00000000,0.00000000,0.00000000,20260917,49560000.00000000,16850400.00000000,0.00000000,0.00000000,0,0,0,0,0,0,0,0,0,0,0,0,0,0,0,,0.00000000,,,0,0,0,0,0,0,,0,0,0,0,0,0,0,0,,,1,0,12,0,0.00000000,0.00000000,0.00000000,,1812,0,1,0,正常,0,20260917
MOCK_TAG_0223,MOCK_CUST_0223,MOCK_ECIF_0223,上海翊润信息科技恒有限公司,913101127000022346,20170510,存续,软件开发、信息系统集成及技术咨询,22300000.00000000,CNY,7136000.00000000,CNY,私人控股,私营有限责任公司,中型,310000,310100,310112,上海市闵行区联航路303号8幢104室,413,I,65,651,6513,1,1,0,1,0,0,0,0,0,0,0,0,0,林承博,MOCK_PERSON_0223,何承博,MOCK_PERSON_0224,MOCK_ORG_SH_MH_08,MOCK_ORG_SH_MH,MOCK_ORG_SH_MH_08,MOCK_ORG_SH_MH,1,0,0,1,0,0,20260318,,20231006,,,1980,25368753.46000000,330,1,1,0,0,0,0,0,0,20230929,1,1,2047810.00000000,4,0,1,0,0,1,0,10061761.73000000,5496916.64000000,5455228.55000000,5352000.92000000,0,0,0,0,0,0,0,0,0.00000000,0.00000000,0.00000000,0.00000000,0.00000000,0.00000000,0.00000000,0.00000000,0.00000000,20260917,13380000.00000000,9767400.00000000,0.00000000,0.00000000,0,0,0,0,0,0,0,0,0,0,0,1,0,0,0,,0.00000000,,,0,0,0,0,0,0,60–79,0,0,0,0,0,0,0,0,,,1,0,12,6,4620000.66000000,0.00000000,12812.50174747,20260905,413,0,1,0,正常,0,20260917
MOCK_TAG_0224,MOCK_CUST_0224,MOCK_ECIF_0224,苏州翊森供应链恒有限公司,913205717000022428,20180107,存续,仓储服务、国内货物运输代理,2900000.00000000,CNY,1711000.00000000,CNY,私人控股,私营有限责任公司,小型,320000,320500,320571,苏州市工业园区星湖街304号1幢105室,26,G,58,582,5821,1,0,0,1,0,0,0,0,0,0,0,0,0,何承博,MOCK_PERSON_0224,林承博,MOCK_PERSON_0223,MOCK_ORG_JS_SZ_01,MOCK_ORG_JS_SZ,MOCK_ORG_JS_SZ_01,MOCK_ORG_JS_SZ,1,1,0,1,1,0,20260419,20250728,20250725,20250727,,100,812802.15000000,20,1,1,1,0,0,0,0,0,20250719,1,1,2365848.00000000,4,0,1,0,0,0,0,2255042.77000000,917375.97000000,878720.15000000,783000.96000000,0,0,0,0,0,0,0,0,0.00000000,0.00000000,0.00000000,0.00000000,0.00000000,0.00000000,0.00000000,0.00000000,0.00000000,20260917,1450000.00000000,986000.00000000,0.00000000,0.00000000,0,0,0,0,0,0,0,0,0,0,0,0,0,0,0,C,986000.00000000,CNY,嘉禾产业投资09,0,0,0,0,0,0,,0,0,0,0,0,0,0,0,,,1,0,12,5,192000.00000000,0.00000000,8128.02150000,20260905,26,0,1,1,正常,0,20260917
MOCK_TAG_0225,MOCK_CUST_0225,MOCK_ECIF_0225,上海翊远商贸恒有限公司,91310112700002250U,20230211,存续,日用百货、五金及电子产品批发,15100000.00000000,CNY,11023000.00000000,CNY,私人控股,私营有限责任公司,中型,310000,310100,310112,上海市闵行区联航路305号2幢106室,473,F,51,513,5135,1,0,0,1,0,0,0,0,0,0,0,0,0,赵启博,MOCK_PERSON_0225,陈安博,MOCK_PERSON_0121,MOCK_ORG_SH_MH_02,MOCK_ORG_SH_MH,MOCK_ORG_SH_MH_02,MOCK_ORG_SH_MH,1,0,0,1,1,1,20260402,,20250608,20250610,20250612,1675,13240876.64000000,335,1,1,1,0,0,0,0,0,20250604,1,1,2426508.00000000,4,0,1,0,0,1,0,3624000.35000000,6708047.00000000,5845890.88000000,5845890.88000000,1,0,0,0,0,0,0,0,11143800.00000000,0.00000000,0.00000000,11143800.00000000,0.00000000,3084046.65000000,0.00000000,0.00000000,0.00000000,20260917,13710800.00000000,1514530.00000000,11143800.00000000,0.00000000,0,0,0,0,0,0,0,0,0,0,0,0,0,0,0,,0.00000000,,,0,0,0,0,0,0,,0,0,0,0,0,0,0,0,MOCK_GROUP_28,产业集团28,1,0,12,5,0.00000000,0.81277533,7905.00097910,20260820,473,0,1,1,正常,0,20260917
MOCK_TAG_0226,MOCK_CUST_0226,MOCK_ECIF_0226,上海翊衡食品恒有限公司,913101157000022694,20181029,存续,食品加工、预包装食品销售,1000000.00000000,CNY,630000.00000000,CNY,私人控股,私营有限责任公司,小型,310000,310100,310115,上海市浦东新区金海路306号3幢107室,32,C,14,149,1499,1,0,0,1,0,0,0,0,0,0,0,0,0,钱启博,MOCK_PERSON_0226,孙启博,MOCK_PERSON_0227,MOCK_ORG_SH_PD_03,MOCK_ORG_SH_PD,MOCK_ORG_SH_PD_03,MOCK_ORG_SH_PD,1,0,0,1,0,0,20251006,,20220618,,,231,1703524.58000000,21,1,1,0,0,0,0,0,0,20220612,1,1,2776966.00000000,5,0,1,0,0,0,0,893200.54000000,521264.93000000,497887.43000000,440000.27000000,0,0,0,0,0,0,0,0,0.00000000,0.00000000,0.00000000,0.00000000,0.00000000,0.00000000,0.00000000,0.00000000,0.00000000,20260917,430000.00000000,313900.00000000,0.00000000,0.00000000,0,0,0,0,0,0,0,0,0,0,0,0,0,0,0,,0.00000000,,,0,0,0,0,0,0,,0,0,0,0,0,0,0,0,,,1,0,12,11,0.00000000,0.00000000,7374.56528139,20260820,32,0,1,0,正常,0,20260917
MOCK_TAG_0227,MOCK_CUST_0227,MOCK_ECIF_0227,宁波翊昕信息科技恒有限公司,913302127000022771,20130206,存续,软件开发、信息系统集成及技术咨询,1200000.00000000,CNY,1176000.00000000,CNY,私人控股,私营有限责任公司,小型,330000,330200,330212,宁波市鄞州区首南东路307号4幢108室,89,I,65,651,6513,1,1,0,1,0,0,0,0,0,0,0,0,0,孙启博,MOCK_PERSON_0227,钱启博,MOCK_PERSON_0226,MOCK_ORG_ZJ_NB_04,MOCK_ORG_ZJ_NB,MOCK_ORG_ZJ_NB_04,MOCK_ORG_ZJ_NB,0,1,0,1,0,0,,20260614,20260611,,,0,0.00000000,0,0,1,0,0,0,0,0,0,20260601,1,1,957760.00000000,2,1,1,0,0,0,0,0.00000000,51.28000000,36.53000000,36.53000000,0,0,0,0,0,0,0,0,0.00000000,0.00000000,0.00000000,0.00000000,0.00000000,0.00000000,0.00000000,0.00000000,0.00000000,20260917,276000.00000000,27600.00000000,0.00000000,0.00000000,0,0,0,0,0,0,0,0,1,0,0,1,0,0,0,,0.00000000,,,0,0,0,0,0,0,40–59,0,0,0,0,0,0,0,0,,,0,0,4,0,0.00000000,0.00000000,0.00000000,,89,0,1,0,正常,0,20260917
MOCK_TAG_0228,MOCK_CUST_0228,MOCK_ECIF_0228,上海翊途商贸恒有限公司,91310115700002285R,20171015,存续,日用百货、五金及电子产品批发,35900000.00000000,CNY,22617000.00000000,CNY,私人控股,私营有限责任公司,中型,310000,310100,310115,上海市浦东新区金海路308号5幢109室,172,F,51,513,5135,1,0,0,1,0,0,0,0,0,0,0,0,0,李启博,MOCK_PERSON_0228,周启博,MOCK_PERSON_0229,MOCK_ORG_SH_PD_05,MOCK_ORG_SH_PD,MOCK_ORG_SH_PD_05,MOCK_ORG_SH_PD,1,0,0,0,1,1,20250925,,,20230719,20230721,1608,12813754.58000000,134,1,0,1,0,0,0,0,0,20230716,1,1,2870132.00000000,5,0,1,0,0,1,0,20850720.82000000,16165384.02000000,16059123.04000000,15796000.62000000,0,0,0,0,0,0,0,0,0.00000000,0.00000000,0.00000000,0.00000000,0.00000000,0.00000000,0.00000000,0.00000000,0.00000000,20260917,24771000.00000000,15110310.00000000,0.00000000,0.00000000,0,0,0,0,0,0,0,0,0,0,0,0,0,0,0,,0.00000000,,,0,0,0,0,0,0,,0,0,0,0,0,0,0,0,,,1,0,12,12,894450.13000000,0.00000000,7968.75284826,20260915,172,0,0,1,正常,0,20260917
MOCK_TAG_0229,MOCK_CUST_0229,MOCK_ECIF_0229,上海璟川精密制造恒有限公司,913101147000022936,20191020,存续,工业零部件、自动化设备的研发与制造,23500000.00000000,CNY,12690000.00000000,CNY,私人控股,私营有限责任公司,中型,310000,310100,310114,上海市嘉定区嘉罗公路309号6幢110室,462,C,34,348,3484,1,0,0,1,0,0,0,0,0,0,0,0,0,周启博,MOCK_PERSON_0229,李启博,MOCK_PERSON_0228,MOCK_ORG_SH_JD_06,MOCK_ORG_SH_JD,MOCK_ORG_SH_JD_06,MOCK_ORG_SH_JD,0,0,0,1,0,0,,,20240119,,,0,0.00000000,0,0,1,0,0,0,0,0,0,20240110,1,1,2462348.00000000,4,0,1,0,0,1,0,470000.39000000,1961002.69000000,1396878.63000000,1396878.63000000,1,0,0,0,1,0,0,0,9400000.00000000,1649700.00000000,1649700.00000000,7750300.00000000,1649700.00000000,1965540.00000000,1649700.00000000,0.00000000,0.00000000,20260917,27965000.00000000,12046100.00000000,9400000.00000000,1649700.00000000,0,0,0,0,0,0,0,0,0,0,0,0,0,0,0,,0.00000000,,,0,0,0,0,0,0,,0,0,0,0,0,0,0,0,,,1,0,12,0,0.00000000,0.33613445,0.00000000,,462,0,1,0,正常,0,20260917
MOCK_TAG_0230,MOCK_CUST_0230,MOCK_ECIF_0230,宁波璟原医疗科技恒有限公司,91330212700002306C,20210428,存续,医疗器械研发、技术咨询及销售,700000.00000000,CNY,294000.00000000,CNY,私人控股,私营有限责任公司,小型,330000,330200,330212,宁波市鄞州区首南东路310号7幢111室,76,C,35,358,3589,1,1,0,1,0,0,0,0,0,0,0,0,0,吴启博,MOCK_PERSON_0230,杨启博,MOCK_PERSON_0234,MOCK_ORG_ZJ_NB_07,MOCK_ORG_ZJ_NB,MOCK_ORG_ZJ_NB_07,MOCK_ORG_ZJ_NB,0,1,0,1,1,0,,20260710,20260707,20260709,,0,0.00000000,0,0,1,1,0,0,0,0,0,20260703,1,1,734796.00000000,1,0,1,0,0,0,0,203000.07000000,60119.25000000,42824.67000000,42824.67000000,0,0,0,0,0,0,0,0,0.00000000,0.00000000,0.00000000,0.00000000,0.00000000,0.00000000,0.00000000,0.00000000,0.00000000,20260917,28000.00000000,16800.00000000,0.00000000,0.00000000,0,0,0,0,0,0,0,0,1,0,0,1,0,0,0,,0.00000000,,,0,0,0,0,0,0,20–39,0,0,0,0,0,0,0,0,,,0,0,3,0,0.00000000,0.00000000,0.00000000,,76,0,1,1,正常,0,20260917
MOCK_TAG_0231,MOCK_CUST_0231,MOCK_ECIF_0231,宁波璟辰食品恒有限公司,913302127000023147,20170910,存续,食品加工、预包装食品销售,259000000.00000000,CNY,82880000.00000000,CNY,私人控股,私营有限责任公司,大型,330000,330200,330212,宁波市鄞州区首南东路311号8幢112室,1868,C,14,149,1499,1,0,0,1,0,0,0,0,0,0,0,0,0,郑启博,MOCK_PERSON_0231,吴远博,MOCK_PERSON_0022,MOCK_ORG_ZJ_NB_08,MOCK_ORG_ZJ_NB,MOCK_ORG_ZJ_NB_08,MOCK_ORG_ZJ_NB,0,0,0,1,0,0,,,20220911,,,0,0.00000000,0,0,1,0,0,1,0,0,0,20220906,1,1,2172454.00000000,4,0,1,0,0,0,0,80290000.13000000,73952728.36000000,61678338.18000000,61678338.18000000,1,0,0,0,0,0,0,0,264180000.00000000,49005390.00000000,49005390.00000000,215174610.00000000,49005390.00000000,42668118.23000000,49005390.00000000,0.00000000,0.00000000,20260917,328930000.00000000,71020390.00000000,264180000.00000000,49005390.00000000,0,1,0,0,0,0,1,0,0,0,0,0,0,0,0,,0.00000000,,,0,0,0,0,0,0,,0,0,0,0,0,0,0,0,MOCK_GROUP_19,产业集团19,1,0,12,0,0.00000000,0.80314961,0.00000000,,1868,0,1,0,正常,0,20260917
MOCK_TAG_0232,MOCK_CUST_0232,MOCK_ECIF_0232,上海璟宁精密制造恒有限公司,91310114700002322H,20201211,存续,工业零部件、自动化设备的研发与制造,4000000.00000000,CNY,1680000.00000000,CNY,私人控股,私营有限责任公司,小型,310000,310100,310114,上海市嘉定区嘉罗公路312号1幢113室,32,C,34,348,3484,1,0,0,1,0,0,0,0,0,0,0,0,0,王启博,MOCK_PERSON_0232,王启博,MOCK_PERSON_0232,MOCK_ORG_SH_JD_01,MOCK_ORG_SH_JD,MOCK_ORG_SH_JD_01,MOCK_ORG_SH_JD,1,1,0,0,1,0,20260625,20230223,,20230222,,75,654501.44000000,25,1,0,1,0,0,0,0,0,20230216,1,1,1372542.00000000,3,0,1,0,0,0,0,80000.79000000,80000.79000000,80000.79000000,80000.79000000,0,0,0,0,0,0,0,0,0.00000000,0.00000000,0.00000000,0.00000000,0.00000000,0.00000000,0.00000000,0.00000000,0.00000000,20260917,2480000.00000000,1760800.00000000,0.00000000,0.00000000,0,0,0,0,0,0,0,0,0,0,0,0,0,0,0,B,1560000.00000000,CNY,嘉禾产业投资05,0,0,0,0,0,0,,0,0,0,0,0,0,0,0,MOCK_GROUP_11,产业集团11,1,0,12,3,216750.08000000,0.00000000,8726.68586667,20260910,32,0,0,1,正常,0,20260917
MOCK_TAG_0233,MOCK_CUST_0233,MOCK_ECIF_0233,上海璟知医疗科技恒有限公司,91310112700002330F,20140305,存续,医疗器械研发、技术咨询及销售,3300000.00000000,CNY,2277000.00000000,CNY,私人控股,私营有限责任公司,小型,310000,310100,310112,上海市闵行区联航路313号2幢114室,49,C,35,358,3589,1,1,0,1,0,0,0,0,0,0,0,0,0,陈启博,MOCK_PERSON_0233,陈启博,MOCK_PERSON_0233,MOCK_ORG_SH_MH_02,MOCK_ORG_SH_MH,MOCK_ORG_SH_MH_02,MOCK_ORG_SH_MH,1,1,0,1,1,0,20260403,20230602,20230530,20230601,,264,3039522.66000000,44,1,1,1,0,0,0,0,0,20230520,1,1,2326232.00000000,4,0,1,0,0,0,0,6133052.16000000,3044790.17000000,2655574.30000000,2116401.13000000,1,0,0,0,0,0,0,0,1600500.00000000,474388.20000000,474388.20000000,1126111.80000000,474388.20000000,683261.45000000,474388.20000000,0.00000000,0.00000000,20260917,1666500.00000000,498808.20000000,1600500.00000000,474388.20000000,0,0,0,0,0,0,0,0,1,0,0,1,0,0,0,,0.00000000,,,0,0,0,0,0,0,0–19,0,0,0,0,0,0,0,0,MOCK_GROUP_16,产业集团16,1,0,12,6,488840.64000000,0.96039604,11513.34340909,20260915,49,0,1,1,正常,0,20260917
MOCK_TAG_0234,MOCK_CUST_0234,MOCK_ECIF_0234,上海璟禾供应链恒有限公司,91310115700002349P,20120818,存续,仓储服务、国内货物运输代理,4500000.00000000,CNY,2520000.00000000,CNY,私人控股,私营有限责任公司,小型,310000,310100,310115,上海市浦东新区金海路314号3幢115室,50,G,58,582,5821,1,0,0,1,0,0,0,0,0,0,0,0,0,杨启博,MOCK_PERSON_0234,吴启博,MOCK_PERSON_0230,MOCK_ORG_SH_PD_03,MOCK_ORG_SH_PD,MOCK_ORG_SH_PD_03,MOCK_ORG_SH_PD,0,1,0,1,1,0,,20240625,20240622,20240624,,0,0.00000000,0,0,1,1,0,0,0,0,0,20240621,1,1,2249272.00000000,4,0,1,0,0,0,0,5203800.63000000,3061894.50000000,2944842.75000000,2819148.48000000,1,0,0,0,0,0,0,0,904500.00000000,0.00000000,0.00000000,904500.00000000,0.00000000,230438.77000000,0.00000000,0.00000000,0.00000000,20260917,3514500.00000000,339300.00000000,904500.00000000,0.00000000,0,0,0,0,0,0,0,0,0,0,0,0,0,0,0,C,2295000.00000000,CNY,嘉禾产业投资07,0,0,0,0,0,0,,0,0,0,0,0,0,0,0,,,1,0,12,0,0.00000000,0.25736236,0.00000000,,50,0,1,1,正常,0,20260917
MOCK_TAG_0235,MOCK_CUST_0235,MOCK_ECIF_0235,苏州璟润信息科技恒有限公司,91320571700002357E,20050120,存续,软件开发、信息系统集成及技术咨询,2800000.00000000,CNY,1372000.00000000,CNY,私人控股,私营有限责任公司,小型,320000,320500,320571,苏州市工业园区星湖街315号4幢116室,55,I,65,651,6513,1,1,0,1,0,0,0,0,0,0,0,0,0,黄启博,MOCK_PERSON_0235,钱明博,MOCK_PERSON_0002,MOCK_ORG_JS_SZ_04,MOCK_ORG_JS_SZ,MOCK_ORG_JS_SZ_04,MOCK_ORG_JS_SZ,1,1,0,1,1,0,20260520,20220616,20220613,20220615,,212,2583752.16000000,53,1,1,1,0,0,0,0,0,20220603,1,1,1473196.00000000,4,0,1,0,0,0,0,2798320.40000000,1290550.34000000,1225378.36000000,1064000.15000000,0,0,0,0,0,0,0,0,0.00000000,0.00000000,0.00000000,0.00000000,0.00000000,0.00000000,0.00000000,0.00000000,0.00000000,20260917,56000.00000000,21280.00000000,0.00000000,0.00000000,0,0,0,0,0,0,0,0,1,0,0,1,0,0,0,,0.00000000,,,0,0,0,0,0,0,40–59,0,0,0,0,0,0,0,0,MOCK_GROUP_40,产业集团40,1,0,12,4,609500.55000000,0.00000000,12187.51018868,20260905,55,0,1,1,正常,0,20260917
MOCK_TAG_0236,MOCK_CUST_0236,MOCK_ECIF_0236,杭州璟森食品恒有限公司,91330108700002365H,20210613,存续,食品加工、预包装食品销售,4100000.00000000,CNY,2665000.00000000,CNY,私人控股,私营有限责任公司,小型,330000,330100,330108,杭州市滨江区江陵路316号5幢117室,50,C,14,149,1499,1,0,0,1,0,0,0,0,0,0,0,0,0,徐启博,MOCK_PERSON_0236,胡启博,MOCK_PERSON_0238,MOCK_ORG_ZJ_HZ_05,MOCK_ORG_ZJ_HZ,MOCK_ORG_ZJ_HZ_05,MOCK_ORG_ZJ_HZ,1,0,0,1,0,0,20260527,,20230326,,,168,1094730.50000000,42,1,1,0,0,0,0,0,0,20230316,1,1,2327748.00000000,4,0,1,0,0,0,0,3020060.03000000,2457022.79000000,2434290.21000000,2378000.02000000,0,0,0,0,0,0,0,0,0.00000000,0.00000000,0.00000000,0.00000000,0.00000000,0.00000000,0.00000000,0.00000000,0.00000000,20260917,1927000.00000000,520290.00000000,0.00000000,0.00000000,0,0,0,0,0,0,0,0,0,0,0,0,0,0,0,,0.00000000,,,0,0,0,0,0,0,,0,0,0,0,0,0,0,0,,,1,0,12,4,264810.07000000,0.00000000,6516.25297619,20260905,50,0,1,0,正常,0,20260917
MOCK_TAG_0237,MOCK_CUST_0237,MOCK_ECIF_0237,上海璟远商贸恒有限公司,91310112700002373W,20130801,存续,日用百货、五金及电子产品批发,2800000.00000000,CNY,2744000.00000000,CNY,私人控股,私营有限责任公司,小型,310000,310100,310112,上海市闵行区联航路317号6幢118室,31,F,51,513,5135,1,0,0,1,0,0,0,0,0,0,0,0,0,朱启博,MOCK_PERSON_0237,钱昕博,MOCK_PERSON_0082,MOCK_ORG_SH_MH_06,MOCK_ORG_SH_MH,MOCK_ORG_SH_MH_06,MOCK_ORG_SH_MH,1,0,0,1,1,0,20251127,,20230117,20230119,,280,2219706.33000000,28,1,1,1,0,0,0,0,0,20230116,1,1,2555796.00000000,4,0,1,0,0,0,0,364000.63000000,364000.63000000,364000.63000000,364000.63000000,0,0,0,0,0,0,0,0,0.00000000,0.00000000,0.00000000,0.00000000,0.00000000,0.00000000,0.00000000,0.00000000,0.00000000,20260917,1764000.00000000,317520.00000000,0.00000000,0.00000000,0,0,0,0,0,0,0,0,0,0,0,0,0,0,0,,0.00000000,,,0,0,0,0,0,0,,0,0,0,0,0,0,0,0,MOCK_GROUP_02,产业集团02,1,0,12,10,178500.71000000,0.00000000,7927.52260714,20260910,31,0,1,1,正常,0,20260917
MOCK_TAG_0238,MOCK_CUST_0238,MOCK_ECIF_0238,上海璟衡供应链恒有限公司,91310112700002381P,20091001,存续,仓储服务、国内货物运输代理,3400000.00000000,CNY,1530000.00000000,CNY,私人控股,私营有限责任公司,小型,310000,310100,310112,上海市闵行区联航路318号7幢119室,50,G,58,582,5821,1,0,0,1,0,0,0,0,0,0,0,0,0,胡启博,MOCK_PERSON_0238,徐启博,MOCK_PERSON_0236,MOCK_ORG_SH_MH_07,MOCK_ORG_SH_MH,MOCK_ORG_SH_MH_07,MOCK_ORG_SH_MH,0,0,0,1,1,0,,,20260807,20260809,,0,0.00000000,0,0,1,1,0,0,0,0,0,20260730,1,1,416982.00000000,1,0,1,0,0,0,0,1326000.93000000,255000.18000000,181643.96000000,181643.96000000,0,0,0,0,0,0,0,0,0.00000000,0.00000000,0.00000000,0.00000000,0.00000000,0.00000000,0.00000000,0.00000000,0.00000000,20260917,2074000.00000000,1327360.00000000,0.00000000,0.00000000,0,0,0,0,0,0,0,0,0,0,0,0,0,0,0,,0.00000000,,,0,0,0,0,0,0,,0,0,0,0,0,0,0,0,,,0,0,2,0,0.00000000,0.00000000,0.00000000,,50,0,1,1,正常,0,20260917
MOCK_TAG_0239,MOCK_CUST_0239,MOCK_ECIF_0239,上海璟昕供应链恒有限公司,9131011270000239XF,20080129,存续,仓储服务、国内货物运输代理,44700000.00000000,CNY,15645000.00000000,CNY,私人控股,私营有限责任公司,中型,310000,310100,310112,上海市闵行区联航路319号8幢120室,215,G,58,582,5821,1,0,0,1,0,0,0,0,0,0,0,0,0,林启博,MOCK_PERSON_0239,何启博,MOCK_PERSON_0240,MOCK_ORG_SH_MH_08,MOCK_ORG_SH_MH,MOCK_ORG_SH_MH_08,MOCK_ORG_SH_MH,1,0,0,1,0,0,20251103,,20220904,,,1837,16325923.41000000,167,1,1,0,0,0,0,0,0,20220901,1,1,2070384.00000000,4,0,1,0,0,1,0,1788000.53000000,28804575.47000000,20518327.73000000,20518327.73000000,1,0,0,0,0,0,0,0,67944000.00000000,25682832.00000000,25682832.00000000,42261168.00000000,25682832.00000000,28896478.67000000,25682832.00000000,0.00000000,0.00000000,20260917,88953000.00000000,33246072.00000000,67944000.00000000,25682832.00000000,0,0,0,0,0,0,0,0,0,0,0,0,0,0,0,,0.00000000,,,0,0,0,0,0,0,,0,0,0,0,0,0,0,0,,,1,0,12,11,1362720.03000000,0.76381910,8887.27458356,20260910,215,0,1,0,正常,0,20260917
MOCK_TAG_0240,MOCK_CUST_0240,MOCK_ECIF_0240,杭州璟途信息科技恒有限公司,91330108700002402P,20071030,存续,软件开发、信息系统集成及技术咨询,1200000.00000000,CNY,1032000.00000000,CNY,私人控股,私营有限责任公司,小型,330000,330100,330108,杭州市滨江区江陵路320号1幢101室,12,I,65,651,6513,1,1,0,1,0,0,0,0,0,0,0,0,0,何启博,MOCK_PERSON_0240,林启博,MOCK_PERSON_0239,MOCK_ORG_ZJ_HZ_01,MOCK_ORG_ZJ_HZ,MOCK_ORG_ZJ_HZ_01,MOCK_ORG_ZJ_HZ,0,1,0,0,1,0,,20240226,,20240225,,0,0.00000000,0,0,0,1,0,0,0,0,0,20240220,1,1,2192244.00000000,4,0,1,0,0,0,0,897601.13000000,687416.25000000,679529.62000000,660000.83000000,0,0,0,0,0,0,0,0,0.00000000,0.00000000,0.00000000,0.00000000,0.00000000,0.00000000,0.00000000,0.00000000,0.00000000,20260917,912000.00000000,373920.00000000,0.00000000,0.00000000,0,0,0,0,0,0,0,0,0,0,0,1,0,0,0,C,288000.00000000,CNY,嘉禾产业投资01,0,0,0,0,0,0,40–59,0,0,0,0,0,0,0,0,,,1,0,12,0,0.00000000,0.00000000,0.00000000,,12,0,0,1,正常,0,20260917
MOCK_TAG_0241,MOCK_CUST_0241,MOCK_ECIF_0241,杭州珩川信息科技恒有限公司,91330108700002410J,20151025,存续,软件开发、信息系统集成及技术咨询,43800000.00000000,CNY,17520000.00000000,CNY,私人控股,私营有限责任公司,中型,330000,330100,330108,杭州市滨江区江陵路321号2幢102室,242,I,65,651,6513,1,1,0,1,0,0,0,0,0,0,0,0,0,赵博博,MOCK_PERSON_0241,杨泽博,MOCK_PERSON_0186,MOCK_ORG_ZJ_HZ_02,MOCK_ORG_ZJ_HZ,MOCK_ORG_ZJ_HZ_02,MOCK_ORG_ZJ_HZ,1,1,0,1,0,0,20251006,20230304,20230301,,,2332,32383005.34000000,212,1,1,0,0,1,0,0,0,20230228,1,1,2329460.00000000,4,0,1,0,0,1,0,35635682.22000000,18491619.92000000,17708113.10000000,15768000.98000000,0,0,0,0,0,0,0,0,0.00000000,0.00000000,0.00000000,0.00000000,0.00000000,0.00000000,0.00000000,0.00000000,0.00000000,20260917,6570000.00000000,2825100.00000000,0.00000000,0.00000000,0,0,0,0,0,0,0,0,1,0,0,1,0,0,0,,0.00000000,,,0,0,0,0,0,0,0–19,0,0,0,0,0,0,0,0,MOCK_GROUP_36,产业集团36,1,0,12,11,0.00000000,0.00000000,13886.36592624,20260820,242,0,1,0,正常,0,20260917
MOCK_TAG_0242,MOCK_CUST_0242,MOCK_ECIF_0242,上海珩原商贸恒有限公司,91310115700002429B,20161221,存续,日用百货、五金及电子产品批发,44800000.00000000,CNY,44800000.00000000,CNY,私人控股,私营有限责任公司,中型,310000,310100,310115,上海市浦东新区金海路322号3幢103室,90,F,51,513,5135,1,0,0,1,0,0,0,0,0,0,0,0,0,钱博博,MOCK_PERSON_0242,孙博博,MOCK_PERSON_0243,MOCK_ORG_SH_PD_03,MOCK_ORG_SH_PD,MOCK_ORG_SH_PD_03,MOCK_ORG_SH_PD,0,0,0,1,0,1,,,20241231,,20250104,0,0.00000000,0,0,1,0,0,0,0,0,0,20241226,1,1,2210976.00000000,4,0,1,0,0,1,0,14336000.93000000,13254316.65000000,12753872.11000000,12753872.11000000,1,0,0,0,0,0,0,0,10752000.00000000,2821324.80000000,2821324.80000000,7930675.20000000,2821324.80000000,1739640.52000000,2821324.80000000,0.00000000,0.00000000,20260917,29120000.00000000,8699084.80000000,10752000.00000000,2821324.80000000,0,0,0,0,0,0,0,0,0,0,0,0,0,0,0,C,25088000.00000000,CNY,嘉禾产业投资03,0,0,0,0,0,0,,0,0,0,0,0,0,0,0,,,1,0,12,0,0.00000000,0.36923077,0.00000000,,90,0,1,0,正常,0,20260917
MOCK_TAG_0243,MOCK_CUST_0243,MOCK_ECIF_0243,上海珩辰信息科技恒有限公司,91310112700002437T,20070310,存续,软件开发、信息系统集成及技术咨询,1800000.00000000,CNY,1188000.00000000,CNY,私人控股,私营有限责任公司,小型,310000,310100,310112,上海市闵行区联航路323号4幢104室,36,I,65,651,6513,1,1,0,1,0,0,0,0,0,0,0,0,0,孙博博,MOCK_PERSON_0243,钱博博,MOCK_PERSON_0242,MOCK_ORG_SH_MH_04,MOCK_ORG_SH_MH,MOCK_ORG_SH_MH_04,MOCK_ORG_SH_MH,1,0,0,1,0,0,20260503,,20221111,,,145,1682001.74000000,29,1,1,0,0,0,0,0,0,20221106,1,1,2327098.00000000,5,0,1,0,0,0,0,2991602.55000000,1335185.49000000,1227058.23000000,1067661.93000000,1,0,0,0,0,0,0,0,612000.00000000,120686.40000000,120686.40000000,491313.60000000,120686.40000000,152103.09000000,120686.40000000,0.00000000,0.00000000,20260917,954000.00000000,370346.40000000,612000.00000000,120686.40000000,0,0,0,0,0,0,0,0,0,0,0,1,0,0,0,B,810000.00000000,CNY,嘉禾产业投资04,0,0,0,0,0,0,0–19,0,0,0,0,0,0,0,0,,,1,0,12,5,311750.04000000,0.64150943,11600.01200000,20260915,36,0,1,0,正常,0,20260917
MOCK_TAG_0244,MOCK_CUST_0244,MOCK_ECIF_0244,苏州珩宁信息科技恒有限公司,91320571700002445W,20070216,存续,软件开发、信息系统集成及技术咨询,1100000.00000000,CNY,770000.00000000,CNY,私人控股,私营有限责任公司,小型,320000,320500,320571,苏州市工业园区星湖街324号5幢105室,35,I,65,651,6513,1,1,0,1,0,0,0,0,0,0,0,0,0,李博博,MOCK_PERSON_0244,吴博博,MOCK_PERSON_0246,MOCK_ORG_JS_SZ_05,MOCK_ORG_JS_SZ,MOCK_ORG_JS_SZ_05,MOCK_ORG_JS_SZ,0,0,0,1,1,0,,,20230916,20230918,,0,0.00000000,0,0,1,1,0,0,0,0,0,20230914,1,1,3115200.00000000,5,0,1,0,0,0,0,334621.10000000,204831.67000000,202866.58000000,198000.65000000,0,0,0,0,0,0,0,0,0.00000000,0.00000000,0.00000000,0.00000000,0.00000000,0.00000000,0.00000000,0.00000000,0.00000000,20260917,737000.00000000,302170.00000000,0.00000000,0.00000000,0,0,0,0,0,0,0,0,1,0,0,1,0,0,0,,0.00000000,,,0,0,0,0,0,0,20–39,0,0,0,0,0,0,0,0,,,1,0,12,0,0.00000000,0.00000000,0.00000000,,35,0,1,1,正常,0,20260917
MOCK_TAG_0245,MOCK_CUST_0245,MOCK_ECIF_0245,上海珩知信息科技恒有限公司,91310115700002453U,20130505,存续,软件开发、信息系统集成及技术咨询,3900000.00000000,CNY,2340000.00000000,CNY,私人控股,私营有限责任公司,小型,310000,310100,310115,上海市浦东新区金海路325号6幢106室,81,I,65,651,6513,1,1,0,1,0,0,0,0,0,0,0,0,0,周博博,MOCK_PERSON_0245,朱昕博,MOCK_PERSON_0093,MOCK_ORG_SH_PD_06,MOCK_ORG_SH_PD,MOCK_ORG_SH_PD_06,MOCK_ORG_SH_PD,0,1,0,0,1,0,,20240923,,20240922,,0,0.00000000,0,0,0,1,0,0,0,0,0,20240917,1,1,2312956.00000000,4,0,1,0,0,0,0,2145000.18000000,3017247.06000000,2359851.42000000,2359851.42000000,1,0,0,0,0,0,0,0,5304000.00000000,1412985.60000000,1412985.60000000,3891014.40000000,1412985.60000000,2285232.48000000,1412985.60000000,0.00000000,0.00000000,20260917,6396000.00000000,1565865.60000000,5304000.00000000,1412985.60000000,0,1,0,0,0,0,1,0,0,0,0,1,0,0,0,,0.00000000,,,0,0,0,0,0,0,40–59,0,0,0,0,0,0,0,0,MOCK_GROUP_60,产业集团60,1,0,12,0,0.00000000,0.82926829,0.00000000,,81,0,0,1,正常,0,20260917
MOCK_TAG_0246,MOCK_CUST_0246,MOCK_ECIF_0246,上海珩禾医疗科技恒有限公司,913101147000024618,20090216,存续,医疗器械研发、技术咨询及销售,3200000.00000000,CNY,2848000.00000000,CNY,私人控股,私营有限责任公司,小型,310000,310100,310114,上海市嘉定区嘉罗公路326号7幢107室,86,C,35,358,3589,1,1,0,1,0,0,0,0,0,0,0,0,0,吴博博,MOCK_PERSON_0246,李博博,MOCK_PERSON_0244,MOCK_ORG_SH_JD_07,MOCK_ORG_SH_JD,MOCK_ORG_SH_JD_07,MOCK_ORG_SH_JD,1,0,0,1,0,0,20251027,,20240418,,,616,7204126.37000000,56,1,1,0,0,0,0,0,0,20240409,1,1,1810442.00000000,4,0,1,0,0,0,0,1920000.76000000,2101558.91000000,1905908.48000000,1905908.48000000,1,0,0,0,0,0,0,0,4864000.00000000,498560.00000000,498560.00000000,4365440.00000000,498560.00000000,680118.15000000,498560.00000000,0.00000000,0.00000000,20260917,6240000.00000000,1007680.00000000,4864000.00000000,498560.00000000,0,0,0,0,0,0,0,0,1,0,0,1,0,0,0,A,1952000.00000000,CNY,嘉禾产业投资07,0,0,0,0,0,0,60–79,0,0,0,0,0,0,0,0,,,1,0,12,11,529760.05000000,0.77948718,11695.01034091,20260915,86,0,1,0,正常,0,20260917
MOCK_TAG_0247,MOCK_CUST_0247,MOCK_ECIF_0247,上海珩润精密制造恒有限公司,9131011570000247XE,20110320,存续,工业零部件、自动化设备的研发与制造,1300000.00000000,CNY,637000.00000000,CNY,私人控股,私营有限责任公司,小型,310000,310100,310115,上海市浦东新区金海路327号8幢108室,40,C,34,348,3484,1,0,0,1,0,0,0,0,0,0,0,0,0,郑博博,MOCK_PERSON_0247,王博博,MOCK_PERSON_0248,MOCK_ORG_SH_PD_08,MOCK_ORG_SH_PD,MOCK_ORG_SH_PD_08,MOCK_ORG_SH_PD,1,1,0,1,1,1,20251125,20240815,20240812,20240814,20240816,350,3132679.95000000,35,1,1,1,0,0,0,0,0,20240802,1,1,2354152.00000000,4,0,1,0,0,0,0,819261.97000000,337123.31000000,326156.54000000,299000.72000000,0,0,0,0,0,0,0,0,0.00000000,0.00000000,0.00000000,0.00000000,0.00000000,0.00000000,0.00000000,0.00000000,0.00000000,20260917,936000.00000000,224640.00000000,0.00000000,0.00000000,0,0,0,0,0,0,0,0,0,0,0,0,0,0,0,,0.00000000,,,0,0,0,0,0,0,,0,0,0,0,0,0,0,0,,,1,0,12,10,294525.04000000,0.00000000,8950.51414286,20260910,40,0,1,1,正常,0,20260917
MOCK_TAG_0248,MOCK_CUST_0248,MOCK_ECIF_0248,上海珩森信息科技恒有限公司,913101127000024883,20210316,存续,软件开发、信息系统集成及技术咨询,36200000.00000000,CNY,33304000.00000000,CNY,私人控股,私营有限责任公司,中型,310000,310100,310112,上海市闵行区联航路328号1幢109室,499,I,65,651,6513,1,1,0,1,0,0,0,0,0,0,0,0,0,王博博,MOCK_PERSON_0248,郑博博,MOCK_PERSON_0247,MOCK_ORG_SH_MH_01,MOCK_ORG_SH_MH,MOCK_ORG_SH_MH_01,MOCK_ORG_SH_MH,1,0,0,1,0,0,20251019,,20240826,,,4939,62354879.48000000,449,1,1,0,0,0,0,0,0,20240824,1,1,2721804.00000000,5,0,1,0,0,1,0,7240000.16000000,7240000.16000000,7240000.16000000,7240000.16000000,0,0,0,0,0,0,0,0,0.00000000,0.00000000,0.00000000,0.00000000,0.00000000,0.00000000,0.00000000,0.00000000,0.00000000,20260917,1448000.00000000,1071520.00000000,0.00000000,0.00000000,0,0,0,0,0,0,0,0,0,0,0,1,0,0,0,,0.00000000,,,0,0,0,0,0,0,20–39,0,0,0,0,0,0,0,0,,,1,0,12,11,4882875.75000000,0.00000000,12625.00090707,20260905,499,0,1,0,正常,0,20260917
MOCK_TAG_0249,MOCK_CUST_0249,MOCK_ECIF_0249,宁波珩远商贸恒有限公司,91330212700002496B,20091114,存续,日用百货、五金及电子产品批发,2000000.00000000,CNY,1560000.00000000,CNY,私人控股,私营有限责任公司,小型,330000,330200,330212,宁波市鄞州区首南东路329号2幢110室,59,F,51,513,5135,1,0,0,1,0,0,0,0,0,0,0,0,0,陈博博,MOCK_PERSON_0249,黄博博,MOCK_PERSON_0251,MOCK_ORG_ZJ_NB_02,MOCK_ORG_ZJ_NB,MOCK_ORG_ZJ_NB_02,MOCK_ORG_ZJ_NB,0,0,0,0,1,1,,,,20250425,20250427,0,0.00000000,0,0,0,1,0,0,0,0,0,20250414,1,1,2199052.00000000,4,0,1,0,0,0,0,3504600.68000000,1454077.98000000,1375233.69000000,1180000.23000000,0,0,0,0,0,0,0,0,0.00000000,0.00000000,0.00000000,0.00000000,0.00000000,0.00000000,0.00000000,0.00000000,0.00000000,20260917,1320000.00000000,778800.00000000,0.00000000,0.00000000,0,0,0,0,0,0,0,0,0,0,0,0,0,0,0,,0.00000000,,,0,0,0,0,0,0,,0,0,0,0,0,0,0,0,,,1,0,12,0,0.00000000,0.00000000,0.00000000,,59,0,0,1,正常,0,20260917
MOCK_TAG_0250,MOCK_CUST_0250,MOCK_ECIF_0250,苏州珩衡商贸恒有限公司,91320571700002509T,20170508,存续,日用百货、五金及电子产品批发,20100000.00000000,CNY,9045000.00000000,CNY,私人控股,私营有限责任公司,中型,320000,320500,320571,苏州市工业园区星湖街330号3幢111室,324,F,51,513,5135,1,0,0,1,0,0,0,0,0,0,0,0,0,杨博博,MOCK_PERSON_0250,陈瑞博,MOCK_PERSON_0105,MOCK_ORG_JS_SZ_03,MOCK_ORG_JS_SZ,MOCK_ORG_JS_SZ_03,MOCK_ORG_JS_SZ,0,0,0,1,0,1,,,20221012,,20221016,0,0.00000000,0,0,1,0,0,0,0,0,0,20221009,1,1,2380318.00000000,5,0,1,0,0,1,0,11658000.39000000,12689493.30000000,10667541.47000000,10667541.47000000,1,0,0,0,0,0,0,0,20260800.00000000,5997196.80000000,5997196.80000000,14263603.20000000,5997196.80000000,7028689.71000000,5997196.80000000,0.00000000,0.00000000,20260917,35134800.00000000,10161916.80000000,20260800.00000000,5997196.80000000,0,0,0,0,0,0,0,0,0,0,0,0,0,0,0,B,8241000.00000000,CNY,嘉禾产业投资11,0,0,0,0,0,0,,0,0,0,0,0,0,0,0,MOCK_GROUP_43,产业集团43,1,0,12,0,0.00000000,0.57665904,0.00000000,,324,0,1,0,正常,0,20260917
MOCK_TAG_0251,MOCK_CUST_0251,MOCK_ECIF_0251,宁波珩昕精密制造恒有限公司,91330212700002517U,20211208,存续,工业零部件、自动化设备的研发与制造,300000.00000000,CNY,162000.00000000,CNY,私人控股,私营有限责任公司,小型,330000,330200,330212,宁波市鄞州区首南东路331号4幢112室,70,C,34,348,3484,1,0,0,1,0,0,0,0,0,0,0,0,0,黄博博,MOCK_PERSON_0251,陈博博,MOCK_PERSON_0249,MOCK_ORG_ZJ_NB_04,MOCK_ORG_ZJ_NB,MOCK_ORG_ZJ_NB_04,MOCK_ORG_ZJ_NB,1,1,0,1,1,0,20260608,20240826,20240823,20240825,,159,1450611.69000000,53,1,1,1,0,1,0,0,0,20240817,1,1,2179340.00000000,4,0,1,0,0,0,0,381361.52000000,195946.94000000,187907.60000000,168000.67000000,0,0,0,0,0,0,0,0,0.00000000,0.00000000,0.00000000,0.00000000,0.00000000,0.00000000,0.00000000,0.00000000,0.00000000,20260917,111000.00000000,33300.00000000,0.00000000,0.00000000,0,0,0,0,0,0,0,0,0,0,0,0,0,0,0,,0.00000000,,,0,0,0,0,0,0,,0,0,0,0,0,0,0,0,,,1,0,12,3,0.00000000,0.00000000,9123.34396226,20260825,70,0,1,1,正常,0,20260917
MOCK_TAG_0252,MOCK_CUST_0252,MOCK_ECIF_0252,上海珩途精密制造恒有限公司,91310115700002525L,20090824,存续,工业零部件、自动化设备的研发与制造,151600000.00000000,CNY,130376000.00000000,CNY,私人控股,私营有限责任公司,大型,310000,310100,310115,上海市浦东新区金海路332号5幢113室,994,C,34,348,3484,1,0,0,1,0,0,0,0,0,0,0,0,0,徐博博,MOCK_PERSON_0252,胡博博,MOCK_PERSON_0254,MOCK_ORG_SH_PD_05,MOCK_ORG_SH_PD,MOCK_ORG_SH_PD_05,MOCK_ORG_SH_PD,0,1,0,1,1,1,,20230513,20230510,20230512,20230514,0,0.00000000,0,0,1,1,0,0,0,0,0,20230502,1,1,2402964.00000000,5,0,1,0,0,0,0,69129600.96000000,56961395.24000000,44448405.42000000,39473599.43000000,1,0,0,0,1,0,0,0,135833600.00000000,23309045.76000000,23309045.76000000,112524554.24000000,23309045.76000000,44482578.35000000,23309045.76000000,0.00000000,0.00000000,20260917,143413600.00000000,28615045.76000000,135833600.00000000,23309045.76000000,0,1,0,0,0,0,1,0,0,0,0,0,0,0,0,,0.00000000,,,0,0,0,0,0,0,,0,0,0,0,0,0,0,0,,,1,0,12,0,0.00000000,0.94714588,0.00000000,,994,0,1,1,正常,0,20260917
MOCK_TAG_0253,MOCK_CUST_0253,MOCK_ECIF_0253,宁波颂川商贸恒有限公司,91330212700002533H,20141103,存续,日用百货、五金及电子产品批发,600000.00000000,CNY,372000.00000000,CNY,私人控股,私营有限责任公司,小型,330000,330200,330212,宁波市鄞州区首南东路333号6幢114室,78,F,51,513,5135,1,0,0,1,0,0,0,0,0,0,0,0,0,朱博博,MOCK_PERSON_0253,朱博博,MOCK_PERSON_0253,MOCK_ORG_ZJ_NB_06,MOCK_ORG_ZJ_NB,MOCK_ORG_ZJ_NB_06,MOCK_ORG_ZJ_NB,0,0,0,1,0,0,,,20221202,,,0,0.00000000,0,0,1,0,0,0,0,0,0,20221130,1,1,1895560.00000000,4,0,1,0,0,0,0,567242.03000000,235998.38000000,218163.41000000,174000.62000000,0,0,0,0,0,0,0,0,0.00000000,0.00000000,0.00000000,0.00000000,0.00000000,0.00000000,0.00000000,0.00000000,0.00000000,20260917,42000.00000000,25200.00000000,0.00000000,0.00000000,0,0,0,0,0,0,0,0,0,0,0,0,0,0,0,,0.00000000,,,0,0,0,0,0,0,,0,0,0,0,0,0,0,0,MOCK_GROUP_01,产业集团01,1,0,12,0,0.00000000,0.00000000,0.00000000,,78,0,1,0,正常,0,20260917
MOCK_TAG_0254,MOCK_CUST_0254,MOCK_ECIF_0254,上海颂原商贸恒有限公司,91310112700002541Y,20151107,存续,日用百货、五金及电子产品批发,2600000.00000000,CNY,1378000.00000000,CNY,私人控股,私营有限责任公司,小型,310000,310100,310112,上海市闵行区联航路334号7幢115室,27,F,51,513,5135,1,0,0,1,0,0,0,0,0,0,0,0,0,胡博博,MOCK_PERSON_0254,徐博博,MOCK_PERSON_0252,MOCK_ORG_SH_MH_07,MOCK_ORG_SH_MH,MOCK_ORG_SH_MH_07,MOCK_ORG_SH_MH,0,1,0,0,0,1,,20230927,,,20230928,0,0.00000000,0,0,0,0,0,0,0,0,0,20230923,1,1,2304138.00000000,4,0,1,0,0,0,0,104000.10000000,403350.25000000,287317.99000000,287317.99000000,1,0,0,0,0,0,0,0,1128400.00000000,440188.84000000,440188.84000000,688211.16000000,440188.84000000,404643.29000000,440188.84000000,0.00000000,0.00000000,20260917,1960400.00000000,1039228.84000000,1128400.00000000,440188.84000000,0,0,0,0,0,0,0,0,0,0,0,0,0,0,0,,0.00000000,,,0,0,0,0,0,0,,0,0,0,0,0,0,0,0,,,1,0,12,0,0.00000000,0.57559682,0.00000000,,27,0,0,0,正常,0,20260917
MOCK_TAG_0255,MOCK_CUST_0255,MOCK_ECIF_0255,宁波颂辰食品恒有限公司,9133021270000255X4,20111127,存续,食品加工、预包装食品销售,1300000.00000000,CNY,533000.00000000,CNY,私人控股,私营有限责任公司,小型,330000,330200,330212,宁波市鄞州区首南东路335号8幢116室,57,C,14,149,1499,1,0,0,1,0,0,0,0,0,0,0,0,0,林博博,MOCK_PERSON_0255,何博博,MOCK_PERSON_0256,MOCK_ORG_ZJ_NB_08,MOCK_ORG_ZJ_NB,MOCK_ORG_ZJ_NB_08,MOCK_ORG_ZJ_NB,1,0,0,1,1,0,20260528,,20250512,20250514,,212,1471017.06000000,53,1,1,1,0,0,0,0,0,20250510,1,1,1915892.00000000,4,0,1,0,0,0,0,1081080.54000000,780732.39000000,758083.45000000,702000.35000000,0,0,0,0,0,0,0,0,0.00000000,0.00000000,0.00000000,0.00000000,0.00000000,0.00000000,0.00000000,0.00000000,0.00000000,20260917,364000.00000000,127400.00000000,0.00000000,0.00000000,0,0,0,0,0,0,0,0,0,0,0,0,0,0,0,,0.00000000,,,0,0,0,0,0,0,,0,0,0,0,0,0,0,0,,,1,0,12,4,361725.25000000,0.00000000,6938.75971698,20260905,57,0,1,1,正常,0,20260917
MOCK_TAG_0256,MOCK_CUST_0256,MOCK_ECIF_0256,上海颂宁供应链恒有限公司,91310112700002568N,20050301,存续,仓储服务、国内货物运输代理,3900000.00000000,CNY,3120000.00000000,CNY,私人控股,私营有限责任公司,小型,310000,310100,310112,上海市闵行区联航路336号1幢117室,86,G,58,582,5821,1,0,0,1,0,0,0,0,0,0,0,0,0,何博博,MOCK_PERSON_0256,林博博,MOCK_PERSON_0255,MOCK_ORG_SH_MH_01,MOCK_ORG_SH_MH,MOCK_ORG_SH_MH_01,MOCK_ORG_SH_MH,1,1,0,1,1,0,20251217,20220601,20220529,20220531,,612,5127204.27000000,68,1,1,1,0,0,0,0,0,20220520,1,1,2243234.00000000,4,0,1,0,0,0,0,1755000.66000000,1755000.66000000,1755000.66000000,1755000.66000000,0,0,0,0,0,0,0,0,0.00000000,0.00000000,0.00000000,0.00000000,0.00000000,0.00000000,0.00000000,0.00000000,0.00000000,20260917,1209000.00000000,411060.00000000,0.00000000,0.00000000,0,0,0,0,0,0,0,0,0,0,0,0,0,0,0,A,936000.00000000,CNY,嘉禾产业投资05,0,0,0,0,0,0,,0,0,0,0,0,0,0,0,,,1,0,12,9,565760.52000000,0.00000000,8377.78475490,20260905,86,0,1,1,正常,0,20260917
MOCK_TAG_0257,MOCK_CUST_0257,MOCK_ECIF_0257,上海颂知商贸恒有限公司,91310114700002576E,20060626,存续,日用百货、五金及电子产品批发,600000.00000000,CNY,336000.00000000,CNY,私人控股,私营有限责任公司,小型,310000,310100,310114,上海市嘉定区嘉罗公路337号2幢118室,70,F,51,513,5135,1,0,0,1,0,0,0,0,0,0,0,0,0,赵舒博,MOCK_PERSON_0257,朱安博,MOCK_PERSON_0125,MOCK_ORG_SH_JD_02,MOCK_ORG_SH_JD,MOCK_ORG_SH_JD_02,MOCK_ORG_SH_JD,1,0,0,1,1,1,20251201,,20221015,20221017,20221019,585,5031004.26000000,65,1,1,1,0,0,0,0,0,20221009,1,1,2299370.00000000,5,0,1,0,0,0,0,120601.61000000,217501.90000000,154932.86000000,148170.03000000,1,0,0,0,0,0,0,0,264600.00000000,202419.00000000,202419.00000000,62181.00000000,202419.00000000,208555.68000000,202419.00000000,0.00000000,0.00000000,20260917,672600.00000000,328899.00000000,264600.00000000,202419.00000000,0,0,0,0,0,0,0,0,0,0,0,0,0,0,0,,0.00000000,,,0,0,0,0,0,0,,0,0,0,0,0,0,0,0,MOCK_GROUP_38,产业集团38,1,0,12,9,0.00000000,0.39339875,8600.00728205,20260820,70,0,1,1,正常,0,20260917
MOCK_TAG_0258,MOCK_CUST_0258,MOCK_ECIF_0258,宁波颂禾食品恒有限公司,91330212700002584R,20140109,存续,食品加工、预包装食品销售,900000.00000000,CNY,414000.00000000,CNY,私人控股,私营有限责任公司,小型,330000,330200,330212,宁波市鄞州区首南东路338号3幢119室,48,C,14,149,1499,1,0,0,1,0,0,0,0,0,0,0,0,0,钱舒博,MOCK_PERSON_0258,朱宇博,MOCK_PERSON_0173,MOCK_ORG_ZJ_NB_03,MOCK_ORG_ZJ_NB,MOCK_ORG_ZJ_NB_03,MOCK_ORG_ZJ_NB,1,1,0,1,1,0,20260311,20240120,20240117,20240119,,264,1673101.84000000,44,1,1,1,0,0,0,0,0,20240115,1,1,2617346.00000000,4,0,1,0,0,0,0,915840.15000000,515108.70000000,366926.75000000,364522.14000000,1,0,0,0,0,0,0,0,1476000.00000000,624790.80000000,624790.80000000,851209.20000000,624790.80000000,512301.43000000,624790.80000000,0.00000000,0.00000000,20260917,1530000.00000000,642610.80000000,1476000.00000000,624790.80000000,0,0,0,0,0,0,0,0,0,0,0,0,0,0,0,,0.00000000,,,0,0,0,0,0,0,,0,0,0,0,0,0,0,0,MOCK_GROUP_42,产业集团42,1,0,12,6,0.00000000,0.96470588,6337.50696970,20260820,48,0,1,1,正常,0,20260917
MOCK_TAG_0259,MOCK_CUST_0259,MOCK_ECIF_0259,上海颂润食品恒有限公司,913101147000025924,20101107,存续,食品加工、预包装食品销售,23300000.00000000,CNY,16310000.00000000,CNY,私人控股,私营有限责任公司,中型,310000,310100,310114,上海市嘉定区嘉罗公路339号4幢120室,468,C,14,149,1499,1,0,0,1,0,0,0,0,0,0,0,0,0,孙舒博,MOCK_PERSON_0259,李舒博,MOCK_PERSON_0260,MOCK_ORG_SH_JD_04,MOCK_ORG_SH_JD,MOCK_ORG_SH_JD_04,MOCK_ORG_SH_JD,0,0,0,1,0,0,,,20240619,,,0,0.00000000,0,0,1,0,0,0,0,0,0,20240618,1,1,1804762.00000000,4,0,1,0,0,1,0,37126220.79000000,15770587.41000000,15389541.81000000,14446000.31000000,0,0,0,0,0,0,0,0,0.00000000,0.00000000,0.00000000,0.00000000,0.00000000,0.00000000,0.00000000,0.00000000,0.00000000,20260917,932000.00000000,493960.00000000,0.00000000,0.00000000,0,0,0,0,0,0,0,0,0,0,0,0,0,0,0,,0.00000000,,,0,0,0,0,0,0,,0,0,0,0,0,0,0,0,,,1,0,12,0,0.00000000,0.00000000,0.00000000,,468,0,1,0,正常,0,20260917
MOCK_TAG_0260,MOCK_CUST_0260,MOCK_ECIF_0260,上海颂森食品恒有限公司,91310112700002605W,20110430,存续,食品加工、预包装食品销售,39600000.00000000,CNY,13860000.00000000,CNY,私人控股,私营有限责任公司,中型,310000,310100,310112,上海市闵行区联航路340号5幢101室,321,C,14,149,1499,1,0,0,1,0,0,0,0,0,0,0,0,0,李舒博,MOCK_PERSON_0260,孙舒博,MOCK_PERSON_0259,MOCK_ORG_SH_MH_05,MOCK_ORG_SH_MH,MOCK_ORG_SH_MH_05,MOCK_ORG_SH_MH,0,1,0,1,1,0,,20260806,20260803,20260805,,0,0.00000000,0,0,1,1,0,0,0,0,0,20260801,1,1,383176.00000000,1,0,1,0,0,1,0,5148000.63000000,950400.12000000,676997.34000000,676997.34000000,0,0,0,0,0,0,0,0,0.00000000,0.00000000,0.00000000,0.00000000,0.00000000,0.00000000,0.00000000,0.00000000,0.00000000,20260917,4356000.00000000,3267000.00000000,0.00000000,0.00000000,0,0,0,0,0,0,0,0,0,0,0,0,0,0,0,,0.00000000,,,0,0,0,0,0,0,,0,0,0,0,0,0,0,0,,,0,0,2,0,0.00000000,0.00000000,0.00000000,,321,0,1,1,正常,0,20260917
MOCK_TAG_0261,MOCK_CUST_0261,MOCK_ECIF_0261,上海颂远医疗科技恒有限公司,913101157000026133,20101022,存续,医疗器械研发、技术咨询及销售,44500000.00000000,CNY,27145000.00000000,CNY,私人控股,私营有限责任公司,中型,310000,310100,310115,上海市浦东新区金海路341号6幢102室,391,C,35,358,3589,1,1,0,1,0,0,0,0,0,0,0,0,0,周舒博,MOCK_PERSON_0261,吴舒博,MOCK_PERSON_0262,MOCK_ORG_SH_PD_06,MOCK_ORG_SH_PD,MOCK_ORG_SH_PD_06,MOCK_ORG_SH_PD,1,1,0,1,1,0,20260502,20250702,20250629,20250701,,1290,14644082.51000000,258,1,1,1,0,1,0,0,0,20250624,1,1,1562080.00000000,3,0,1,0,0,1,0,9790000.46000000,14960387.82000000,10656714.61000000,10656714.61000000,1,0,0,0,0,0,0,0,54067500.00000000,23843767.50000000,23843767.50000000,30223732.50000000,23843767.50000000,15014440.77000000,23843767.50000000,0.00000000,0.00000000,20260917,66527500.00000000,27830967.50000000,54067500.00000000,23843767.50000000,0,0,0,0,0,0,0,0,1,0,0,1,0,0,0,B,27590000.00000000,CNY,嘉禾产业投资10,0,0,0,0,0,0,0–19,0,0,0,0,0,0,0,0,,,1,0,12,5,2923140.72000000,0.81270903,11352.00194574,20260915,391,0,1,1,正常,0,20260917
MOCK_TAG_0262,MOCK_CUST_0262,MOCK_ECIF_0262,苏州颂衡信息科技恒有限公司,91320571700002621R,20160708,存续,软件开发、信息系统集成及技术咨询,2300000.00000000,CNY,1679000.00000000,CNY,私人控股,私营有限责任公司,小型,320000,320500,320571,苏州市工业园区星湖街342号7幢103室,27,I,65,651,6513,1,1,0,1,0,0,0,0,0,0,0,0,0,吴舒博,MOCK_PERSON_0262,周舒博,MOCK_PERSON_0261,MOCK_ORG_JS_SZ_07,MOCK_ORG_JS_SZ,MOCK_ORG_JS_SZ_07,MOCK_ORG_JS_SZ,1,0,0,1,1,0,20251102,,20240326,20240328,,242,3161131.15000000,22,1,1,1,0,0,0,0,0,20240320,1,1,1821060.00000000,3,0,1,0,0,0,0,526241.60000000,234614.87000000,220054.59000000,184000.56000000,0,0,0,0,0,0,0,0,0.00000000,0.00000000,0.00000000,0.00000000,0.00000000,0.00000000,0.00000000,0.00000000,0.00000000,20260917,1219000.00000000,195040.00000000,0.00000000,0.00000000,0,0,0,0,0,0,0,0,1,0,0,1,0,0,0,,0.00000000,,,0,0,0,0,0,0,40–59,0,0,0,0,0,0,0,0,,,1,0,12,11,269500.83000000,0.00000000,13062.52541322,20260910,27,0,1,1,正常,0,20260917
MOCK_TAG_0263,MOCK_CUST_0263,MOCK_ECIF_0263,宁波颂昕精密制造恒有限公司,9133021270000263XP,20091221,存续,工业零部件、自动化设备的研发与制造,600000.00000000,CNY,234000.00000000,CNY,私人控股,私营有限责任公司,小型,330000,330200,330212,宁波市鄞州区首南东路343号8幢104室,39,C,34,348,3484,1,0,0,1,0,0,0,0,0,0,0,0,0,郑舒博,MOCK_PERSON_0263,王舒博,MOCK_PERSON_0264,MOCK_ORG_ZJ_NB_08,MOCK_ORG_ZJ_NB,MOCK_ORG_ZJ_NB_08,MOCK_ORG_ZJ_NB,0,0,0,1,1,0,,,20221009,20221011,,0,0.00000000,0,0,1,1,0,0,0,0,0,20221001,1,1,1707102.00000000,4,0,1,0,0,0,0,36000.19000000,655211.68000000,466726.13000000,466726.13000000,1,0,0,0,1,0,0,0,1026000.00000000,749800.80000000,749800.80000000,276199.20000000,749800.80000000,657957.07000000,749800.80000000,0.00000000,0.00000000,20260917,1182000.00000000,820000.80000000,1026000.00000000,749800.80000000,0,0,0,0,0,0,0,0,0,0,0,0,0,0,0,,0.00000000,,,0,0,0,0,0,0,,0,0,0,0,0,0,0,0,,,1,0,12,0,0.00000000,0.86802030,0.00000000,,39,0,1,1,正常,0,20260917
MOCK_TAG_0264,MOCK_CUST_0264,MOCK_ECIF_0264,上海颂途供应链恒有限公司,913101147000026487,20141010,存续,仓储服务、国内货物运输代理,2000000.00000000,CNY,1160000.00000000,CNY,私人控股,私营有限责任公司,小型,310000,310100,310114,上海市嘉定区嘉罗公路344号1幢105室,46,G,58,582,5821,1,0,0,1,0,0,0,0,0,0,0,0,0,王舒博,MOCK_PERSON_0264,郑舒博,MOCK_PERSON_0263,MOCK_ORG_SH_JD_01,MOCK_ORG_SH_JD,MOCK_ORG_SH_JD_01,MOCK_ORG_SH_JD,0,0,0,1,0,0,,,20240305,,,0,0.00000000,0,0,1,0,0,0,0,0,0,20240227,1,1,2506622.00000000,5,0,1,0,0,0,0,220000.85000000,306773.64000000,218523.69000000,218523.69000000,1,0,0,0,0,0,0,0,2256000.00000000,448492.80000000,448492.80000000,1807507.20000000,448492.80000000,307652.46000000,448492.80000000,0.00000000,0.00000000,20260917,2976000.00000000,693292.80000000,2256000.00000000,448492.80000000,0,0,0,0,0,0,0,0,0,0,0,0,0,0,0,,0.00000000,,,0,0,0,0,0,0,,0,0,0,0,0,0,0,0,,,1,0,12,0,0.00000000,0.75806452,0.00000000,,46,0,1,0,正常,0,20260917
MOCK_TAG_0265,MOCK_CUST_0265,MOCK_ECIF_0265,苏州澜川信息科技恒有限公司,91320571700002656C,20101216,存续,软件开发、信息系统集成及技术咨询,3200000.00000000,CNY,1344000.00000000,CNY,私人控股,私营有限责任公司,小型,320000,320500,320571,苏州市工业园区星湖街345号2幢106室,75,I,65,651,6513,1,1,0,1,0,0,0,0,0,0,0,0,0,陈舒博,MOCK_PERSON_0265,杨舒博,MOCK_PERSON_0266,MOCK_ORG_JS_SZ_02,MOCK_ORG_JS_SZ,MOCK_ORG_JS_SZ_02,MOCK_ORG_JS_SZ,1,1,0,1,1,0,20251202,20230618,20230615,20230617,,450,6409379.44000000,50,1,1,1,0,0,0,0,0,20230607,1,1,2270034.00000000,4,0,1,0,0,0,0,1664000.95000000,1664000.95000000,1664000.95000000,1664000.95000000,0,0,0,0,0,0,0,0,0.00000000,0.00000000,0.00000000,0.00000000,0.00000000,0.00000000,0.00000000,0.00000000,0.00000000,20260917,480000.00000000,105600.00000000,0.00000000,0.00000000,0,0,0,0,0,0,0,0,1,0,0,1,0,0,0,,0.00000000,,,0,0,0,0,0,0,40–59,0,0,0,0,0,0,0,0,,,1,0,12,9,0.00000000,0.00000000,14243.06542222,20260820,75,0,1,1,正常,0,20260917
MOCK_TAG_0266,MOCK_CUST_0266,MOCK_ECIF_0266,苏州澜原医疗科技恒有限公司,913205717000026647,20111210,存续,医疗器械研发、技术咨询及销售,3800000.00000000,CNY,2774000.00000000,CNY,私人控股,私营有限责任公司,小型,320000,320500,320571,苏州市工业园区星湖街346号3幢107室,50,C,35,358,3589,1,1,0,1,0,0,0,0,0,0,0,0,0,杨舒博,MOCK_PERSON_0266,陈舒博,MOCK_PERSON_0265,MOCK_ORG_JS_SZ_03,MOCK_ORG_JS_SZ,MOCK_ORG_JS_SZ_03,MOCK_ORG_JS_SZ,1,0,0,1,1,0,20251115,,20241009,20241011,,480,6148563.37000000,48,1,1,1,0,0,0,0,0,20240930,1,1,1914136.00000000,4,0,1,0,0,0,0,152000.75000000,152000.75000000,152000.75000000,152000.75000000,0,0,0,0,0,0,0,0,0.00000000,0.00000000,0.00000000,0.00000000,0.00000000,0.00000000,0.00000000,0.00000000,0.00000000,20260917,646000.00000000,394060.00000000,0.00000000,0.00000000,0,0,0,0,0,0,0,0,1,0,0,1,0,0,0,A,1444000.00000000,CNY,嘉禾产业投资03,0,0,0,0,0,0,40–59,0,0,0,0,0,0,0,0,,,1,0,12,10,0.00000000,0.00000000,12809.50702083,20260825,50,0,1,1,正常,0,20260917
MOCK_TAG_0267,MOCK_CUST_0267,MOCK_ECIF_0267,苏州澜辰供应链恒有限公司,913205717000026722,20200208,存续,仓储服务、国内货物运输代理,182900000.00000000,CNY,74989000.00000000,CNY,私人控股,私营有限责任公司,大型,320000,320500,320571,苏州市工业园区星湖街347号4幢108室,2098,G,58,582,5821,1,0,0,1,0,0,0,0,0,0,0,0,0,黄舒博,MOCK_PERSON_0267,徐舒博,MOCK_PERSON_0268,MOCK_ORG_JS_SZ_04,MOCK_ORG_JS_SZ,MOCK_ORG_JS_SZ_04,MOCK_ORG_JS_SZ,1,0,0,1,0,0,20260226,,20250715,,,13363,107056723.56000000,1909,1,1,0,0,0,0,0,0,20250714,1,1,2495762.00000000,4,0,1,0,0,0,0,104253000.62000000,104253000.62000000,104253000.62000000,104253000.62000000,0,0,0,0,0,0,0,0,0.00000000,0.00000000,0.00000000,0.00000000,0.00000000,0.00000000,0.00000000,0.00000000,0.00000000,20260917,113398000.00000000,75976660.00000000,0.00000000,0.00000000,0,0,0,0,0,0,0,0,0,0,0,0,0,0,0,A,78647000.00000000,CNY,嘉禾产业投资04,0,0,0,0,0,0,,0,0,0,0,0,0,0,0,,,1,0,12,7,13439360.86000000,0.00000000,8011.42883784,20260910,2098,0,1,0,正常,0,20260917
MOCK_TAG_0268,MOCK_CUST_0268,MOCK_ECIF_0268,宁波澜宁食品恒有限公司,913302127000026803,20160417,存续,食品加工、预包装食品销售,45400000.00000000,CNY,31326000.00000000,CNY,私人控股,私营有限责任公司,中型,330000,330200,330212,宁波市鄞州区首南东路348号5幢109室,488,C,14,149,1499,1,0,0,1,0,0,0,0,0,0,0,0,0,徐舒博,MOCK_PERSON_0268,黄舒博,MOCK_PERSON_0267,MOCK_ORG_ZJ_NB_05,MOCK_ORG_ZJ_NB,MOCK_ORG_ZJ_NB_05,MOCK_ORG_ZJ_NB,1,1,0,1,1,0,20251125,20230610,20230607,20230609,,3460,25323745.86000000,346,1,1,1,0,0,0,0,0,20230603,1,1,2183260.00000000,4,0,1,0,0,1,0,47352202.65000000,19302684.16000000,18320953.35000000,15890000.89000000,0,0,0,0,0,0,0,0,0.00000000,0.00000000,0.00000000,0.00000000,0.00000000,0.00000000,0.00000000,0.00000000,0.00000000,20260917,28602000.00000000,6578460.00000000,0.00000000,0.00000000,0,0,0,0,0,0,0,0,0,0,0,0,0,0,0,,0.00000000,,,0,0,0,0,0,0,,0,0,0,0,0,0,0,0,,,1,0,12,10,2676310.18000000,0.00000000,7319.00169364,20260910,488,0,1,1,正常,0,20260917
MOCK_TAG_0269,MOCK_CUST_0269,MOCK_ECIF_0269,上海澜知商贸恒有限公司,91310115700002699X,20130705,存续,日用百货、五金及电子产品批发,4000000.00000000,CNY,1320000.00000000,CNY,私人控股,私营有限责任公司,小型,310000,310100,310115,上海市浦东新区金海路349号6幢110室,77,F,51,513,5135,1,0,0,1,0,0,0,0,0,0,0,0,0,朱舒博,MOCK_PERSON_0269,胡舒博,MOCK_PERSON_0270,MOCK_ORG_SH_PD_06,MOCK_ORG_SH_PD,MOCK_ORG_SH_PD_06,MOCK_ORG_SH_PD,0,1,0,1,1,0,,20231118,20231115,20231117,,0,0.00000000,0,0,1,1,0,0,0,0,0,20231106,1,1,2213646.00000000,4,0,1,0,0,0,0,1760000.62000000,1674959.19000000,1394449.31000000,1394449.31000000,1,0,0,0,0,0,0,0,1904000.00000000,1060147.20000000,1060147.20000000,843852.80000000,1060147.20000000,975105.77000000,1060147.20000000,0.00000000,0.00000000,20260917,3344000.00000000,1204147.20000000,1904000.00000000,1060147.20000000,0,0,0,0,0,0,0,0,0,0,0,0,0,0,0,,0.00000000,,,0,0,0,0,0,0,,0,0,0,0,0,0,0,0,,,1,0,12,0,0.00000000,0.56937799,0.00000000,,77,0,1,1,正常,0,20260917
MOCK_TAG_0270,MOCK_CUST_0270,MOCK_ECIF_0270,苏州澜禾精密制造恒有限公司,91320571700002701D,20110630,存续,工业零部件、自动化设备的研发与制造,1800000.00000000,CNY,720000.00000000,CNY,私人控股,私营有限责任公司,小型,320000,320500,320571,苏州市工业园区星湖街350号7幢111室,12,C,34,348,3484,1,0,0,1,0,0,0,0,0,0,0,0,0,胡舒博,MOCK_PERSON_0270,朱舒博,MOCK_PERSON_0269,MOCK_ORG_JS_SZ_07,MOCK_ORG_JS_SZ,MOCK_ORG_JS_SZ_07,MOCK_ORG_JS_SZ,0,1,0,1,1,0,,20240627,20240624,20240626,,0,0.00000000,0,0,1,1,0,0,0,0,0,20240619,1,1,2634678.00000000,5,0,1,0,0,0,0,630000.54000000,549449.39000000,391388.61000000,391388.61000000,1,0,0,0,1,0,0,0,1281600.00000000,664509.60000000,664509.60000000,617090.40000000,664509.60000000,549582.12000000,664509.60000000,0.00000000,0.00000000,20260917,1893600.00000000,872589.60000000,1281600.00000000,664509.60000000,0,0,0,0,0,0,0,0,0,0,0,0,0,0,0,,0.00000000,,,0,0,0,0,0,0,,0,0,0,0,0,0,0,0,,,1,0,12,0,0.00000000,0.67680608,0.00000000,,12,0,1,1,正常,0,20260917
MOCK_TAG_0271,MOCK_CUST_0271,MOCK_ECIF_0271,上海澜润信息科技恒有限公司,9131011270000271XX,20081026,存续,软件开发、信息系统集成及技术咨询,2700000.00000000,CNY,1512000.00000000,CNY,私人控股,私营有限责任公司,小型,310000,310100,310112,上海市闵行区联航路351号8幢112室,62,I,65,651,6513,1,1,0,1,0,0,0,0,0,0,0,0,0,林舒博,MOCK_PERSON_0271,何舒博,MOCK_PERSON_0272,MOCK_ORG_SH_MH_08,MOCK_ORG_SH_MH,MOCK_ORG_SH_MH_08,MOCK_ORG_SH_MH,0,1,0,1,1,0,,20240118,20240115,20240117,,0,0.00000000,0,0,1,1,0,1,0,0,0,20240113,1,1,2566322.00000000,4,0,1,0,0,0,0,2915190.23000000,2101197.47000000,1805200.76000000,1662746.53000000,1,0,0,0,0,0,0,0,2956500.00000000,574743.60000000,574743.60000000,2381756.40000000,574743.60000000,828957.12000000,574743.60000000,0.00000000,0.00000000,20260917,3496500.00000000,941943.60000000,2956500.00000000,574743.60000000,0,0,0,0,0,0,0,0,0,0,0,1,0,0,0,,0.00000000,,,0,0,0,0,0,0,0–19,0,0,0,0,0,0,0,0,,,1,0,12,0,0.00000000,0.84555985,0.00000000,,62,0,1,1,正常,0,20260917
MOCK_TAG_0272,MOCK_CUST_0272,MOCK_ECIF_0272,苏州澜森医疗科技恒有限公司,913205717000027285,20111119,存续,医疗器械研发、技术咨询及销售,3600000.00000000,CNY,2232000.00000000,CNY,私人控股,私营有限责任公司,小型,320000,320500,320571,苏州市工业园区星湖街352号1幢113室,37,C,35,358,3589,1,1,0,1,0,0,0,0,0,0,0,0,0,何舒博,MOCK_PERSON_0272,林舒博,MOCK_PERSON_0271,MOCK_ORG_JS_SZ_01,MOCK_ORG_JS_SZ,MOCK_ORG_JS_SZ_01,MOCK_ORG_JS_SZ,0,1,0,1,1,0,,20260820,20260817,20260819,,0,0.00000000,0,0,1,1,0,0,0,0,0,20260812,1,1,241446.00000000,1,1,1,0,0,0,0,0.00000000,17.09000000,12.18000000,12.18000000,0,0,0,0,0,0,0,0,0.00000000,0.00000000,0.00000000,0.00000000,0.00000000,0.00000000,0.00000000,0.00000000,0.00000000,20260917,1188000.00000000,261360.00000000,0.00000000,0.00000000,0,0,0,0,0,0,0,0,0,0,0,1,0,0,0,,0.00000000,,,0,0,0,0,0,0,40–59,0,0,0,0,0,0,0,0,,,0,0,2,0,0.00000000,0.00000000,0.00000000,,37,0,1,1,正常,0,20260917
MOCK_TAG_0273,MOCK_CUST_0273,MOCK_ECIF_0273,上海澜远医疗科技恒有限公司,913101157000027364,20191106,存续,医疗器械研发、技术咨询及销售,2900000.00000000,CNY,1798000.00000000,CNY,私人控股,私营有限责任公司,小型,310000,310100,310115,上海市浦东新区金海路353号2幢114室,37,C,35,358,3589,1,1,0,1,0,0,0,0,0,0,0,0,0,赵清博,MOCK_PERSON_0273,钱清博,MOCK_PERSON_0274,MOCK_ORG_SH_PD_02,MOCK_ORG_SH_PD,MOCK_ORG_SH_PD_02,MOCK_ORG_SH_PD,1,1,0,1,1,0,20260102,20231110,20231107,20231109,,225,2605628.84000000,25,1,1,1,0,0,0,0,0,20231102,1,1,2786986.00000000,5,0,1,0,0,0,0,290000.92000000,424021.64000000,302042.81000000,302042.81000000,1,0,0,0,0,0,0,0,1015000.00000000,519680.00000000,519680.00000000,495320.00000000,519680.00000000,424905.02000000,519680.00000000,0.00000000,0.00000000,20260917,1856000.00000000,704700.00000000,1015000.00000000,519680.00000000,0,1,0,0,0,0,1,0,0,0,0,1,0,0,0,,0.00000000,,,0,0,0,0,0,0,0–19,0,0,0,0,0,0,0,0,,,1,0,12,9,288750.75000000,0.54687500,11580.57262222,20260910,37,0,1,1,正常,0,20260917
MOCK_TAG_0274,MOCK_CUST_0274,MOCK_ECIF_0274,上海澜衡信息科技恒有限公司,91310115700002744Y,20170905,存续,软件开发、信息系统集成及技术咨询,300000.00000000,CNY,177000.00000000,CNY,私人控股,私营有限责任公司,小型,310000,310100,310115,上海市浦东新区金海路354号3幢115室,31,I,65,651,6513,1,1,0,1,0,0,0,0,0,0,0,0,0,钱清博,MOCK_PERSON_0274,赵清博,MOCK_PERSON_0273,MOCK_ORG_SH_PD_03,MOCK_ORG_SH_PD,MOCK_ORG_SH_PD_03,MOCK_ORG_SH_PD,0,0,0,1,1,0,,,20230710,20230712,,0,0.00000000,0,0,1,1,0,0,0,0,0,20230705,1,1,2302728.00000000,4,0,1,0,0,0,0,163201.69000000,81644.03000000,68559.41000000,56336.05000000,1,0,0,0,0,0,0,0,74700.00000000,16150.14000000,16150.14000000,58549.86000000,16150.14000000,29633.92000000,16150.14000000,0.00000000,0.00000000,20260917,311700.00000000,101470.14000000,74700.00000000,16150.14000000,0,0,0,0,0,0,0,0,0,0,0,1,0,0,0,,0.00000000,,,0,0,0,0,0,0,20–39,0,0,0,0,0,0,0,0,,,1,0,12,0,0.00000000,0.23965351,0.00000000,,31,0,1,1,正常,0,20260917
MOCK_TAG_0275,MOCK_CUST_0275,MOCK_ECIF_0275,杭州澜昕供应链恒有限公司,91330108700002752X,20230917,存续,仓储服务、国内货物运输代理,4900000.00000000,CNY,2989000.00000000,CNY,私人控股,私营有限责任公司,小型,330000,330100,330108,杭州市滨江区江陵路355号4幢116室,45,G,58,582,5821,1,0,0,1,0,0,0,0,0,0,0,0,0,孙清博,MOCK_PERSON_0275,孙清博,MOCK_PERSON_0275,MOCK_ORG_ZJ_HZ_04,MOCK_ORG_ZJ_HZ,MOCK_ORG_ZJ_HZ_04,MOCK_ORG_ZJ_HZ,1,0,0,1,1,0,20250930,,20241001,20241003,,504,4510805.06000000,42,1,1,1,0,0,0,0,0,20240927,1,1,2625240.00000000,4,0,1,0,0,0,0,6323942.25000000,2883326.87000000,2815055.03000000,2646000.94000000,0,0,0,0,0,0,0,0,0.00000000,0.00000000,0.00000000,0.00000000,0.00000000,0.00000000,0.00000000,0.00000000,0.00000000,20260917,1421000.00000000,326830.00000000,0.00000000,0.00000000,0,0,0,0,0,0,0,0,0,0,0,0,0,0,0,,0.00000000,,,0,0,0,0,0,0,,0,0,0,0,0,0,0,0,MOCK_GROUP_32,产业集团32,1,0,12,12,369600.09000000,0.00000000,8950.01003968,20260915,45,0,1,1,正常,0,20260917
MOCK_TAG_0276,MOCK_CUST_0276,MOCK_ECIF_0276,宁波澜途供应链恒有限公司,91330212700002760N,20100616,存续,仓储服务、国内货物运输代理,4200000.00000000,CNY,1722000.00000000,CNY,私人控股,私营有限责任公司,小型,330000,330200,330212,宁波市鄞州区首南东路356号5幢117室,87,G,58,582,5821,1,0,0,1,0,0,0,0,0,0,0,0,0,李清博,MOCK_PERSON_0276,周清博,MOCK_PERSON_0277,MOCK_ORG_ZJ_NB_05,MOCK_ORG_ZJ_NB,MOCK_ORG_ZJ_NB_05,MOCK_ORG_ZJ_NB,1,1,0,1,0,0,20260426,20250516,20250513,,,355,2885442.48000000,71,1,1,0,0,0,0,0,0,20250508,1,1,2074248.00000000,4,0,1,0,0,0,0,1932000.12000000,2046443.40000000,1821665.34000000,1821665.34000000,1,0,0,0,0,0,0,0,982800.00000000,666928.08000000,666928.08000000,315871.92000000,666928.08000000,781371.36000000,666928.08000000,0.00000000,0.00000000,20260917,2410800.00000000,1538008.08000000,982800.00000000,666928.08000000,0,0,0,0,0,0,0,0,0,0,0,0,0,0,0,A,2562000.00000000,CNY,嘉禾产业投资01,0,0,0,0,0,0,,0,0,0,0,0,0,0,0,,,1,0,12,5,670240.18000000,0.40766551,8128.00698592,20260910,87,0,1,0,正常,0,20260917
MOCK_TAG_0277,MOCK_CUST_0277,MOCK_ECIF_0277,苏州屿川信息科技恒有限公司,91320571700002779D,20170711,存续,软件开发、信息系统集成及技术咨询,3900000.00000000,CNY,3666000.00000000,CNY,私人控股,私营有限责任公司,小型,320000,320500,320571,苏州市工业园区星湖街357号6幢118室,27,I,65,651,6513,1,1,0,1,0,0,0,0,0,0,0,0,0,周清博,MOCK_PERSON_0277,李清博,MOCK_PERSON_0276,MOCK_ORG_JS_SZ_06,MOCK_ORG_JS_SZ,MOCK_ORG_JS_SZ_06,MOCK_ORG_JS_SZ,1,1,0,1,1,0,20260301,20240105,20240102,20240104,,168,2070003.34000000,24,1,1,1,0,0,0,0,0,20231227,1,1,2211754.00000000,4,0,1,0,0,0,0,998791.50000000,963948.77000000,686648.44000000,608500.87000000,1,0,0,0,0,0,0,0,5436600.00000000,720349.50000000,720349.50000000,4716250.50000000,720349.50000000,855062.18000000,720349.50000000,0.00000000,0.00000000,20260917,7581600.00000000,1106449.50000000,5436600.00000000,720349.50000000,0,0,0,0,0,0,0,0,0,0,0,1,0,0,0,B,1404000.00000000,CNY,嘉禾产业投资02,0,0,0,0,0,0,40–59,0,0,0,0,0,0,0,0,,,1,0,12,7,333000.49000000,0.71707819,12321.44845238,20260910,27,0,1,1,正常,0,20260917
MOCK_TAG_0278,MOCK_CUST_0278,MOCK_ECIF_0278,苏州屿原精密制造恒有限公司,913205717000027878,20111120,存续,工业零部件、自动化设备的研发与制造,1200000.00000000,CNY,408000.00000000,CNY,私人控股,私营有限责任公司,小型,320000,320500,320571,苏州市工业园区星湖街358号7幢119室,60,C,34,348,3484,1,0,0,1,0,0,0,0,0,0,0,0,0,吴清博,MOCK_PERSON_0278,赵远博,MOCK_PERSON_0017,MOCK_ORG_JS_SZ_07,MOCK_ORG_JS_SZ,MOCK_ORG_JS_SZ_07,MOCK_ORG_JS_SZ,0,1,0,0,1,1,,20230918,,20230917,20230919,0,0.00000000,0,0,0,1,0,0,0,0,0,20230911,1,1,2548102.00000000,5,0,1,0,0,0,0,383400.58000000,190135.67000000,187220.01000000,180000.27000000,0,0,0,0,0,0,0,0,0.00000000,0.00000000,0.00000000,0.00000000,0.00000000,0.00000000,0.00000000,0.00000000,0.00000000,20260917,228000.00000000,22800.00000000,0.00000000,0.00000000,0,0,0,0,0,0,0,0,0,0,0,0,0,0,0,B,264000.00000000,CNY,嘉禾产业投资03,0,0,0,0,0,0,,0,0,0,0,0,0,0,0,MOCK_GROUP_44,产业集团44,1,0,12,0,0.00000000,0.00000000,0.00000000,,60,0,0,1,正常,0,20260917
MOCK_TAG_0279,MOCK_CUST_0279,MOCK_ECIF_0279,上海屿辰商贸恒有限公司,91310112700002795U,20150226,存续,日用百货、五金及电子产品批发,800000.00000000,CNY,592000.00000000,CNY,私人控股,私营有限责任公司,小型,310000,310100,310112,上海市闵行区联航路359号8幢120室,55,F,51,513,5135,1,0,0,1,0,0,0,0,0,0,0,0,0,郑清博,MOCK_PERSON_0279,王清博,MOCK_PERSON_0280,MOCK_ORG_SH_MH_08,MOCK_ORG_SH_MH,MOCK_ORG_SH_MH_08,MOCK_ORG_SH_MH,1,1,0,1,1,1,20260131,20240716,20240713,20240715,20240717,400,3277503.56000000,50,1,1,1,0,0,0,0,0,20240706,1,1,1924378.00000000,4,0,1,0,0,0,0,1317601.03000000,622894.95000000,584089.66000000,488000.38000000,0,0,0,0,0,0,0,0,0.00000000,0.00000000,0.00000000,0.00000000,0.00000000,0.00000000,0.00000000,0.00000000,0.00000000,20260917,560000.00000000,207200.00000000,0.00000000,0.00000000,0,0,0,0,0,0,0,0,0,0,0,0,0,0,0,,0.00000000,,,0,0,0,0,0,0,,0,0,0,0,0,0,0,0,,,1,0,12,8,442500.04000000,0.00000000,8193.75890000,20260915,55,0,1,1,正常,0,20260917
MOCK_TAG_0280,MOCK_CUST_0280,MOCK_ECIF_0280,杭州屿宁商贸恒有限公司,913301087000028081,20080604,存续,日用百货、五金及电子产品批发,47000000.00000000,CNY,25850000.00000000,CNY,私人控股,私营有限责任公司,中型,330000,330100,330108,杭州市滨江区江陵路360号1幢101室,342,F,51,513,5135,1,0,0,1,0,0,0,0,0,0,0,0,0,王清博,MOCK_PERSON_0280,郑清博,MOCK_PERSON_0279,MOCK_ORG_ZJ_HZ_01,MOCK_ORG_ZJ_HZ,MOCK_ORG_ZJ_HZ_01,MOCK_ORG_ZJ_HZ,1,0,0,1,0,0,20250926,,20240424,,,3600,28440004.03000000,300,1,1,0,0,0,0,0,0,20240414,1,1,2186806.00000000,4,0,1,0,0,1,0,8460000.91000000,8545605.26000000,7314351.57000000,7314351.57000000,1,0,0,0,0,0,0,0,15745000.00000000,4194468.00000000,4194468.00000000,11550532.00000000,4194468.00000000,4280072.35000000,4194468.00000000,0.00000000,0.00000000,20260917,40655000.00000000,9425568.00000000,15745000.00000000,4194468.00000000,0,1,0,0,0,0,1,0,0,0,0,0,0,0,0,,0.00000000,,,0,0,0,0,0,0,,0,0,0,0,0,0,0,0,,,1,0,12,12,2497500.02000000,0.38728324,7900.00111944,20260905,342,0,1,0,正常,0,20260917
MOCK_TAG_0281,MOCK_CUST_0281,MOCK_ECIF_0281,上海屿知精密制造恒有限公司,91310115700002816P,20080728,存续,工业零部件、自动化设备的研发与制造,47800000.00000000,CNY,41586000.00000000,CNY,私人控股,私营有限责任公司,中型,310000,310100,310115,上海市浦东新区金海路361号2幢102室,461,C,34,348,3484,1,0,0,1,0,0,0,0,0,0,0,0,0,陈清博,MOCK_PERSON_0281,杨清博,MOCK_PERSON_0282,MOCK_ORG_SH_PD_02,MOCK_ORG_SH_PD,MOCK_ORG_SH_PD_02,MOCK_ORG_SH_PD,1,0,0,1,1,1,20251007,,20231102,20231104,20231106,4202,37519090.83000000,382,1,1,1,0,1,0,0,0,20231023,1,1,1517784.00000000,3,0,1,0,0,1,0,51590541.56000000,22740630.07000000,22111599.68000000,20554000.62000000,0,0,0,0,0,0,0,0,0.00000000,0.00000000,0.00000000,0.00000000,0.00000000,0.00000000,0.00000000,0.00000000,0.00000000,20260917,37762000.00000000,9440500.00000000,0.00000000,0.00000000,0,0,0,0,0,0,0,0,0,0,0,0,0,0,0,,0.00000000,,,0,0,0,0,0,0,,0,0,0,0,0,0,0,0,,,1,0,12,11,0.00000000,0.00000000,8928.86502380,20260825,461,0,1,1,正常,0,20260917
MOCK_TAG_0282,MOCK_CUST_0282,MOCK_ECIF_0282,上海屿禾医疗科技恒有限公司,91310115700002824J,20110815,存续,医疗器械研发、技术咨询及销售,2000000.00000000,CNY,1420000.00000000,CNY,私人控股,私营有限责任公司,小型,310000,310100,310115,上海市浦东新区金海路362号3幢103室,68,C,35,358,3589,1,1,0,1,0,0,0,0,0,0,0,0,0,杨清博,MOCK_PERSON_0282,陈清博,MOCK_PERSON_0281,MOCK_ORG_SH_PD_03,MOCK_ORG_SH_PD,MOCK_ORG_SH_PD_03,MOCK_ORG_SH_PD,1,0,0,1,0,0,20260214,,20220703,,,399,4526942.29000000,57,1,1,0,0,0,0,0,0,20220626,1,1,2122198.00000000,4,0,1,0,0,0,0,860000.42000000,860000.42000000,860000.42000000,860000.42000000,0,0,0,0,0,0,0,0,0.00000000,0.00000000,0.00000000,0.00000000,0.00000000,0.00000000,0.00000000,0.00000000,0.00000000,20260917,920000.00000000,239200.00000000,0.00000000,0.00000000,0,0,0,0,0,0,0,0,0,0,0,1,0,0,0,,0.00000000,,,0,0,0,0,0,0,0–19,0,0,0,0,0,0,0,0,,,1,0,12,7,702240.38000000,0.00000000,11345.72002506,20260905,68,0,1,0,正常,0,20260917
MOCK_TAG_0283,MOCK_CUST_0283,MOCK_ECIF_0283,上海屿润精密制造恒有限公司,913101127000028322,20080301,存续,工业零部件、自动化设备的研发与制造,3900000.00000000,CNY,1950000.00000000,CNY,私人控股,私营有限责任公司,小型,310000,310100,310112,上海市闵行区联航路363号4幢104室,10,C,34,348,3484,1,0,0,1,0,0,0,0,0,0,0,0,0,黄清博,MOCK_PERSON_0283,胡清博,MOCK_PERSON_0286,MOCK_ORG_SH_MH_04,MOCK_ORG_SH_MH,MOCK_ORG_SH_MH_04,MOCK_ORG_SH_MH,0,1,0,1,1,0,,20250617,20250614,20250616,,0,0.00000000,0,0,1,1,0,0,0,0,0,20250609,1,1,1860262.00000000,4,0,1,0,0,0,0,2722202.80000000,1038721.07000000,964294.69000000,780000.80000000,0,0,0,0,0,0,0,0,0.00000000,0.00000000,0.00000000,0.00000000,0.00000000,0.00000000,0.00000000,0.00000000,0.00000000,20260917,1287000.00000000,141570.00000000,0.00000000,0.00000000,0,0,0,0,0,0,0,0,0,0,0,0,0,0,0,,0.00000000,,,0,0,0,0,0,0,,0,0,0,0,0,0,0,0,,,1,0,12,0,0.00000000,0.00000000,0.00000000,,10,0,1,1,正常,0,20260917
MOCK_TAG_0284,MOCK_CUST_0284,MOCK_ECIF_0284,宁波屿森供应链恒有限公司,91330212700002840A,20200615,存续,仓储服务、国内货物运输代理,34100000.00000000,CNY,20801000.00000000,CNY,私人控股,私营有限责任公司,中型,330000,330200,330212,宁波市鄞州区首南东路364号5幢105室,297,G,58,582,5821,1,0,0,1,0,0,0,0,0,0,0,0,0,徐清博,MOCK_PERSON_0284,钱昕博,MOCK_PERSON_0082,MOCK_ORG_ZJ_NB_05,MOCK_ORG_ZJ_NB,MOCK_ORG_ZJ_NB_05,MOCK_ORG_ZJ_NB,1,1,0,1,0,0,20260112,20230103,20221231,,,2376,21609724.31000000,297,1,1,0,0,0,0,0,0,20221222,1,1,2035042.00000000,4,0,1,0,0,1,0,19096000.24000000,23579359.75000000,20211790.43000000,20211790.43000000,1,0,0,0,0,0,0,0,44807400.00000000,7222952.88000000,7222952.88000000,37584447.12000000,7222952.88000000,11706312.39000000,7222952.88000000,0.00000000,0.00000000,20260917,47876400.00000000,9524702.88000000,44807400.00000000,7222952.88000000,0,0,0,0,0,0,0,0,0,0,0,0,0,0,0,,0.00000000,,,0,0,0,0,0,0,,0,0,0,0,0,0,0,0,MOCK_GROUP_02,产业集团02,1,0,12,8,0.00000000,0.93589744,9095.00181397,20260825,297,0,1,0,正常,0,20260917
MOCK_TAG_0285,MOCK_CUST_0285,MOCK_ECIF_0285,苏州屿远精密制造恒有限公司,913205717000028591,20201121,存续,工业零部件、自动化设备的研发与制造,216800000.00000000,CNY,199456000.00000000,CNY,私人控股,私营有限责任公司,大型,320000,320500,320571,苏州市工业园区星湖街365号6幢106室,1088,C,34,348,3484,1,0,0,1,0,0,0,0,0,0,0,0,0,朱清博,MOCK_PERSON_0285,朱清博,MOCK_PERSON_0285,MOCK_ORG_JS_SZ_06,MOCK_ORG_JS_SZ,MOCK_ORG_JS_SZ_06,MOCK_ORG_JS_SZ,1,0,0,1,1,0,20260607,,20221003,20221005,,3000,27221251.25000000,750,1,1,1,0,0,0,0,0,20220928,1,1,1807762.00000000,4,0,1,0,0,0,0,75880000.60000000,67156443.56000000,53295637.87000000,53295637.87000000,1,0,0,0,1,0,0,0,80649600.00000000,56906357.76000000,56906357.76000000,23743242.24000000,56906357.76000000,48182800.72000000,56906357.76000000,0.00000000,0.00000000,20260917,221569600.00000000,118911157.76000000,80649600.00000000,56906357.76000000,0,0,0,0,0,0,0,0,0,0,0,0,0,0,0,,0.00000000,,,0,0,0,0,0,0,,0,0,0,0,0,0,0,0,MOCK_GROUP_05,产业集团05,1,0,12,4,7522500.02000000,0.36399217,9073.75041667,20260915,1088,0,1,1,正常,0,20260917
MOCK_TAG_0286,MOCK_CUST_0286,MOCK_ECIF_0286,上海屿衡供应链恒有限公司,913101157000028670,20131218,存续,仓储服务、国内货物运输代理,1600000.00000000,CNY,560000.00000000,CNY,私人控股,私营有限责任公司,小型,310000,310100,310115,上海市浦东新区金海路366号7幢107室,22,G,58,582,5821,1,0,0,1,0,0,0,0,0,0,0,0,0,胡清博,MOCK_PERSON_0286,黄清博,MOCK_PERSON_0283,MOCK_ORG_SH_PD_07,MOCK_ORG_SH_PD,MOCK_ORG_SH_PD_07,MOCK_ORG_SH_PD,1,0,0,0,0,0,20260531,,,,,56,437920.61000000,14,1,0,0,0,0,0,0,0,20230711,1,1,2316350.00000000,4,0,1,0,0,0,0,800000.32000000,789279.34000000,631989.27000000,631989.27000000,1,0,0,0,0,0,0,0,1366400.00000000,557491.20000000,557491.20000000,808908.80000000,557491.20000000,546770.22000000,557491.20000000,0.00000000,0.00000000,20260917,2582400.00000000,1007411.20000000,1366400.00000000,557491.20000000,0,0,0,0,0,0,0,0,0,0,0,0,0,0,0,,0.00000000,,,0,0,0,0,0,0,,0,0,0,0,0,0,0,0,,,1,0,12,4,103040.13000000,0.52912020,7820.01089286,20260915,22,0,0,0,正常,0,20260917
MOCK_TAG_0287,MOCK_CUST_0287,MOCK_ECIF_0287,上海屿昕商贸恒有限公司,91310114700002875C,20210301,存续,日用百货、五金及电子产品批发,4700000.00000000,CNY,4512000.00000000,CNY,私人控股,私营有限责任公司,小型,310000,310100,310114,上海市嘉定区嘉罗公路367号8幢108室,37,F,51,513,5135,1,0,0,1,0,0,0,0,0,0,0,0,0,林清博,MOCK_PERSON_0287,吴宇博,MOCK_PERSON_0166,MOCK_ORG_SH_JD_08,MOCK_ORG_SH_JD,MOCK_ORG_SH_JD_08,MOCK_ORG_SH_JD,1,1,0,1,0,1,20251108,20230611,20230608,,20230612,350,2917694.58000000,35,1,1,0,0,0,0,0,0,20230602,1,1,1614400.00000000,3,0,1,0,0,0,0,432401.66000000,249426.34000000,245276.56000000,235000.90000000,0,0,0,0,0,0,0,0,0.00000000,0.00000000,0.00000000,0.00000000,0.00000000,0.00000000,0.00000000,0.00000000,0.00000000,20260917,564000.00000000,298920.00000000,0.00000000,0.00000000,0,0,0,0,0,0,0,0,0,0,0,0,0,0,0,C,2820000.00000000,CNY,嘉禾产业投资12,0,0,0,0,0,0,,0,0,0,0,0,0,0,0,MOCK_GROUP_08,产业集团08,1,0,12,10,0.00000000,0.00000000,8336.27022857,20260825,37,0,1,0,正常,0,20260917
MOCK_TAG_0288,MOCK_CUST_0288,MOCK_ECIF_0288,宁波屿途食品启有限公司,91330212700002883P,20080211,存续,食品加工、预包装食品销售,800000.00000000,CNY,744000.00000000,CNY,私人控股,私营有限责任公司,小型,330000,330200,330212,宁波市鄞州区首南东路368号1幢109室,17,C,14,149,1499,1,0,0,1,0,0,0,0,0,0,0,0,0,何清博,MOCK_PERSON_0288,钱正博,MOCK_PERSON_0290,MOCK_ORG_ZJ_NB_01,MOCK_ORG_ZJ_NB,MOCK_ORG_ZJ_NB_01,MOCK_ORG_ZJ_NB,1,0,0,1,1,0,20260129,,20250606,20250608,,104,688679.91000000,13,1,1,1,0,0,0,0,0,20250605,1,1,1821496.00000000,5,0,1,0,0,0,0,1167360.53000000,637637.21000000,601495.07000000,512000.23000000,0,0,0,0,0,0,0,0,0.00000000,0.00000000,0.00000000,0.00000000,0.00000000,0.00000000,0.00000000,0.00000000,0.00000000,20260917,144000.00000000,95040.00000000,0.00000000,0.00000000,0,0,0,0,0,0,0,0,0,0,0,0,0,0,0,A,232000.00000000,CNY,嘉禾产业投资01,0,0,0,0,0,0,,0,0,0,0,0,0,0,0,,,1,0,12,8,97175.55000000,0.00000000,6621.92221154,20260915,17,0,1,1,正常,0,20260917
MOCK_TAG_0289,MOCK_CUST_0289,MOCK_ECIF_0289,苏州澄川食品启有限公司,91320571700002891C,20120925,存续,食品加工、预包装食品销售,22100000.00000000,CNY,10166000.00000000,CNY,私人控股,私营有限责任公司,中型,320000,320500,320571,苏州市工业园区星湖街369号2幢110室,474,C,14,149,1499,1,0,0,1,0,0,0,0,0,0,0,0,0,赵正博,MOCK_PERSON_0289,王涵博,MOCK_PERSON_0152,MOCK_ORG_JS_SZ_02,MOCK_ORG_JS_SZ,MOCK_ORG_JS_SZ_02,MOCK_ORG_JS_SZ,0,0,0,1,0,0,,,20260527,,,0,0.00000000,0,0,1,0,0,0,0,0,0,20260525,1,1,1087020.00000000,2,0,1,0,0,1,0,3978000.92000000,1774800.41000000,1264241.39000000,1264241.39000000,0,0,0,0,0,0,0,0,0.00000000,0.00000000,0.00000000,0.00000000,0.00000000,0.00000000,0.00000000,0.00000000,0.00000000,20260917,17238000.00000000,4999020.00000000,0.00000000,0.00000000,0,0,0,0,0,0,0,0,0,0,0,0,0,0,0,,0.00000000,,,0,0,0,0,0,0,,0,0,0,0,0,0,0,0,MOCK_GROUP_30,产业集团30,0,0,4,0,0.00000000,0.00000000,0.00000000,,474,0,1,0,正常,0,20260917
MOCK_TAG_0290,MOCK_CUST_0290,MOCK_ECIF_0290,宁波澄原商贸启有限公司,913302127000029048,20120410,存续,日用百货、五金及电子产品批发,2700000.00000000,CNY,1215000.00000000,CNY,私人控股,私营有限责任公司,小型,330000,330200,330212,宁波市鄞州区首南东路370号3幢111室,77,F,51,513,5135,1,0,0,1,0,0,0,0,0,0,0,0,0,钱正博,MOCK_PERSON_0290,何清博,MOCK_PERSON_0288,MOCK_ORG_ZJ_NB_03,MOCK_ORG_ZJ_NB,MOCK_ORG_ZJ_NB_03,MOCK_ORG_ZJ_NB,1,1,0,1,1,1,20260702,20250827,20250824,20250826,20250828,207,1526626.37000000,69,1,1,1,0,0,0,0,0,20250819,1,1,2859256.00000000,5,0,1,0,0,0,0,324000.36000000,1143969.59000000,908088.03000000,908088.03000000,1,0,0,0,0,0,0,0,3780000.00000000,0.00000000,0.00000000,3780000.00000000,0.00000000,819969.23000000,0.00000000,0.00000000,0.00000000,20260917,4104000.00000000,132840.00000000,3780000.00000000,0.00000000,0,0,0,0,0,0,0,0,0,0,0,0,0,0,0,,0.00000000,,,0,0,0,0,0,0,,0,0,0,0,0,0,0,0,,,1,0,12,3,605475.11000000,0.92105263,7375.00661836,20260910,77,0,1,1,正常,0,20260917
MOCK_TAG_0291,MOCK_CUST_0291,MOCK_ECIF_0291,上海澄辰供应链启有限公司,91310114700002912J,20201110,存续,仓储服务、国内货物运输代理,9300000.00000000,CNY,7626000.00000000,CNY,私人控股,私营有限责任公司,中型,310000,310100,310114,上海市嘉定区嘉罗公路371号4幢112室,127,G,58,582,5821,1,0,0,1,0,0,0,0,0,0,0,0,0,孙正博,MOCK_PERSON_0291,李正博,MOCK_PERSON_0292,MOCK_ORG_SH_JD_04,MOCK_ORG_SH_JD,MOCK_ORG_SH_JD_04,MOCK_ORG_SH_JD,1,1,0,1,0,0,20260626,20231204,20231201,,,339,2793361.02000000,113,1,1,0,0,1,0,0,0,20231121,1,1,1616412.00000000,4,0,1,0,0,1,0,6177061.95000000,2859278.76000000,2543349.59000000,2265419.64000000,1,0,0,0,0,0,0,0,4464000.00000000,749952.00000000,749952.00000000,3714048.00000000,749952.00000000,708059.08000000,749952.00000000,0.00000000,0.00000000,20260917,10695000.00000000,2307702.00000000,4464000.00000000,749952.00000000,0,0,0,0,0,0,0,0,0,0,0,0,0,0,0,,0.00000000,,,0,0,0,0,0,0,,0,0,0,0,0,0,0,0,,,1,0,12,3,931120.16000000,0.41739130,8240.00300885,20260905,127,0,1,0,正常,0,20260917
MOCK_TAG_0292,MOCK_CUST_0292,MOCK_ECIF_0292,苏州澄宁供应链启有限公司,91320571700002920P,20100202,存续,仓储服务、国内货物运输代理,1700000.00000000,CNY,1428000.00000000,CNY,私人控股,私营有限责任公司,小型,320000,320500,320571,苏州市工业园区星湖街372号5幢113室,36,G,58,582,5821,1,0,0,1,0,0,0,0,0,0,0,0,0,李正博,MOCK_PERSON_0292,孙正博,MOCK_PERSON_0291,MOCK_ORG_JS_SZ_05,MOCK_ORG_JS_SZ,MOCK_ORG_JS_SZ_05,MOCK_ORG_JS_SZ,0,0,0,1,0,0,,,20240404,,,0,0.00000000,0,0,1,0,0,0,0,0,0,20240329,1,1,2409764.00000000,4,0,1,0,0,0,0,1368500.80000000,712215.42000000,678496.02000000,595000.35000000,0,0,0,0,0,0,0,0,0.00000000,0.00000000,0.00000000,0.00000000,0.00000000,0.00000000,0.00000000,0.00000000,0.00000000,20260917,918000.00000000,514080.00000000,0.00000000,0.00000000,0,0,0,0,0,0,0,0,0,0,0,0,0,0,0,,0.00000000,,,0,0,0,0,0,0,,0,0,0,0,0,0,0,0,,,1,0,12,0,0.00000000,0.00000000,0.00000000,,36,0,1,0,正常,0,20260917
MOCK_TAG_0293,MOCK_CUST_0293,MOCK_ECIF_0293,上海澄知精密制造启有限公司,91310115700002939Q,20230831,存续,工业零部件、自动化设备的研发与制造,300000.00000000,CNY,198000.00000000,CNY,私人控股,私营有限责任公司,小型,310000,310100,310115,上海市浦东新区金海路373号6幢114室,62,C,34,348,3484,1,0,0,1,0,0,0,0,0,0,0,0,0,周正博,MOCK_PERSON_0293,赵泽博,MOCK_PERSON_0177,MOCK_ORG_SH_PD_06,MOCK_ORG_SH_PD,MOCK_ORG_SH_PD_06,MOCK_ORG_SH_PD,0,1,0,1,1,0,,20250219,20250216,20250218,,0,0.00000000,0,0,1,1,0,0,0,0,0,20250213,1,1,2824236.00000000,5,0,1,0,0,0,0,123000.86000000,123000.86000000,123000.86000000,123000.86000000,0,0,0,0,0,0,0,0,0.00000000,0.00000000,0.00000000,0.00000000,0.00000000,0.00000000,0.00000000,0.00000000,0.00000000,20260917,12000.00000000,2400.00000000,0.00000000,0.00000000,0,0,0,0,0,0,0,0,0,0,0,0,0,0,0,,0.00000000,,,0,0,0,0,0,0,,0,0,0,0,0,0,0,0,MOCK_GROUP_06,产业集团06,1,0,12,0,0.00000000,0.00000000,0.00000000,,62,0,1,1,正常,0,20260917
MOCK_TAG_0294,MOCK_CUST_0294,MOCK_ECIF_0294,宁波澄禾食品启有限公司,91330212700002947M,20210122,存续,食品加工、预包装食品销售,3400000.00000000,CNY,2142000.00000000,CNY,私人控股,私营有限责任公司,小型,330000,330200,330212,宁波市鄞州区首南东路374号7幢115室,42,C,14,149,1499,1,0,0,1,0,0,0,0,0,0,0,0,0,吴正博,MOCK_PERSON_0294,王正博,MOCK_PERSON_0296,MOCK_ORG_ZJ_NB_07,MOCK_ORG_ZJ_NB,MOCK_ORG_ZJ_NB_07,MOCK_ORG_ZJ_NB,1,1,0,1,0,0,20260503,20240329,20240326,,,120,869702.38000000,30,1,1,0,0,0,0,0,0,20240317,1,1,2262472.00000000,4,0,1,0,0,0,0,3576802.16000000,1710828.72000000,1609905.63000000,1360000.82000000,0,0,0,0,0,0,0,0,0.00000000,0.00000000,0.00000000,0.00000000,0.00000000,0.00000000,0.00000000,0.00000000,0.00000000,20260917,782000.00000000,179860.00000000,0.00000000,0.00000000,0,0,0,0,0,0,0,0,0,0,0,0,0,0,0,,0.00000000,,,0,0,0,0,0,0,,0,0,0,0,0,0,0,0,,,1,0,12,4,0.00000000,0.00000000,7247.51983333,20260820,42,0,1,0,正常,0,20260917
MOCK_TAG_0295,MOCK_CUST_0295,MOCK_ECIF_0295,上海澄润精密制造启有限公司,913101127000029553,20170919,存续,工业零部件、自动化设备的研发与制造,3400000.00000000,CNY,2108000.00000000,CNY,私人控股,私营有限责任公司,小型,310000,310100,310112,上海市闵行区联航路375号8幢116室,26,C,34,348,3484,1,0,0,1,0,0,0,0,0,0,0,0,0,郑正博,MOCK_PERSON_0295,陈安博,MOCK_PERSON_0121,MOCK_ORG_SH_MH_08,MOCK_ORG_SH_MH,MOCK_ORG_SH_MH_08,MOCK_ORG_SH_MH,0,0,0,1,1,1,,,20220720,20220722,20220724,0,0.00000000,0,0,1,1,0,0,0,0,0,20220718,1,1,1703074.00000000,4,0,1,0,0,0,0,238000.43000000,985798.64000000,702212.73000000,702212.73000000,1,0,0,0,1,0,0,0,3940600.00000000,706155.52000000,706155.52000000,3234444.48000000,706155.52000000,987599.23000000,706155.52000000,0.00000000,0.00000000,20260917,4722600.00000000,995495.52000000,3940600.00000000,706155.52000000,0,0,0,0,0,0,0,0,0,0,0,0,0,0,0,,0.00000000,,,0,0,0,0,0,0,,0,0,0,0,0,0,0,0,MOCK_GROUP_28,产业集团28,1,0,12,0,0.00000000,0.83441325,0.00000000,,26,0,1,1,正常,0,20260917
MOCK_TAG_0296,MOCK_CUST_0296,MOCK_ECIF_0296,上海澄森商贸启有限公司,91310112700002963X,20180120,存续,日用百货、五金及电子产品批发,34400000.00000000,CNY,13416000.00000000,CNY,私人控股,私营有限责任公司,中型,310000,310100,310112,上海市闵行区联航路376号1幢117室,142,F,51,513,5135,1,0,0,1,0,0,0,0,0,0,0,0,0,王正博,MOCK_PERSON_0296,吴正博,MOCK_PERSON_0294,MOCK_ORG_SH_MH_01,MOCK_ORG_SH_MH,MOCK_ORG_SH_MH_01,MOCK_ORG_SH_MH,0,0,0,1,1,1,,,20240904,20240906,20240908,0,0.00000000,0,0,1,1,0,0,0,0,0,20240903,1,1,2442120.00000000,4,0,1,0,0,1,0,9632000.25000000,9632000.25000000,9632000.25000000,9632000.25000000,0,0,0,0,0,0,0,0,0.00000000,0.00000000,0.00000000,0.00000000,0.00000000,0.00000000,0.00000000,0.00000000,0.00000000,20260917,21328000.00000000,14929600.00000000,0.00000000,0.00000000,0,0,0,0,0,0,0,0,0,0,0,0,0,0,0,,0.00000000,,,0,0,0,0,0,0,,0,0,0,0,0,0,0,0,,,1,0,12,0,0.00000000,0.00000000,0.00000000,,142,0,1,1,正常,0,20260917
MOCK_TAG_0297,MOCK_CUST_0297,MOCK_ECIF_0297,宁波澄远精密制造启有限公司,913302127000029716,20220826,存续,工业零部件、自动化设备的研发与制造,1900000.00000000,CNY,1577000.00000000,CNY,私人控股,私营有限责任公司,小型,330000,330200,330212,宁波市鄞州区首南东路377号2幢118室,49,C,34,348,3484,1,0,0,1,0,0,0,0,0,0,0,0,0,陈正博,MOCK_PERSON_0297,吴远博,MOCK_PERSON_0022,MOCK_ORG_ZJ_NB_02,MOCK_ORG_ZJ_NB,MOCK_ORG_ZJ_NB_02,MOCK_ORG_ZJ_NB,0,0,0,1,0,0,,,20260615,,,0,0.00000000,0,0,1,0,0,0,0,0,0,20260614,1,1,590560.00000000,1,1,1,0,0,0,0,0.00000000,45.11000000,32.13000000,32.13000000,0,0,0,0,0,0,0,0,0.00000000,0.00000000,0.00000000,0.00000000,0.00000000,0.00000000,0.00000000,0.00000000,0.00000000,20260917,1501000.00000000,315210.00000000,0.00000000,0.00000000,0,0,0,0,0,0,0,0,0,0,0,0,0,0,0,,0.00000000,,,0,0,0,0,0,0,,0,0,0,0,0,0,0,0,MOCK_GROUP_19,产业集团19,0,0,4,0,0.00000000,0.00000000,0.00000000,,49,0,1,0,正常,0,20260917
MOCK_TAG_0298,MOCK_CUST_0298,MOCK_ECIF_0298,上海澄衡医疗科技启有限公司,9131011470000298XD,20110124,存续,医疗器械研发、技术咨询及销售,1000000.00000000,CNY,750000.00000000,CNY,私人控股,私营有限责任公司,小型,310000,310100,310114,上海市嘉定区嘉罗公路378号3幢119室,70,C,35,358,3589,1,1,0,1,0,0,0,0,0,0,0,0,0,杨正博,MOCK_PERSON_0298,王涵博,MOCK_PERSON_0152,MOCK_ORG_SH_JD_03,MOCK_ORG_SH_JD,MOCK_ORG_SH_JD_03,MOCK_ORG_SH_JD,0,0,0,1,0,0,,,20221119,,,0,0.00000000,0,0,1,0,0,0,0,0,0,20221110,1,1,2659292.00000000,5,0,1,0,0,0,0,471900.34000000,526732.32000000,375206.58000000,353046.84000000,1,0,0,0,0,0,0,0,1104000.00000000,655776.00000000,655776.00000000,448224.00000000,655776.00000000,496876.43000000,655776.00000000,0.00000000,0.00000000,20260917,1334000.00000000,706376.00000000,1104000.00000000,655776.00000000,0,0,0,0,0,0,0,0,0,0,0,1,0,0,0,,0.00000000,,,0,0,0,0,0,0,40–59,0,0,0,0,0,0,0,0,MOCK_GROUP_30,产业集团30,1,0,12,0,0.00000000,0.82758621,0.00000000,,70,0,1,0,正常,0,20260917
MOCK_TAG_0299,MOCK_CUST_0299,MOCK_ECIF_0299,上海澄昕商贸启有限公司,91310114700002998D,20051127,存续,日用百货、五金及电子产品批发,1600000.00000000,CNY,848000.00000000,CNY,私人控股,私营有限责任公司,小型,310000,310100,310114,上海市嘉定区嘉罗公路379号4幢120室,57,F,51,513,5135,1,0,0,1,0,0,0,0,0,0,0,0,0,黄正博,MOCK_PERSON_0299,徐正博,MOCK_PERSON_0300,MOCK_ORG_SH_JD_04,MOCK_ORG_SH_JD,MOCK_ORG_SH_JD_04,MOCK_ORG_SH_JD,0,1,0,1,0,1,,20230607,20230604,,20230608,0,0.00000000,0,0,1,0,0,0,0,0,0,20230531,1,1,2217048.00000000,4,0,1,0,0,0,0,608000.60000000,724029.15000000,690651.08000000,690651.08000000,1,0,0,0,0,0,0,0,1209600.00000000,0.00000000,0.00000000,1209600.00000000,0.00000000,116028.55000000,0.00000000,0.00000000,0.00000000,20260917,1305600.00000000,64320.00000000,1209600.00000000,0.00000000,0,0,0,0,0,0,0,0,0,0,0,0,0,0,0,,0.00000000,,,0,0,0,0,0,0,,0,0,0,0,0,0,0,0,,,1,0,12,0,0.00000000,0.92647059,0.00000000,,57,0,1,0,正常,0,20260917
MOCK_TAG_0300,MOCK_CUST_0300,MOCK_ECIF_0300,杭州澄途食品启有限公司,9133010870000300XU,20110810,存续,食品加工、预包装食品销售,1300000.00000000,CNY,533000.00000000,CNY,私人控股,私营有限责任公司,小型,330000,330100,330108,杭州市滨江区江陵路380号5幢101室,87,C,14,149,1499,1,0,0,1,0,0,0,0,0,0,0,0,0,徐正博,MOCK_PERSON_0300,黄正博,MOCK_PERSON_0299,MOCK_ORG_ZJ_HZ_05,MOCK_ORG_ZJ_HZ,MOCK_ORG_ZJ_HZ_05,MOCK_ORG_ZJ_HZ,0,1,0,1,1,0,,20241030,20241027,20241029,,0,0.00000000,0,0,1,1,0,0,0,0,0,20241018,1,1,2631514.00000000,5,0,1,0,0,0,0,1281801.04000000,800690.65000000,787259.27000000,754000.61000000,0,0,0,0,0,0,0,0,0.00000000,0.00000000,0.00000000,0.00000000,0.00000000,0.00000000,0.00000000,0.00000000,0.00000000,20260917,1027000.00000000,595660.00000000,0.00000000,0.00000000,0,0,0,0,0,0,0,0,0,0,0,0,0,0,0,,0.00000000,,,0,0,0,0,0,0,,0,0,0,0,0,0,0,0,,,1,0,12,0,0.00000000,0.00000000,0.00000000,,87,0,1,1,正常,0,20260917
MOCK_TAG_0301,MOCK_CUST_0301,MOCK_ECIF_0301,杭州禾川食品启有限公司,91330108700003018U,20150806,存续,食品加工、预包装食品销售,3700000.00000000,CNY,2220000.00000000,CNY,私人控股,私营有限责任公司,小型,330000,330100,330108,杭州市滨江区江陵路381号6幢102室,12,C,14,149,1499,1,0,0,1,0,0,0,0,0,0,0,0,0,朱正博,MOCK_PERSON_0301,胡正博,MOCK_PERSON_0302,MOCK_ORG_ZJ_HZ_06,MOCK_ORG_ZJ_HZ,MOCK_ORG_ZJ_HZ_06,MOCK_ORG_ZJ_HZ,0,0,0,1,1,0,,,20220819,20220821,,0,0.00000000,0,0,1,1,0,1,0,0,0,20220813,1,1,2070890.00000000,5,0,1,0,0,0,0,4774110.46000000,3697405.95000000,3176604.29000000,2874942.76000000,1,0,0,0,0,0,0,0,7104000.00000000,0.00000000,0.00000000,7104000.00000000,0.00000000,1386919.38000000,0.00000000,0.00000000,0.00000000,20260917,8621000.00000000,1016390.00000000,7104000.00000000,0.00000000,0,0,0,0,0,0,0,0,0,0,0,0,0,0,0,,0.00000000,,,0,0,0,0,0,0,,0,0,0,0,0,0,0,0,,,1,0,12,0,0.00000000,0.82403433,0.00000000,,12,0,1,1,正常,0,20260917
MOCK_TAG_0302,MOCK_CUST_0302,MOCK_ECIF_0302,苏州禾原商贸启有限公司,91320571700003026E,20131123,存续,日用百货、五金及电子产品批发,12800000.00000000,CNY,10624000.00000000,CNY,私人控股,私营有限责任公司,中型,320000,320500,320571,苏州市工业园区星湖街382号7幢103室,269,F,51,513,5135,1,0,0,1,0,0,0,0,0,0,0,0,0,胡正博,MOCK_PERSON_0302,朱正博,MOCK_PERSON_0301,MOCK_ORG_JS_SZ_07,MOCK_ORG_JS_SZ,MOCK_ORG_JS_SZ_07,MOCK_ORG_JS_SZ,0,0,0,1,0,0,,,20240412,,,0,0.00000000,0,0,1,0,0,0,0,0,0,20240407,1,1,2208884.00000000,3,0,1,0,0,1,0,14366720.26000000,8564775.54000000,8347073.03000000,7808000.14000000,0,0,0,0,0,0,0,0,0.00000000,0.00000000,0.00000000,0.00000000,0.00000000,0.00000000,0.00000000,0.00000000,0.00000000,20260917,9216000.00000000,5713920.00000000,0.00000000,0.00000000,0,1,0,0,0,0,0,0,0,0,0,0,0,0,0,,0.00000000,,,0,0,0,0,0,0,,0,0,0,0,0,0,0,0,,,1,0,12,0,0.00000000,0.00000000,0.00000000,,269,0,1,0,正常,0,20260917
MOCK_TAG_0303,MOCK_CUST_0303,MOCK_ECIF_0303,杭州禾辰信息科技启有限公司,91330108700003034H,20211127,存续,软件开发、信息系统集成及技术咨询,3800000.00000000,CNY,2242000.00000000,CNY,私人控股,私营有限责任公司,小型,330000,330100,330108,杭州市滨江区江陵路383号8幢104室,23,I,65,651,6513,1,1,0,1,0,0,0,0,0,0,0,0,0,林正博,MOCK_PERSON_0303,何正博,MOCK_PERSON_0304,MOCK_ORG_ZJ_HZ_08,MOCK_ORG_ZJ_HZ,MOCK_ORG_ZJ_HZ_08,MOCK_ORG_ZJ_HZ,0,1,0,0,0,0,,20250406,,,,0,0.00000000,0,0,0,0,0,0,0,0,0,20250328,1,1,2064686.00000000,4,0,1,0,0,0,0,2489760.75000000,1190780.05000000,1154309.17000000,1064000.32000000,0,0,0,0,0,0,0,0,0.00000000,0.00000000,0.00000000,0.00000000,0.00000000,0.00000000,0.00000000,0.00000000,0.00000000,20260917,2318000.00000000,533140.00000000,0.00000000,0.00000000,0,0,0,0,0,0,0,0,0,0,0,1,0,0,0,,0.00000000,,,0,0,0,0,0,0,60–79,0,0,0,0,0,0,0,0,,,1,0,12,0,0.00000000,0.00000000,0.00000000,,23,0,0,0,正常,0,20260917
MOCK_TAG_0304,MOCK_CUST_0304,MOCK_ECIF_0304,上海禾宁精密制造启有限公司,91310112700003042W,20111128,存续,工业零部件、自动化设备的研发与制造,4400000.00000000,CNY,2024000.00000000,CNY,私人控股,私营有限责任公司,小型,310000,310100,310112,上海市闵行区联航路384号1幢105室,40,C,34,348,3484,1,0,0,1,0,0,0,0,0,0,0,0,0,何正博,MOCK_PERSON_0304,林正博,MOCK_PERSON_0303,MOCK_ORG_SH_MH_01,MOCK_ORG_SH_MH,MOCK_ORG_SH_MH_01,MOCK_ORG_SH_MH,0,0,0,1,1,1,,,20220802,20220804,20220806,0,0.00000000,0,0,1,1,0,0,0,0,0,20220724,1,1,2613948.00000000,4,0,1,0,0,0,0,2200000.84000000,2456859.64000000,1796519.88000000,1796519.88000000,1,0,0,0,1,0,0,0,4576000.00000000,2038608.00000000,2038608.00000000,2537392.00000000,2038608.00000000,2295466.80000000,2038608.00000000,0.00000000,0.00000000,20260917,8096000.00000000,3587408.00000000,4576000.00000000,2038608.00000000,0,0,0,0,0,0,0,0,0,0,0,0,0,0,0,,0.00000000,,,0,0,0,0,0,0,,0,0,0,0,0,0,0,0,,,1,0,12,0,0.00000000,0.56521739,0.00000000,,40,0,1,1,正常,0,20260917
MOCK_TAG_0305,MOCK_CUST_0305,MOCK_ECIF_0305,宁波禾知供应链启有限公司,913302127000030505,20201224,存续,仓储服务、国内货物运输代理,3900000.00000000,CNY,3510000.00000000,CNY,私人控股,私营有限责任公司,小型,330000,330200,330212,宁波市鄞州区首南东路385号2幢106室,9,G,58,582,5821,1,0,0,1,0,0,0,0,0,0,0,0,0,赵和博,MOCK_PERSON_0305,钱和博,MOCK_PERSON_0306,MOCK_ORG_ZJ_NB_02,MOCK_ORG_ZJ_NB,MOCK_ORG_ZJ_NB_02,MOCK_ORG_ZJ_NB,1,1,0,1,1,0,20260111,20250503,20250430,20250502,,48,437043.18000000,6,1,1,1,0,0,0,0,0,20250428,1,1,1386798.00000000,3,0,1,0,0,0,0,1443000.34000000,1659316.59000000,1320384.21000000,1320384.21000000,1,0,0,0,0,0,0,0,2074800.00000000,961877.28000000,961877.28000000,1112922.72000000,961877.28000000,1178193.53000000,961877.28000000,0.00000000,0.00000000,20260917,3361800.00000000,1618247.28000000,2074800.00000000,961877.28000000,0,0,0,0,0,0,0,0,0,0,0,0,0,0,0,,0.00000000,,,0,0,0,0,0,0,,0,0,0,0,0,0,0,0,,,1,0,12,8,0.00000000,0.61716937,9105.06625000,20260825,9,0,1,1,正常,0,20260917
MOCK_TAG_0306,MOCK_CUST_0306,MOCK_ECIF_0306,宁波禾禾精密制造启有限公司,913302127000030692,20100917,存续,工业零部件、自动化设备的研发与制造,37700000.00000000,CNY,28275000.00000000,CNY,私人控股,私营有限责任公司,中型,330000,330200,330212,宁波市鄞州区首南东路386号3幢107室,403,C,34,348,3484,1,0,0,1,0,0,0,0,0,0,0,0,0,钱和博,MOCK_PERSON_0306,赵和博,MOCK_PERSON_0305,MOCK_ORG_ZJ_NB_03,MOCK_ORG_ZJ_NB,MOCK_ORG_ZJ_NB_03,MOCK_ORG_ZJ_NB,0,1,0,1,1,0,,20220807,20220804,20220806,,0,0.00000000,0,0,1,1,0,0,0,0,0,20220726,1,1,1642054.00000000,3,0,1,0,0,1,0,48602842.73000000,37561097.49000000,26755850.27000000,23782735.14000000,1,0,0,0,1,0,0,0,54853500.00000000,26658801.00000000,26658801.00000000,28194699.00000000,26658801.00000000,33426035.10000000,26658801.00000000,0.00000000,0.00000000,20260917,81997500.00000000,43216641.00000000,54853500.00000000,26658801.00000000,0,0,0,0,0,0,0,0,0,0,0,0,0,0,0,,0.00000000,,,0,0,0,0,0,0,,0,0,0,0,0,0,0,0,,,1,0,12,0,0.00000000,0.66896552,0.00000000,,403,0,1,1,正常,0,20260917
MOCK_TAG_0307,MOCK_CUST_0307,MOCK_ECIF_0307,上海禾润商贸启有限公司,91310112700003077F,20140311,存续,日用百货、五金及电子产品批发,36000000.00000000,CNY,34920000.00000000,CNY,私人控股,私营有限责任公司,中型,310000,310100,310112,上海市闵行区联航路387号4幢108室,436,F,51,513,5135,1,0,0,1,0,0,0,0,0,0,0,0,0,孙和博,MOCK_PERSON_0307,李和博,MOCK_PERSON_0308,MOCK_ORG_SH_MH_04,MOCK_ORG_SH_MH,MOCK_ORG_SH_MH_04,MOCK_ORG_SH_MH,0,1,0,1,0,0,,20231227,20231224,,,0,0.00000000,0,0,1,0,0,0,0,0,0,20231220,1,1,2374428.00000000,4,1,1,0,0,1,0,0.00000000,122.98000000,123.11000000,123.11000000,0,0,0,0,0,0,0,0,0.00000000,0.00000000,0.00000000,0.00000000,0.00000000,0.00000000,0.00000000,0.00000000,0.00000000,20260917,16560000.00000000,11260800.00000000,0.00000000,0.00000000,0,0,0,0,0,0,0,0,0,0,0,0,0,0,0,B,20520000.00000000,CNY,嘉禾产业投资08,0,0,0,0,0,0,,0,0,0,0,0,0,0,0,,,1,0,12,0,0.00000000,0.00000000,0.00000000,,436,0,1,0,正常,0,20260917
MOCK_TAG_0308,MOCK_CUST_0308,MOCK_ECIF_0308,上海禾森精密制造启有限公司,913101147000030857,20091226,存续,工业零部件、自动化设备的研发与制造,4400000.00000000,CNY,2552000.00000000,CNY,私人控股,私营有限责任公司,小型,310000,310100,310114,上海市嘉定区嘉罗公路388号5幢109室,29,C,34,348,3484,1,0,0,1,0,0,0,0,0,0,0,0,0,李和博,MOCK_PERSON_0308,孙和博,MOCK_PERSON_0307,MOCK_ORG_SH_JD_05,MOCK_ORG_SH_JD,MOCK_ORG_SH_JD_05,MOCK_ORG_SH_JD,1,1,0,1,1,0,20260225,20230207,20230204,20230206,,161,1425197.08000000,23,1,1,1,0,0,0,0,0,20230201,1,1,2805442.00000000,4,0,1,0,0,0,0,2381280.42000000,1892812.64000000,1867263.89000000,1804000.32000000,0,0,0,0,0,0,0,0,0.00000000,0.00000000,0.00000000,0.00000000,0.00000000,0.00000000,0.00000000,0.00000000,0.00000000,20260917,2464000.00000000,492800.00000000,0.00000000,0.00000000,0,0,0,0,0,0,0,0,0,0,0,0,0,0,0,,0.00000000,,,0,0,0,0,0,0,,0,0,0,0,0,0,0,0,,,1,0,12,7,177905.92000000,0.00000000,8852.15577640,20260915,29,0,1,1,正常,0,20260917
MOCK_TAG_0309,MOCK_CUST_0309,MOCK_ECIF_0309,苏州禾远供应链启有限公司,91320571700003093C,20150619,存续,仓储服务、国内货物运输代理,3200000.00000000,CNY,2784000.00000000,CNY,私人控股,私营有限责任公司,小型,320000,320500,320571,苏州市工业园区星湖街389号6幢110室,68,G,58,582,5821,1,0,0,1,0,0,0,0,0,0,0,0,0,周和博,MOCK_PERSON_0309,王涵博,MOCK_PERSON_0152,MOCK_ORG_JS_SZ_06,MOCK_ORG_JS_SZ,MOCK_ORG_JS_SZ_06,MOCK_ORG_JS_SZ,1,0,0,1,1,0,20251001,,20250710,20250712,,624,5553606.31000000,52,1,1,1,0,0,0,0,0,20250708,1,1,2100752.00000000,4,0,1,0,0,0,0,3756482.19000000,1633584.95000000,1522663.47000000,1248000.73000000,0,0,0,0,0,0,0,0,0.00000000,0.00000000,0.00000000,0.00000000,0.00000000,0.00000000,0.00000000,0.00000000,0.00000000,20260917,1696000.00000000,610560.00000000,0.00000000,0.00000000,0,0,0,0,0,0,0,0,0,0,0,0,0,0,0,,0.00000000,,,0,0,0,0,0,0,,0,0,0,0,0,0,0,0,MOCK_GROUP_30,产业集团30,1,0,12,12,420160.86000000,0.00000000,8900.01011218,20260915,68,0,1,1,正常,0,20260917
MOCK_TAG_0310,MOCK_CUST_0310,MOCK_ECIF_0310,宁波禾衡供应链启有限公司,913302127000031068,20091109,存续,仓储服务、国内货物运输代理,3000000.00000000,CNY,2040000.00000000,CNY,私人控股,私营有限责任公司,小型,330000,330200,330212,宁波市鄞州区首南东路390号7幢111室,8,G,58,582,5821,1,0,0,1,0,0,0,0,0,0,0,0,0,吴和博,MOCK_PERSON_0310,郑和博,MOCK_PERSON_0311,MOCK_ORG_ZJ_NB_07,MOCK_ORG_ZJ_NB,MOCK_ORG_ZJ_NB_07,MOCK_ORG_ZJ_NB,1,0,0,1,1,0,20260522,,20250113,20250115,,28,231842.41000000,7,1,1,1,0,0,0,0,0,20250103,1,1,3067242.00000000,4,0,1,0,0,0,0,720000.21000000,1455927.14000000,1037098.78000000,1037098.78000000,1,0,0,0,0,0,0,0,3162000.00000000,1593648.00000000,1593648.00000000,1568352.00000000,1593648.00000000,1459287.32000000,1593648.00000000,0.00000000,0.00000000,20260917,3312000.00000000,1688148.00000000,3162000.00000000,1593648.00000000,0,0,0,0,0,0,0,0,0,0,0,0,0,0,0,C,1260000.00000000,CNY,嘉禾产业投资11,0,0,0,0,0,0,,0,0,0,0,0,0,0,0,,,1,0,12,4,59920.11000000,0.95471014,8280.08607143,20260905,8,0,1,1,正常,0,20260917
MOCK_TAG_0311,MOCK_CUST_0311,MOCK_ECIF_0311,苏州禾昕供应链启有限公司,91320571700003114W,20211225,存续,仓储服务、国内货物运输代理,1700000.00000000,CNY,629000.00000000,CNY,私人控股,私营有限责任公司,小型,320000,320500,320571,苏州市工业园区星湖街391号8幢112室,81,G,58,582,5821,1,0,0,1,0,0,0,0,0,0,0,0,0,郑和博,MOCK_PERSON_0311,吴和博,MOCK_PERSON_0310,MOCK_ORG_JS_SZ_08,MOCK_ORG_JS_SZ,MOCK_ORG_JS_SZ_08,MOCK_ORG_JS_SZ,1,1,0,1,1,0,20251117,20240923,20240920,20240922,,550,4732205.70000000,55,1,1,1,0,1,0,0,0,20240915,1,1,2666436.00000000,4,0,1,0,0,0,0,1300500.83000000,1013605.55000000,888294.47000000,828103.25000000,1,0,0,0,0,0,0,0,1305600.00000000,0.00000000,0.00000000,1305600.00000000,0.00000000,351105.97000000,0.00000000,0.00000000,0.00000000,20260917,1730600.00000000,272000.00000000,1305600.00000000,0.00000000,0,0,0,0,0,0,0,0,0,0,0,0,0,0,0,,0.00000000,,,0,0,0,0,0,0,,0,0,0,0,0,0,0,0,,,1,0,12,10,0.00000000,0.75442043,8604.01036364,20260825,81,0,1,1,正常,0,20260917
MOCK_TAG_0312,MOCK_CUST_0312,MOCK_ECIF_0312,杭州禾途商贸启有限公司,913301087000031220,20060208,存续,日用百货、五金及电子产品批发,4400000.00000000,CNY,2552000.00000000,CNY,私人控股,私营有限责任公司,小型,330000,330100,330108,杭州市滨江区江陵路392号1幢113室,35,F,51,513,5135,1,0,0,1,0,0,0,0,0,0,0,0,0,王和博,MOCK_PERSON_0312,陈和博,MOCK_PERSON_0313,MOCK_ORG_ZJ_HZ_01,MOCK_ORG_ZJ_HZ,MOCK_ORG_ZJ_HZ_01,MOCK_ORG_ZJ_HZ,1,0,0,1,0,0,20260207,,20221213,,,182,1396202.75000000,26,1,1,0,0,0,0,0,0,20221207,1,1,2123504.00000000,4,0,1,0,0,0,0,880000.96000000,880000.96000000,880000.96000000,880000.96000000,0,0,0,0,0,0,0,0,0.00000000,0.00000000,0.00000000,0.00000000,0.00000000,0.00000000,0.00000000,0.00000000,0.00000000,20260917,1540000.00000000,200200.00000000,0.00000000,0.00000000,0,0,0,0,0,0,0,0,0,0,0,0,0,0,0,,0.00000000,,,0,0,0,0,0,0,,0,0,0,0,0,0,0,0,,,1,0,12,7,0.00000000,0.00000000,7671.44368132,20260825,35,0,1,0,正常,0,20260917
MOCK_TAG_0313,MOCK_CUST_0313,MOCK_ECIF_0313,宁波沐川信息科技启有限公司,91330212700003130Q,20070528,存续,软件开发、信息系统集成及技术咨询,3600000.00000000,CNY,3060000.00000000,CNY,私人控股,私营有限责任公司,小型,330000,330200,330212,宁波市鄞州区首南东路393号2幢114室,76,I,65,651,6513,1,1,0,1,0,0,0,0,0,0,0,0,0,陈和博,MOCK_PERSON_0313,王和博,MOCK_PERSON_0312,MOCK_ORG_ZJ_NB_02,MOCK_ORG_ZJ_NB,MOCK_ORG_ZJ_NB_02,MOCK_ORG_ZJ_NB,0,1,0,1,1,0,,20231216,20231213,20231215,,0,0.00000000,0,0,1,1,0,0,0,0,0,20231208,1,1,2598668.00000000,4,0,1,0,0,0,0,720000.80000000,846103.22000000,683328.70000000,683328.70000000,1,0,0,0,0,0,0,0,1944000.00000000,439732.80000000,439732.80000000,1504267.20000000,439732.80000000,565835.22000000,439732.80000000,0.00000000,0.00000000,20260917,2304000.00000000,698932.80000000,1944000.00000000,439732.80000000,0,0,0,0,0,0,0,0,1,0,0,1,0,0,0,,0.00000000,,,0,0,0,0,0,0,60–79,0,0,0,0,0,0,0,0,,,1,0,12,0,0.00000000,0.84375000,0.00000000,,76,0,1,1,正常,0,20260917
MOCK_TAG_0314,MOCK_CUST_0314,MOCK_ECIF_0314,上海沐原食品启有限公司,913101147000031495,20120712,存续,食品加工、预包装食品销售,4900000.00000000,CNY,2646000.00000000,CNY,私人控股,私营有限责任公司,小型,310000,310100,310114,上海市嘉定区嘉罗公路394号3幢115室,45,C,14,149,1499,1,0,0,1,0,0,0,0,0,0,0,0,0,杨和博,MOCK_PERSON_0314,黄和博,MOCK_PERSON_0315,MOCK_ORG_SH_JD_03,MOCK_ORG_SH_JD,MOCK_ORG_SH_JD_03,MOCK_ORG_SH_JD,0,0,0,0,1,0,,,,20231202,,0,0.00000000,0,0,0,1,0,0,0,0,0,20231128,1,1,2246276.00000000,4,0,1,0,0,0,0,904050.80000000,3016987.00000000,2149086.63000000,2113927.42000000,1,0,0,0,0,0,0,0,9212000.00000000,2419992.40000000,2419992.40000000,6792007.60000000,2419992.40000000,2975240.39000000,2419992.40000000,0.00000000,0.00000000,20260917,12054000.00000000,4125192.40000000,9212000.00000000,2419992.40000000,0,0,0,0,0,0,0,0,0,0,0,0,0,0,0,,0.00000000,,,0,0,0,0,0,0,,0,0,0,0,0,0,0,0,,,1,0,12,0,0.00000000,0.76422764,0.00000000,,45,0,0,1,正常,0,20260917
MOCK_TAG_0315,MOCK_CUST_0315,MOCK_ECIF_0315,上海沐辰食品启有限公司,91310115700003157E,20110527,存续,食品加工、预包装食品销售,1900000.00000000,CNY,1444000.00000000,CNY,私人控股,私营有限责任公司,小型,310000,310100,310115,上海市浦东新区金海路395号4幢116室,13,C,14,149,1499,1,0,0,1,0,0,0,0,0,0,0,0,0,黄和博,MOCK_PERSON_0315,杨和博,MOCK_PERSON_0314,MOCK_ORG_SH_PD_04,MOCK_ORG_SH_PD,MOCK_ORG_SH_PD_04,MOCK_ORG_SH_PD,0,1,0,1,0,0,,20240606,20240603,,,0,0.00000000,0,0,1,0,0,0,0,0,0,20240602,1,1,1766624.00000000,4,1,1,0,0,0,0,0.00000000,122.98000000,123.11000000,123.11000000,0,0,0,0,0,0,0,0,0.00000000,0.00000000,0.00000000,0.00000000,0.00000000,0.00000000,0.00000000,0.00000000,0.00000000,20260917,437000.00000000,297160.00000000,0.00000000,0.00000000,0,0,0,0,0,0,0,0,0,0,0,0,0,0,0,,0.00000000,,,0,0,0,0,0,0,,0,0,0,0,0,0,0,0,,,1,0,12,0,0.00000000,0.00000000,0.00000000,,13,0,1,0,正常,0,20260917
MOCK_TAG_0316,MOCK_CUST_0316,MOCK_ECIF_0316,杭州沐宁食品启有限公司,91330108700003165D,20200730,存续,食品加工、预包装食品销售,2200000.00000000,CNY,2068000.00000000,CNY,私人控股,私营有限责任公司,小型,330000,330100,330108,杭州市滨江区江陵路396号5幢117室,77,C,14,149,1499,1,0,0,1,0,0,0,0,0,0,0,0,0,徐和博,MOCK_PERSON_0316,朱清博,MOCK_PERSON_0285,MOCK_ORG_ZJ_HZ_05,MOCK_ORG_ZJ_HZ,MOCK_ORG_ZJ_HZ_05,MOCK_ORG_ZJ_HZ,0,1,0,1,0,0,,20240504,20240501,,,0,0.00000000,0,0,1,0,0,0,0,0,0,20240428,1,1,2326412.00000000,4,0,1,0,0,0,0,528000.18000000,654669.49000000,596806.02000000,596806.02000000,1,0,0,0,0,0,0,0,950400.00000000,142179.84000000,142179.84000000,808220.16000000,142179.84000000,268849.15000000,142179.84000000,0.00000000,0.00000000,20260917,1808400.00000000,777099.84000000,950400.00000000,142179.84000000,0,0,0,0,0,0,0,0,0,0,0,0,0,0,0,,0.00000000,,,0,0,0,0,0,0,,0,0,0,0,0,0,0,0,MOCK_GROUP_05,产业集团05,1,0,12,0,0.00000000,0.52554745,0.00000000,,77,0,1,0,正常,0,20260917
MOCK_TAG_0317,MOCK_CUST_0317,MOCK_ECIF_0317,杭州沐知供应链启有限公司,913301087000031738,20190611,存续,仓储服务、国内货物运输代理,400000.00000000,CNY,160000.00000000,CNY,私人控股,私营有限责任公司,小型,330000,330100,330108,杭州市滨江区江陵路397号6幢118室,59,G,58,582,5821,1,0,0,1,0,0,0,0,0,0,0,0,0,朱和博,MOCK_PERSON_0317,朱和博,MOCK_PERSON_0317,MOCK_ORG_ZJ_HZ_06,MOCK_ORG_ZJ_HZ,MOCK_ORG_ZJ_HZ_06,MOCK_ORG_ZJ_HZ,1,0,0,1,1,0,20251108,,20240609,20240611,,410,3806444.98000000,41,1,1,1,0,0,0,0,0,20240530,1,1,2022102.00000000,4,0,1,0,0,0,0,561000.06000000,217401.25000000,213546.10000000,204000.02000000,0,0,0,0,0,0,0,0,0.00000000,0.00000000,0.00000000,0.00000000,0.00000000,0.00000000,0.00000000,0.00000000,0.00000000,20260917,28000.00000000,16240.00000000,0.00000000,0.00000000,0,0,0,0,0,0,0,0,0,0,0,0,0,0,0,,0.00000000,,,0,0,0,0,0,0,,0,0,0,0,0,0,0,0,MOCK_GROUP_50,产业集团50,1,0,12,10,0.00000000,0.00000000,9284.01214634,20260820,59,0,1,1,正常,0,20260917
MOCK_TAG_0318,MOCK_CUST_0318,MOCK_ECIF_0318,上海沐禾精密制造启有限公司,91310115700003181Y,20181101,存续,工业零部件、自动化设备的研发与制造,5000000.00000000,CNY,3600000.00000000,CNY,私人控股,私营有限责任公司,小型,310000,310100,310115,上海市浦东新区金海路398号7幢119室,74,C,34,348,3484,1,0,0,1,0,0,0,0,0,0,0,0,0,胡和博,MOCK_PERSON_0318,林和博,MOCK_PERSON_0319,MOCK_ORG_SH_PD_07,MOCK_ORG_SH_PD,MOCK_ORG_SH_PD_07,MOCK_ORG_SH_PD,1,0,0,1,1,0,20251225,,20230702,20230704,,558,5090824.82000000,62,1,1,1,0,0,0,0,0,20230630,1,1,2478454.00000000,5,0,1,0,0,0,0,1174500.24000000,534928.95000000,510497.36000000,450000.09000000,0,0,0,0,0,0,0,0,0.00000000,0.00000000,0.00000000,0.00000000,0.00000000,0.00000000,0.00000000,0.00000000,0.00000000,20260917,1200000.00000000,396000.00000000,0.00000000,0.00000000,0,0,0,0,0,0,0,0,0,0,0,0,0,0,0,,0.00000000,,,0,0,0,0,0,0,,0,0,0,0,0,0,0,0,,,1,0,12,9,542810.00000000,0.00000000,9123.34197133,20260910,74,0,1,1,正常,0,20260917
MOCK_TAG_0319,MOCK_CUST_0319,MOCK_ECIF_0319,上海沐润信息科技启有限公司,9131011570000319XN,20181224,存续,软件开发、信息系统集成及技术咨询,2000000.00000000,CNY,1040000.00000000,CNY,私人控股,私营有限责任公司,小型,310000,310100,310115,上海市浦东新区金海路399号8幢120室,29,I,65,651,6513,1,1,0,1,0,0,0,0,0,0,0,0,0,林和博,MOCK_PERSON_0319,胡和博,MOCK_PERSON_0318,MOCK_ORG_SH_PD_08,MOCK_ORG_SH_PD,MOCK_ORG_SH_PD_08,MOCK_ORG_SH_PD,1,0,0,1,1,0,20251006,,20220805,20220807,,348,4618256.77000000,29,1,1,1,0,0,0,0,0,20220802,1,1,2778548.00000000,5,0,1,0,0,0,0,680000.37000000,1156429.85000000,823758.25000000,823758.25000000,1,0,0,0,0,0,0,0,3800000.00000000,1573200.00000000,1573200.00000000,2226800.00000000,1573200.00000000,1159865.23000000,1573200.00000000,0.00000000,0.00000000,20260917,4700000.00000000,2248200.00000000,3800000.00000000,1573200.00000000,0,0,0,0,0,0,0,0,1,0,0,1,0,0,0,,0.00000000,,,0,0,0,0,0,0,60–79,0,0,0,0,0,0,0,0,,,1,0,12,12,333500.42000000,0.80851064,13270.85278736,20260915,29,0,1,1,正常,0,20260917
MOCK_TAG_0320,MOCK_CUST_0320,MOCK_ECIF_0320,苏州沐森食品启有限公司,91320571700003202B,20161224,存续,食品加工、预包装食品销售,10200000.00000000,CNY,4080000.00000000,CNY,私人控股,私营有限责任公司,中型,320000,320500,320571,苏州市工业园区星湖街400号1幢101室,333,C,14,149,1499,1,0,0,1,0,0,0,0,0,0,0,0,0,何和博,MOCK_PERSON_0320,赵明颖,MOCK_PERSON_0321,MOCK_ORG_JS_SZ_01,MOCK_ORG_JS_SZ,MOCK_ORG_JS_SZ_01,MOCK_ORG_JS_SZ,1,1,0,1,1,0,20251001,20250305,20250302,20250304,,3333,23663547.34000000,303,1,1,1,0,0,0,0,0,20250220,1,1,2406338.00000000,4,0,1,0,0,1,0,405960.67000000,232246.54000000,224120.92000000,204000.34000000,0,0,0,0,0,0,0,0,0.00000000,0.00000000,0.00000000,0.00000000,0.00000000,0.00000000,0.00000000,0.00000000,0.00000000,20260917,4080000.00000000,2203200.00000000,0.00000000,0.00000000,0,0,0,0,0,0,0,0,0,0,0,0,0,0,0,,0.00000000,,,0,0,0,0,0,0,,0,0,0,0,0,0,0,0,,,1,0,12,11,0.00000000,0.00000000,7099.77417942,20260820,333,0,1,1,正常,0,20260917
MOCK_TAG_0321,MOCK_CUST_0321,MOCK_ECIF_0321,上海沐远供应链启有限公司,91310114700003210U,20091217,存续,仓储服务、国内货物运输代理,4900000.00000000,CNY,1568000.00000000,CNY,私人控股,私营有限责任公司,小型,310000,310100,310114,上海市嘉定区嘉罗公路401号2幢102室,69,G,58,582,5821,1,0,0,1,0,0,0,0,0,0,0,0,0,赵明颖,MOCK_PERSON_0321,何和博,MOCK_PERSON_0320,MOCK_ORG_SH_JD_02,MOCK_ORG_SH_JD,MOCK_ORG_SH_JD_02,MOCK_ORG_SH_JD,0,1,0,1,0,0,,20260607,20260604,,,0,0.00000000,0,0,1,0,0,1,0,0,0,20260527,1,1,603622.00000000,1,1,1,0,0,0,0,0.00000000,53.65000000,38.22000000,38.22000000,0,0,0,0,0,0,0,0,0.00000000,0.00000000,0.00000000,0.00000000,0.00000000,0.00000000,0.00000000,0.00000000,0.00000000,20260917,3822000.00000000,879060.00000000,0.00000000,0.00000000,0,0,0,0,0,0,0,0,0,0,0,0,0,0,0,,0.00000000,,,0,0,0,0,0,0,,0,0,0,0,0,0,0,0,,,0,0,4,0,0.00000000,0.00000000,0.00000000,,69,0,1,0,正常,0,20260917
MOCK_TAG_0322,MOCK_CUST_0322,MOCK_ECIF_0322,上海沐衡信息科技启有限公司,913101157000032297,20170828,存续,软件开发、信息系统集成及技术咨询,4500000.00000000,CNY,1755000.00000000,CNY,私人控股,私营有限责任公司,小型,310000,310100,310115,上海市浦东新区金海路402号3幢103室,87,I,65,651,6513,1,1,0,1,0,0,0,0,0,0,0,0,0,钱明颖,MOCK_PERSON_0322,孙明颖,MOCK_PERSON_0323,MOCK_ORG_SH_PD_03,MOCK_ORG_SH_PD,MOCK_ORG_SH_PD_03,MOCK_ORG_SH_PD,1,1,0,1,0,0,20260317,20240203,20240131,,,408,5278503.27000000,68,1,1,0,0,0,0,0,0,20240126,1,1,2104288.00000000,4,0,1,0,0,0,0,2385000.11000000,2460112.49000000,2315802.91000000,2315802.91000000,1,0,0,0,0,0,0,0,2457000.00000000,426535.20000000,426535.20000000,2030464.80000000,426535.20000000,501647.58000000,426535.20000000,0.00000000,0.00000000,20260917,5472000.00000000,2537035.20000000,2457000.00000000,426535.20000000,0,1,0,0,0,0,1,0,0,0,0,1,0,0,0,,0.00000000,,,0,0,0,0,0,0,60–79,0,0,0,0,0,0,0,0,,,1,0,12,6,867000.11000000,0.44901316,12937.50801471,20260905,87,0,1,0,正常,0,20260917
MOCK_TAG_0323,MOCK_CUST_0323,MOCK_ECIF_0323,上海沐昕医疗科技启有限公司,91310114700003237K,20120514,存续,医疗器械研发、技术咨询及销售,122700000.00000000,CNY,95706000.00000000,CNY,私人控股,私营有限责任公司,大型,310000,310100,310114,上海市嘉定区嘉罗公路403号4幢104室,1333,C,35,358,3589,1,1,0,1,0,0,0,0,0,0,0,0,0,孙明颖,MOCK_PERSON_0323,钱明颖,MOCK_PERSON_0322,MOCK_ORG_SH_JD_04,MOCK_ORG_SH_JD,MOCK_ORG_SH_JD_04,MOCK_ORG_SH_JD,1,0,0,1,1,0,20260131,,20250429,20250501,,7352,86836313.12000000,919,1,1,1,0,0,0,0,0,20250424,1,1,2019770.00000000,4,0,1,0,0,0,0,43828441.32000000,31173753.32000000,23747148.77000000,20318540.88000000,1,0,0,0,0,0,0,0,76564800.00000000,19355581.44000000,19355581.44000000,57209218.56000000,19355581.44000000,22403096.06000000,19355581.44000000,0.00000000,0.00000000,20260917,92515800.00000000,26693041.44000000,76564800.00000000,19355581.44000000,0,0,0,0,0,0,0,0,0,0,0,0,0,0,0,,0.00000000,,,0,0,0,0,0,0,0–19,0,0,0,0,0,0,0,0,,,1,0,12,8,9502460.17000000,0.82758621,11811.25042437,20260910,1333,0,1,1,正常,0,20260917
MOCK_TAG_0324,MOCK_CUST_0324,MOCK_ECIF_0324,上海沐途精密制造启有限公司,91310112700003245H,20150323,存续,工业零部件、自动化设备的研发与制造,1000000.00000000,CNY,460000.00000000,CNY,私人控股,私营有限责任公司,小型,310000,310100,310112,上海市闵行区联航路404号5幢105室,61,C,34,348,3484,1,0,0,1,0,0,0,0,0,0,0,0,0,李明颖,MOCK_PERSON_0324,李明颖,MOCK_PERSON_0324,MOCK_ORG_SH_MH_05,MOCK_ORG_SH_MH,MOCK_ORG_SH_MH_05,MOCK_ORG_SH_MH,0,1,0,1,0,1,,20260608,20260605,,20260609,0,0.00000000,0,0,1,0,0,0,0,0,0,20260530,1,1,607018.00000000,1,0,1,0,0,0,0,270000.25000000,115269.34000000,82109.67000000,82109.67000000,0,0,0,0,0,0,0,0,0.00000000,0.00000000,0.00000000,0.00000000,0.00000000,0.00000000,0.00000000,0.00000000,0.00000000,20260917,470000.00000000,352500.00000000,0.00000000,0.00000000,0,0,0,0,0,0,0,0,0,0,0,0,0,0,0,A,270000.00000000,CNY,嘉禾产业投资01,0,0,0,0,0,0,,0,0,0,0,0,0,0,0,,,0,0,4,0,0.00000000,0.00000000,0.00000000,,61,0,1,0,正常,0,20260917
MOCK_TAG_0325,MOCK_CUST_0325,MOCK_ECIF_0325,上海岚川精密制造启有限公司,91310112700003253C,20150503,存续,工业零部件、自动化设备的研发与制造,162300000.00000000,CNY,95757000.00000000,CNY,私人控股,私营有限责任公司,大型,310000,310100,310112,上海市闵行区联航路405号6幢106室,833,C,34,348,3484,1,0,0,1,0,0,0,0,0,0,0,0,0,周明颖,MOCK_PERSON_0325,周明颖,MOCK_PERSON_0325,MOCK_ORG_SH_MH_06,MOCK_ORG_SH_MH,MOCK_ORG_SH_MH_06,MOCK_ORG_SH_MH,1,1,0,1,0,1,20260204,20220727,20220724,,20220728,5664,48565265.82000000,708,1,1,0,0,0,0,0,0,20220720,1,1,2714064.00000000,4,0,1,0,0,0,0,249130500.52000000,107651717.53000000,100027935.83000000,81150000.17000000,0,0,0,0,0,0,0,0,0.00000000,0.00000000,0.00000000,0.00000000,0.00000000,0.00000000,0.00000000,0.00000000,0.00000000,20260917,56805000.00000000,14769300.00000000,0.00000000,0.00000000,0,0,0,0,0,0,0,0,0,0,0,0,0,0,0,B,120102000.00000000,CNY,嘉禾产业投资02,0,0,0,0,0,0,,0,0,0,0,0,0,0,0,,,1,0,12,8,5235660.81000000,0.00000000,8574.37602754,20260915,833,0,1,0,正常,0,20260917
MOCK_TAG_0326,MOCK_CUST_0326,MOCK_ECIF_0326,杭州岚原供应链启有限公司,91330108700003261N,20121211,存续,仓储服务、国内货物运输代理,1000000.00000000,CNY,480000.00000000,CNY,私人控股,私营有限责任公司,小型,330000,330100,330108,杭州市滨江区江陵路406号7幢107室,23,G,58,582,5821,1,0,0,1,0,0,0,0,0,0,0,0,0,吴明颖,MOCK_PERSON_0326,吴明颖,MOCK_PERSON_0326,MOCK_ORG_ZJ_HZ_07,MOCK_ORG_ZJ_HZ,MOCK_ORG_ZJ_HZ_07,MOCK_ORG_ZJ_HZ,1,0,0,1,0,0,20260214,,20241009,,,119,942482.72000000,17,1,1,0,0,0,0,0,0,20241006,1,1,2281106.00000000,4,0,1,0,0,0,0,400000.11000000,400000.11000000,400000.11000000,400000.11000000,0,0,0,0,0,0,0,0,0.00000000,0.00000000,0.00000000,0.00000000,0.00000000,0.00000000,0.00000000,0.00000000,0.00000000,20260917,700000.00000000,259000.00000000,0.00000000,0.00000000,0,0,0,0,0,0,0,0,0,0,0,0,0,0,0,C,740000.00000000,CNY,嘉禾产业投资03,0,0,0,0,0,0,,0,0,0,0,0,0,0,0,,,1,0,12,7,127840.23000000,0.00000000,7920.02285714,20260905,23,0,1,0,正常,0,20260917
MOCK_TAG_0327,MOCK_CUST_0327,MOCK_ECIF_0327,上海岚辰精密制造启有限公司,9131011470000327XU,20191124,存续,工业零部件、自动化设备的研发与制造,3100000.00000000,CNY,1178000.00000000,CNY,私人控股,私营有限责任公司,小型,310000,310100,310114,上海市嘉定区嘉罗公路407号8幢108室,89,C,34,348,3484,1,0,0,1,0,0,0,0,0,0,0,0,0,郑明颖,MOCK_PERSON_0327,吴文博,MOCK_PERSON_0070,MOCK_ORG_SH_JD_08,MOCK_ORG_SH_JD,MOCK_ORG_SH_JD_08,MOCK_ORG_SH_JD,0,0,0,1,1,1,,,20220803,20220805,20220807,0,0.00000000,0,0,1,1,0,0,0,0,0,20220724,1,1,2520790.00000000,4,0,1,0,0,0,0,4652480.06000000,2620298.40000000,2222898.09000000,1874746.85000000,1,0,0,0,1,0,0,0,1612000.00000000,690580.80000000,690580.80000000,921419.20000000,690580.80000000,1086128.40000000,690580.80000000,0.00000000,0.00000000,20260917,3224000.00000000,1061340.80000000,1612000.00000000,690580.80000000,0,0,0,0,0,0,0,0,0,0,0,0,0,0,0,,0.00000000,,,0,0,0,0,0,0,,0,0,0,0,0,0,0,0,MOCK_GROUP_04,产业集团04,1,0,12,0,0.00000000,0.50000000,0.00000000,,89,0,1,1,正常,0,20260917
MOCK_TAG_0328,MOCK_CUST_0328,MOCK_ECIF_0328,宁波岚宁食品启有限公司,91330212700003288C,20101106,存续,食品加工、预包装食品销售,1300000.00000000,CNY,1131000.00000000,CNY,私人控股,私营有限责任公司,小型,330000,330200,330212,宁波市鄞州区首南东路408号1幢109室,17,C,14,149,1499,1,0,0,1,0,0,0,0,0,0,0,0,0,王明颖,MOCK_PERSON_0328,林安博,MOCK_PERSON_0127,MOCK_ORG_ZJ_NB_01,MOCK_ORG_ZJ_NB,MOCK_ORG_ZJ_NB_01,MOCK_ORG_ZJ_NB,0,0,0,1,0,0,,,20240921,,,0,0.00000000,0,0,1,0,0,0,0,0,0,20240914,1,1,2625276.00000000,5,0,1,0,0,0,0,2192321.68000000,894784.69000000,869244.07000000,806000.62000000,0,0,0,0,0,0,0,0,0.00000000,0.00000000,0.00000000,0.00000000,0.00000000,0.00000000,0.00000000,0.00000000,0.00000000,20260917,156000.00000000,40560.00000000,0.00000000,0.00000000,0,0,0,0,0,0,0,0,0,0,0,0,0,0,0,,0.00000000,,,0,0,0,0,0,0,,0,0,0,0,0,0,0,0,MOCK_GROUP_13,产业集团13,1,0,12,0,0.00000000,0.00000000,0.00000000,,17,0,1,0,正常,0,20260917
MOCK_TAG_0329,MOCK_CUST_0329,MOCK_ECIF_0329,上海岚知食品启有限公司,91310112700003296R,20151018,存续,食品加工、预包装食品销售,4200000.00000000,CNY,3738000.00000000,CNY,私人控股,私营有限责任公司,小型,310000,310100,310112,上海市闵行区联航路409号2幢110室,34,C,14,149,1499,1,0,0,1,0,0,0,0,0,0,0,0,0,陈明颖,MOCK_PERSON_0329,陈明颖,MOCK_PERSON_0329,MOCK_ORG_SH_MH_02,MOCK_ORG_SH_MH,MOCK_ORG_SH_MH_02,MOCK_ORG_SH_MH,0,0,0,1,1,0,,,20230827,20230829,,0,0.00000000,0,0,1,1,0,0,0,0,0,20230826,1,1,2128958.00000000,4,0,1,0,0,0,0,798000.73000000,2156419.33000000,1808292.20000000,1808292.20000000,1,0,0,0,0,0,0,0,2948400.00000000,0.00000000,0.00000000,2948400.00000000,0.00000000,1358418.60000000,0.00000000,0.00000000,0.00000000,20260917,4376400.00000000,214200.00000000,2948400.00000000,0.00000000,0,0,0,0,0,0,0,0,0,0,0,0,0,0,0,A,1260000.00000000,CNY,嘉禾产业投资06,0,0,0,0,0,0,,0,0,0,0,0,0,0,0,,,1,0,12,0,0.00000000,0.67370441,0.00000000,,34,0,1,1,正常,0,20260917
MOCK_TAG_0330,MOCK_CUST_0330,MOCK_ECIF_0330,上海岚禾食品启有限公司,91310112700003309F,20080128,存续,食品加工、预包装食品销售,500000.00000000,CNY,220000.00000000,CNY,私人控股,私营有限责任公司,小型,310000,310100,310112,上海市闵行区联航路410号3幢111室,40,C,14,149,1499,1,0,0,1,0,0,0,0,0,0,0,0,0,杨明颖,MOCK_PERSON_0330,杨明颖,MOCK_PERSON_0330,MOCK_ORG_SH_MH_03,MOCK_ORG_SH_MH,MOCK_ORG_SH_MH_03,MOCK_ORG_SH_MH,0,1,0,0,1,0,,20220816,,20220815,,0,0.00000000,0,0,0,1,0,0,0,0,0,20220806,1,1,1524326.00000000,4,0,1,0,0,0,0,595200.58000000,328160.68000000,307857.89000000,296918.70000000,1,0,0,0,0,0,0,0,210000.00000000,52416.00000000,52416.00000000,157584.00000000,52416.00000000,55219.45000000,52416.00000000,0.00000000,0.00000000,20260917,335000.00000000,93666.00000000,210000.00000000,52416.00000000,0,0,0,0,0,0,0,0,0,0,0,0,0,0,0,,0.00000000,,,0,0,0,0,0,0,,0,0,0,0,0,0,0,0,,,1,0,12,0,0.00000000,0.62686567,0.00000000,,40,0,0,1,正常,0,20260917
MOCK_TAG_0331,MOCK_CUST_0331,MOCK_ECIF_0331,杭州岚润商贸启有限公司,91330108700003317R,20170804,存续,日用百货、五金及电子产品批发,3600000.00000000,CNY,1800000.00000000,CNY,私人控股,私营有限责任公司,小型,330000,330100,330108,杭州市滨江区江陵路411号4幢112室,86,F,51,513,5135,1,0,0,1,0,0,0,0,0,0,0,0,0,黄明颖,MOCK_PERSON_0331,黄明颖,MOCK_PERSON_0331,MOCK_ORG_ZJ_HZ_04,MOCK_ORG_ZJ_HZ,MOCK_ORG_ZJ_HZ_04,MOCK_ORG_ZJ_HZ,0,1,0,0,1,0,,20241127,,20241126,,0,0.00000000,0,0,0,1,0,1,0,0,0,20241121,1,1,2107272.00000000,4,0,1,0,0,0,0,1656000.71000000,1751484.48000000,1534671.71000000,1534671.71000000,1,0,0,0,0,0,0,0,1530000.00000000,755973.00000000,755973.00000000,774027.00000000,755973.00000000,851456.77000000,755973.00000000,0.00000000,0.00000000,20260917,3510000.00000000,1547973.00000000,1530000.00000000,755973.00000000,0,0,0,0,0,0,0,0,0,0,0,0,0,0,0,,0.00000000,,,0,0,0,0,0,0,,0,0,0,0,0,0,0,0,,,1,0,12,0,0.00000000,0.43589744,0.00000000,,86,0,0,1,正常,0,20260917
MOCK_TAG_0332,MOCK_CUST_0332,MOCK_ECIF_0332,上海岚森医疗科技启有限公司,91310115700003325G,20200125,存续,医疗器械研发、技术咨询及销售,2900000.00000000,CNY,2494000.00000000,CNY,私人控股,私营有限责任公司,小型,310000,310100,310115,上海市浦东新区金海路412号5幢113室,31,C,35,358,3589,1,1,0,1,0,0,0,0,0,0,0,0,0,徐明颖,MOCK_PERSON_0332,徐明颖,MOCK_PERSON_0332,MOCK_ORG_SH_PD_05,MOCK_ORG_SH_PD,MOCK_ORG_SH_PD_05,MOCK_ORG_SH_PD,0,1,0,1,1,0,,20230128,20230125,20230127,,0,0.00000000,0,0,1,1,0,0,0,0,0,20230118,1,1,2598376.00000000,4,0,1,0,0,0,0,667000.33000000,1229160.97000000,896942.50000000,896942.50000000,1,0,0,0,0,0,0,0,2644800.00000000,811424.64000000,811424.64000000,1833375.36000000,811424.64000000,1229716.45000000,811424.64000000,0.00000000,0.00000000,20260917,4906800.00000000,1512644.64000000,2644800.00000000,811424.64000000,0,0,0,0,0,0,0,0,1,0,0,1,0,0,0,,0.00000000,,,0,0,0,0,0,0,20–39,0,0,0,0,0,0,0,0,,,1,0,12,0,0.00000000,0.53900709,0.00000000,,31,0,1,1,正常,0,20260917
MOCK_TAG_0333,MOCK_CUST_0333,MOCK_ECIF_0333,苏州岚远商贸启有限公司,913205717000033337,20110329,存续,日用百货、五金及电子产品批发,3500000.00000000,CNY,1540000.00000000,CNY,私人控股,私营有限责任公司,小型,320000,320500,320571,苏州市工业园区星湖街413号6幢114室,42,F,51,513,5135,1,0,0,1,0,0,0,0,0,0,0,0,0,朱明颖,MOCK_PERSON_0333,朱明颖,MOCK_PERSON_0333,MOCK_ORG_JS_SZ_06,MOCK_ORG_JS_SZ,MOCK_ORG_JS_SZ_06,MOCK_ORG_JS_SZ,1,1,0,1,1,1,20251108,20221015,20221012,20221014,20221016,341,2658643.17000000,31,1,1,1,0,0,0,0,0,20221004,1,1,1696128.00000000,3,0,1,0,0,0,0,140000.78000000,4417054.71000000,3146395.14000000,3146395.14000000,1,0,0,0,0,0,0,0,6580000.00000000,3850616.00000000,3850616.00000000,2729384.00000000,3850616.00000000,4431326.31000000,3850616.00000000,0.00000000,0.00000000,20260917,8750000.00000000,4935616.00000000,6580000.00000000,3850616.00000000,0,0,0,0,0,0,0,0,0,0,0,0,0,0,0,,0.00000000,,,0,0,0,0,0,0,,0,0,0,0,0,0,0,0,,,1,0,12,11,232500.27000000,0.75200000,7796.60753666,20260915,42,0,1,1,正常,0,20260917
MOCK_TAG_0334,MOCK_CUST_0334,MOCK_ECIF_0334,杭州岚衡信息科技启有限公司,91330108700003341A,20060127,存续,软件开发、信息系统集成及技术咨询,800000.00000000,CNY,744000.00000000,CNY,私人控股,私营有限责任公司,小型,330000,330100,330108,杭州市滨江区江陵路414号7幢115室,68,I,65,651,6513,1,1,0,1,0,0,0,0,0,0,0,0,0,胡明颖,MOCK_PERSON_0334,胡明颖,MOCK_PERSON_0334,MOCK_ORG_ZJ_HZ_07,MOCK_ORG_ZJ_HZ,MOCK_ORG_ZJ_HZ_07,MOCK_ORG_ZJ_HZ,0,1,0,1,0,0,,20231029,20231026,,,0,0.00000000,0,0,1,0,0,0,0,0,0,20231020,1,1,2240984.00000000,4,0,1,0,0,0,0,1248000.30000000,602720.15000000,578923.98000000,520000.13000000,0,0,0,0,0,0,0,0,0.00000000,0.00000000,0.00000000,0.00000000,0.00000000,0.00000000,0.00000000,0.00000000,0.00000000,20260917,184000.00000000,20240.00000000,0.00000000,0.00000000,0,0,0,0,0,0,0,0,1,0,0,1,0,0,0,,0.00000000,,,0,0,0,0,0,0,0–19,0,0,0,0,0,0,0,0,,,1,0,12,0,0.00000000,0.00000000,0.00000000,,68,0,1,0,正常,0,20260917
MOCK_TAG_0335,MOCK_CUST_0335,MOCK_ECIF_0335,宁波岚昕商贸启有限公司,9133021270000335X0,20160920,存续,日用百货、五金及电子产品批发,50000000.00000000,CNY,45000000.00000000,CNY,私人控股,私营有限责任公司,大型,330000,330200,330212,宁波市鄞州区首南东路415号8幢116室,745,F,51,513,5135,1,0,0,1,0,0,0,0,0,0,0,0,0,林明颖,MOCK_PERSON_0335,林明颖,MOCK_PERSON_0335,MOCK_ORG_ZJ_NB_08,MOCK_ORG_ZJ_NB,MOCK_ORG_ZJ_NB_08,MOCK_ORG_ZJ_NB,1,1,0,1,0,0,20260525,20220814,20220811,,,2232,18246601.33000000,558,1,1,0,0,0,0,0,0,20220806,1,1,2018588.00000000,4,0,1,0,0,0,0,4500000.32000000,25231398.85000000,18982695.07000000,18982695.07000000,1,0,0,0,0,0,0,0,41500000.00000000,12898200.00000000,12898200.00000000,28601800.00000000,12898200.00000000,25263699.62000000,12898200.00000000,0.00000000,0.00000000,20260917,81500000.00000000,26098200.00000000,41500000.00000000,12898200.00000000,0,0,0,0,0,0,0,0,0,0,0,0,0,0,0,,0.00000000,,,0,0,0,0,0,0,,0,0,0,0,0,0,0,0,,,1,0,12,4,4603500.37000000,0.50920245,8175.00059588,20260910,745,0,1,0,正常,0,20260917
MOCK_TAG_0336,MOCK_CUST_0336,MOCK_ECIF_0336,苏州岚途精密制造启有限公司,91320571700003368R,20180401,存续,工业零部件、自动化设备的研发与制造,47900000.00000000,CNY,35925000.00000000,CNY,私人控股,私营有限责任公司,中型,320000,320500,320571,苏州市工业园区星湖街416号1幢117室,366,C,34,348,3484,1,0,0,1,0,0,0,0,0,0,0,0,0,何明颖,MOCK_PERSON_0336,何明颖,MOCK_PERSON_0336,MOCK_ORG_JS_SZ_01,MOCK_ORG_JS_SZ,MOCK_ORG_JS_SZ_01,MOCK_ORG_JS_SZ,1,1,0,1,0,1,20260320,20220925,20220922,,20220926,1620,13655252.68000000,270,1,1,0,0,0,0,0,0,20220919,1,1,2182248.00000000,4,0,1,0,0,1,0,22034000.85000000,20963518.56000000,15252909.53000000,15252909.53000000,1,0,0,0,1,0,0,0,45600800.00000000,20921647.04000000,20921647.04000000,24679152.96000000,20921647.04000000,19851164.75000000,20921647.04000000,0.00000000,0.00000000,20260917,47516800.00000000,22186207.04000000,45600800.00000000,20921647.04000000,0,1,0,0,0,0,1,0,0,0,0,0,0,0,0,,0.00000000,,,0,0,0,0,0,0,,0,0,0,0,0,0,0,0,,,1,0,12,6,2731050.43000000,0.95967742,8429.16832099,20260905,366,0,1,0,正常,0,20260917
MOCK_TAG_0337,MOCK_CUST_0337,MOCK_ECIF_0337,上海岳川信息科技启有限公司,91310115700003376Q,20200412,存续,软件开发、信息系统集成及技术咨询,17900000.00000000,CNY,14678000.00000000,CNY,私人控股,私营有限责任公司,中型,310000,310100,310115,上海市浦东新区金海路417号2幢118室,165,I,65,651,6513,1,1,0,1,0,0,0,0,0,0,0,0,0,赵远颖,MOCK_PERSON_0337,赵远颖,MOCK_PERSON_0337,MOCK_ORG_SH_PD_02,MOCK_ORG_SH_PD,MOCK_ORG_SH_PD_02,MOCK_ORG_SH_PD,1,1,0,1,0,0,20260210,20240523,20240520,,,784,9492003.90000000,112,1,1,0,0,0,0,0,0,20240512,1,1,2791248.00000000,5,0,1,0,0,1,0,8167770.69000000,5307563.87000000,5171045.62000000,4833000.41000000,0,0,0,0,0,0,0,0,0.00000000,0.00000000,0.00000000,0.00000000,0.00000000,0.00000000,0.00000000,0.00000000,0.00000000,20260917,13425000.00000000,4027500.00000000,0.00000000,0.00000000,0,0,0,0,0,0,0,0,0,0,0,1,0,0,0,C,12351000.00000000,CNY,嘉禾产业投资02,0,0,0,0,0,0,60–79,0,0,0,0,0,0,0,0,,,1,0,12,7,0.00000000,0.00000000,12107.14783163,20260820,165,0,1,0,正常,0,20260917
MOCK_TAG_0338,MOCK_CUST_0338,MOCK_ECIF_0338,上海岳原供应链启有限公司,913101147000033845,20190810,存续,仓储服务、国内货物运输代理,1800000.00000000,CNY,1530000.00000000,CNY,私人控股,私营有限责任公司,小型,310000,310100,310114,上海市嘉定区嘉罗公路418号3幢119室,44,G,58,582,5821,1,0,0,1,0,0,0,0,0,0,0,0,0,钱远颖,MOCK_PERSON_0338,钱远颖,MOCK_PERSON_0338,MOCK_ORG_SH_JD_03,MOCK_ORG_SH_JD,MOCK_ORG_SH_JD_03,MOCK_ORG_SH_JD,1,0,0,1,0,0,20260623,,20240330,,,102,805122.34000000,34,1,1,0,0,0,0,0,0,20240327,1,1,1768848.00000000,4,0,1,0,0,0,0,761040.41000000,532670.13000000,524422.64000000,504000.27000000,0,0,0,0,0,0,0,0,0.00000000,0.00000000,0.00000000,0.00000000,0.00000000,0.00000000,0.00000000,0.00000000,0.00000000,20260917,702000.00000000,498420.00000000,0.00000000,0.00000000,0,0,0,0,0,0,0,0,0,0,0,0,0,0,0,,0.00000000,,,0,0,0,0,0,0,,0,0,0,0,0,0,0,0,,,1,0,12,3,310080.67000000,0.00000000,7893.35627451,20260905,44,0,1,0,正常,0,20260917
MOCK_TAG_0339,MOCK_CUST_0339,MOCK_ECIF_0339,杭州岳辰商贸启有限公司,91330108700003392J,20190508,存续,日用百货、五金及电子产品批发,1500000.00000000,CNY,615000.00000000,CNY,私人控股,私营有限责任公司,小型,330000,330100,330108,杭州市滨江区江陵路419号4幢120室,63,F,51,513,5135,1,0,0,1,0,0,0,0,0,0,0,0,0,孙远颖,MOCK_PERSON_0339,朱宇博,MOCK_PERSON_0173,MOCK_ORG_ZJ_HZ_04,MOCK_ORG_ZJ_HZ,MOCK_ORG_ZJ_HZ_04,MOCK_ORG_ZJ_HZ,1,1,0,1,0,0,20260528,20221124,20221121,,,168,1414352.74000000,42,1,1,0,0,0,0,0,0,20221120,1,1,2059846.00000000,4,0,1,0,0,0,0,91801.10000000,51632.93000000,49724.98000000,45000.54000000,0,0,0,0,0,0,0,0,0.00000000,0.00000000,0.00000000,0.00000000,0.00000000,0.00000000,0.00000000,0.00000000,0.00000000,20260917,810000.00000000,388800.00000000,0.00000000,0.00000000,0,0,0,0,0,0,0,0,0,0,0,0,0,0,0,,0.00000000,,,0,0,0,0,0,0,,0,0,0,0,0,0,0,0,MOCK_GROUP_42,产业集团42,1,0,12,4,362250.31000000,0.00000000,8418.76630952,20260905,63,0,1,0,正常,0,20260917
MOCK_TAG_0340,MOCK_CUST_0340,MOCK_ECIF_0340,苏州岳宁商贸启有限公司,913205717000034050,20161103,存续,日用百货、五金及电子产品批发,3000000.00000000,CNY,2130000.00000000,CNY,私人控股,私营有限责任公司,小型,320000,320500,320571,苏州市工业园区星湖街420号5幢101室,40,F,51,513,5135,1,0,0,1,0,0,0,0,0,0,0,0,0,王明颖,MOCK_PERSON_0328,林安博,MOCK_PERSON_0127,MOCK_ORG_JS_SZ_05,MOCK_ORG_JS_SZ,MOCK_ORG_JS_SZ_05,MOCK_ORG_JS_SZ,1,0,0,1,0,1,20260508,,20240402,,20240406,200,1542002.40000000,40,1,1,0,0,0,0,0,0,20240326,1,1,2274416.00000000,4,0,1,0,0,0,0,1650000.99000000,2840216.37000000,2497825.65000000,2497825.65000000,1,0,0,0,0,0,0,0,4320000.00000000,0.00000000,0.00000000,4320000.00000000,0.00000000,1190215.38000000,0.00000000,0.00000000,0.00000000,20260917,4620000.00000000,66000.00000000,4320000.00000000,0.00000000,0,0,0,0,0,0,0,0,0,0,0,0,0,0,0,A,1500000.00000000,CNY,嘉禾产业投资05,0,0,0,0,0,0,,0,0,0,0,0,0,0,0,MOCK_GROUP_13,产业集团13,1,0,12,5,312000.55000000,0.93506494,7710.01200000,20260915,40,0,1,0,正常,0,20260917
MOCK_TAG_0341,MOCK_CUST_0341,MOCK_ECIF_0341,上海岳知供应链启有限公司,91310112700003413K,20100211,存续,仓储服务、国内货物运输代理,2200000.00000000,CNY,2002000.00000000,CNY,私人控股,私营有限责任公司,小型,310000,310100,310112,上海市闵行区联航路421号6幢102室,42,G,58,582,5821,1,0,0,1,0,0,0,0,0,0,0,0,0,周远颖,MOCK_PERSON_0341,周远颖,MOCK_PERSON_0341,MOCK_ORG_SH_MH_06,MOCK_ORG_SH_MH,MOCK_ORG_SH_MH_06,MOCK_ORG_SH_MH,0,0,0,1,1,0,,,20260721,20260723,,0,0.00000000,0,0,1,1,0,1,0,0,0,20260716,1,1,486438.00000000,1,0,1,0,0,0,0,264000.69000000,64984.79000000,46290.53000000,46290.53000000,0,0,0,0,0,0,0,0,0.00000000,0.00000000,0.00000000,0.00000000,0.00000000,0.00000000,0.00000000,0.00000000,0.00000000,20260917,44000.00000000,15840.00000000,0.00000000,0.00000000,0,0,0,0,0,0,0,0,0,0,0,0,0,0,0,,0.00000000,,,0,0,0,0,0,0,,0,0,0,0,0,0,0,0,,,0,0,2,0,0.00000000,0.00000000,0.00000000,,42,0,1,1,正常,0,20260917
MOCK_TAG_0342,MOCK_CUST_0342,MOCK_ECIF_0342,苏州岳禾商贸启有限公司,91320571700003421M,20230208,存续,日用百货、五金及电子产品批发,2200000.00000000,CNY,990000.00000000,CNY,私人控股,私营有限责任公司,小型,320000,320500,320571,苏州市工业园区星湖街422号7幢103室,41,F,51,513,5135,1,0,0,1,0,0,0,0,0,0,0,0,0,吴远颖,MOCK_PERSON_0342,吴远颖,MOCK_PERSON_0342,MOCK_ORG_JS_SZ_07,MOCK_ORG_JS_SZ,MOCK_ORG_JS_SZ_07,MOCK_ORG_JS_SZ,0,1,0,0,1,1,,20260822,,20260821,20260823,0,0.00000000,0,0,0,1,0,0,0,0,0,20260809,1,1,215590.00000000,1,0,1,0,0,0,0,990000.47000000,152307.76000000,108493.20000000,108493.20000000,0,0,0,0,0,0,0,0,0.00000000,0.00000000,0.00000000,0.00000000,0.00000000,0.00000000,0.00000000,0.00000000,0.00000000,20260917,1166000.00000000,268180.00000000,0.00000000,0.00000000,0,0,0,0,0,0,0,0,0,0,0,0,0,0,0,,0.00000000,,,0,0,0,0,0,0,,0,0,0,0,0,0,0,0,,,0,0,2,0,0.00000000,0.00000000,0.00000000,,41,0,0,1,正常,0,20260917
MOCK_TAG_0343,MOCK_CUST_0343,MOCK_ECIF_0343,苏州岳润信息科技启有限公司,9132057170000343XD,20110612,存续,软件开发、信息系统集成及技术咨询,800000.00000000,CNY,576000.00000000,CNY,私人控股,私营有限责任公司,小型,320000,320500,320571,苏州市工业园区星湖街423号8幢104室,39,I,65,651,6513,1,1,0,1,0,0,0,0,0,0,0,0,0,郑远颖,MOCK_PERSON_0343,郑远颖,MOCK_PERSON_0343,MOCK_ORG_JS_SZ_08,MOCK_ORG_JS_SZ,MOCK_ORG_JS_SZ_08,MOCK_ORG_JS_SZ,0,0,0,1,0,0,,,20240721,,,0,0.00000000,0,0,1,0,0,0,0,0,0,20240712,1,1,2111950.00000000,4,0,1,0,0,0,0,258401.58000000,151614.77000000,147123.09000000,136000.83000000,0,0,0,0,0,0,0,0,0.00000000,0.00000000,0.00000000,0.00000000,0.00000000,0.00000000,0.00000000,0.00000000,0.00000000,20260917,392000.00000000,199920.00000000,0.00000000,0.00000000,0,0,0,0,0,0,0,0,1,0,0,1,0,0,0,,0.00000000,,,0,0,0,0,0,0,40–59,0,0,0,0,0,0,0,0,,,1,0,12,0,0.00000000,0.00000000,0.00000000,,39,0,1,0,正常,0,20260917
MOCK_TAG_0344,MOCK_CUST_0344,MOCK_ECIF_0344,杭州岳森商贸启有限公司,91330108700003448M,20111101,存续,日用百货、五金及电子产品批发,3100000.00000000,CNY,1302000.00000000,CNY,私人控股,私营有限责任公司,小型,330000,330100,330108,杭州市滨江区江陵路424号1幢105室,37,F,51,513,5135,1,0,0,1,0,0,0,0,0,0,0,0,0,王远颖,MOCK_PERSON_0344,王远颖,MOCK_PERSON_0344,MOCK_ORG_ZJ_HZ_01,MOCK_ORG_ZJ_HZ,MOCK_ORG_ZJ_HZ_01,MOCK_ORG_ZJ_HZ,1,1,0,0,0,0,20260526,20250403,,,,116,898276.95000000,29,1,0,0,0,0,0,0,0,20250323,1,1,2592912.00000000,4,0,1,0,0,0,0,1178000.75000000,1178000.75000000,1178000.75000000,1178000.75000000,0,0,0,0,0,0,0,0,0.00000000,0.00000000,0.00000000,0.00000000,0.00000000,0.00000000,0.00000000,0.00000000,0.00000000,20260917,1519000.00000000,288610.00000000,0.00000000,0.00000000,0,0,0,0,0,0,0,0,0,0,0,0,0,0,0,,0.00000000,,,0,0,0,0,0,0,,0,0,0,0,0,0,0,0,,,1,0,12,4,243600.07000000,0.00000000,7743.76681034,20260910,37,0,0,0,正常,0,20260917
MOCK_TAG_0345,MOCK_CUST_0345,MOCK_ECIF_0345,上海岳远医疗科技启有限公司,91310115700003456C,20190402,存续,医疗器械研发、技术咨询及销售,22400000.00000000,CNY,21504000.00000000,CNY,私人控股,私营有限责任公司,中型,310000,310100,310115,上海市浦东新区金海路425号2幢106室,110,C,35,358,3589,1,1,0,1,0,0,0,0,0,0,0,0,0,陈远颖,MOCK_PERSON_0345,陈远颖,MOCK_PERSON_0345,MOCK_ORG_SH_PD_02,MOCK_ORG_SH_PD,MOCK_ORG_SH_PD_02,MOCK_ORG_SH_PD,1,1,0,1,1,0,20251115,20220602,20220530,20220601,,910,10910904.84000000,91,1,1,1,0,0,0,0,0,20220528,1,1,2256556.00000000,4,0,1,0,0,1,0,9959041.66000000,6682817.11000000,6435760.41000000,5824000.97000000,0,0,0,0,0,0,0,0,0.00000000,0.00000000,0.00000000,0.00000000,0.00000000,0.00000000,0.00000000,0.00000000,0.00000000,20260917,12096000.00000000,6048000.00000000,0.00000000,0.00000000,0,0,0,0,0,0,0,0,1,0,0,1,0,0,0,,0.00000000,,,0,0,0,0,0,0,40–59,0,0,0,0,0,0,0,0,,,1,0,12,10,0.00000000,0.00000000,11990.00531868,20260825,110,0,1,1,正常,0,20260917
MOCK_TAG_0346,MOCK_CUST_0346,MOCK_ECIF_0346,上海岳衡医疗科技启有限公司,91310114700003464Q,20070111,存续,医疗器械研发、技术咨询及销售,1800000.00000000,CNY,738000.00000000,CNY,私人控股,私营有限责任公司,小型,310000,310100,310114,上海市嘉定区嘉罗公路426号3幢107室,75,C,35,358,3589,1,1,0,1,0,0,0,0,0,0,0,0,0,杨远颖,MOCK_PERSON_0346,杨远颖,MOCK_PERSON_0346,MOCK_ORG_SH_JD_03,MOCK_ORG_SH_JD,MOCK_ORG_SH_JD_03,MOCK_ORG_SH_JD,0,1,0,1,0,0,,20220702,20220629,,,0,0.00000000,0,0,1,0,0,0,0,0,0,20220621,1,1,2753378.00000000,5,0,1,0,0,0,0,90000.36000000,393455.76000000,280269.86000000,280269.86000000,1,0,0,0,0,0,0,0,1474200.00000000,537345.90000000,537345.90000000,936854.10000000,537345.90000000,395176.32000000,537345.90000000,0.00000000,0.00000000,20260917,2140200.00000000,717165.90000000,1474200.00000000,537345.90000000,0,0,0,0,0,0,0,0,1,0,0,1,0,0,0,,0.00000000,,,0,0,0,0,0,0,20–39,0,0,0,0,0,0,0,0,,,1,0,12,0,0.00000000,0.68881413,0.00000000,,75,0,1,0,正常,0,20260917
MOCK_TAG_0347,MOCK_CUST_0347,MOCK_ECIF_0347,宁波岳昕信息科技启有限公司,913302127000034724,20080421,存续,软件开发、信息系统集成及技术咨询,2600000.00000000,CNY,806000.00000000,CNY,私人控股,私营有限责任公司,小型,330000,330200,330212,宁波市鄞州区首南东路427号4幢108室,43,I,65,651,6513,1,1,0,1,0,0,0,0,0,0,0,0,0,黄远颖,MOCK_PERSON_0347,黄远颖,MOCK_PERSON_0347,MOCK_ORG_ZJ_NB_04,MOCK_ORG_ZJ_NB,MOCK_ORG_ZJ_NB_04,MOCK_ORG_ZJ_NB,0,0,0,1,0,0,,,20240717,,,0,0.00000000,0,0,1,0,0,0,0,0,0,20240716,1,1,2442374.00000000,4,0,1,0,0,0,0,2034761.60000000,1196174.94000000,1173686.51000000,1118000.88000000,0,0,0,0,0,0,0,0,0.00000000,0.00000000,0.00000000,0.00000000,0.00000000,0.00000000,0.00000000,0.00000000,0.00000000,20260917,1534000.00000000,951080.00000000,0.00000000,0.00000000,0,0,0,0,0,0,0,0,0,0,0,1,0,0,0,,0.00000000,,,0,0,0,0,0,0,40–59,0,0,0,0,0,0,0,0,,,1,0,12,0,0.00000000,0.00000000,0.00000000,,43,0,1,0,正常,0,20260917
MOCK_TAG_0348,MOCK_CUST_0348,MOCK_ECIF_0348,宁波岳途供应链启有限公司,91330212700003480Y,20140610,存续,仓储服务、国内货物运输代理,2000000.00000000,CNY,1000000.00000000,CNY,私人控股,私营有限责任公司,小型,330000,330200,330212,宁波市鄞州区首南东路428号5幢109室,66,G,58,582,5821,1,0,0,1,0,0,0,0,0,0,0,0,0,徐远颖,MOCK_PERSON_0348,徐远颖,MOCK_PERSON_0348,MOCK_ORG_ZJ_NB_05,MOCK_ORG_ZJ_NB,MOCK_ORG_ZJ_NB_05,MOCK_ORG_ZJ_NB,1,0,0,1,0,0,20260108,,20250611,,,432,3886083.62000000,48,1,1,0,0,0,0,0,0,20250606,1,1,1821482.00000000,3,0,1,0,0,0,0,918000.43000000,407561.73000000,376619.35000000,300000.14000000,0,0,0,0,0,0,0,0,0.00000000,0.00000000,0.00000000,0.00000000,0.00000000,0.00000000,0.00000000,0.00000000,0.00000000,20260917,1120000.00000000,492800.00000000,0.00000000,0.00000000,0,0,0,0,0,0,0,0,0,0,0,0,0,0,0,,0.00000000,,,0,0,0,0,0,0,,0,0,0,0,0,0,0,0,,,1,0,12,9,399360.20000000,0.00000000,8995.56393519,20260915,66,0,1,0,正常,0,20260917
MOCK_TAG_0349,MOCK_CUST_0349,MOCK_ECIF_0349,上海朔川商贸启有限公司,91310114700003499B,20160807,存续,日用百货、五金及电子产品批发,3900000.00000000,CNY,3315000.00000000,CNY,私人控股,私营有限责任公司,小型,310000,310100,310114,上海市嘉定区嘉罗公路429号6幢110室,80,F,51,513,5135,1,0,0,1,0,0,0,0,0,0,0,0,0,朱远颖,MOCK_PERSON_0349,朱远颖,MOCK_PERSON_0349,MOCK_ORG_SH_JD_06,MOCK_ORG_SH_JD,MOCK_ORG_SH_JD_06,MOCK_ORG_SH_JD,0,0,0,1,1,1,,,20240311,20240313,20240315,0,0.00000000,0,0,1,1,0,0,0,0,0,20240310,1,1,2637932.00000000,5,0,1,0,0,0,0,3611790.57000000,2548864.38000000,1815629.42000000,1680131.65000000,1,0,0,0,0,0,0,0,4153500.00000000,2317653.00000000,2317653.00000000,1835847.00000000,2317653.00000000,2360210.40000000,2317653.00000000,0.00000000,0.00000000,20260917,6883500.00000000,3928353.00000000,4153500.00000000,2317653.00000000,0,0,0,0,0,0,0,0,0,0,0,0,0,0,0,,0.00000000,,,0,0,0,0,0,0,,0,0,0,0,0,0,0,0,,,1,0,12,0,0.00000000,0.60339943,0.00000000,,80,0,1,1,正常,0,20260917
MOCK_TAG_0350,MOCK_CUST_0350,MOCK_ECIF_0350,杭州朔原精密制造启有限公司,91330108700003501H,20101104,存续,工业零部件、自动化设备的研发与制造,41900000.00000000,CNY,16341000.00000000,CNY,私人控股,私营有限责任公司,中型,330000,330100,330108,杭州市滨江区江陵路430号7幢111室,165,C,34,348,3484,1,0,0,1,0,0,0,0,0,0,0,0,0,胡远颖,MOCK_PERSON_0350,胡远颖,MOCK_PERSON_0350,MOCK_ORG_ZJ_HZ_07,MOCK_ORG_ZJ_HZ,MOCK_ORG_ZJ_HZ_07,MOCK_ORG_ZJ_HZ,0,0,0,1,0,1,,,20230313,,20230317,0,0.00000000,0,0,1,0,0,0,0,0,0,20230307,1,1,2462578.00000000,4,0,1,0,0,1,0,12570000.78000000,12570000.78000000,12570000.78000000,12570000.78000000,0,0,0,0,0,0,0,0,0.00000000,0.00000000,0.00000000,0.00000000,0.00000000,0.00000000,0.00000000,0.00000000,0.00000000,20260917,5028000.00000000,955320.00000000,0.00000000,0.00000000,0,0,0,0,0,0,0,0,0,0,0,0,0,0,0,,0.00000000,,,0,0,0,0,0,0,,0,0,0,0,0,0,0,0,,,1,0,12,0,0.00000000,0.00000000,0.00000000,,165,0,1,0,正常,0,20260917
MOCK_TAG_0351,MOCK_CUST_0351,MOCK_ECIF_0351,上海朔辰信息科技启有限公司,9131011570000351X5,20190511,存续,软件开发、信息系统集成及技术咨询,2300000.00000000,CNY,1656000.00000000,CNY,私人控股,私营有限责任公司,小型,310000,310100,310115,上海市浦东新区金海路431号8幢112室,23,I,65,651,6513,1,1,0,1,0,0,0,0,0,0,0,0,0,林远颖,MOCK_PERSON_0351,黄瑞博,MOCK_PERSON_0107,MOCK_ORG_SH_PD_08,MOCK_ORG_SH_PD,MOCK_ORG_SH_PD_08,MOCK_ORG_SH_PD,1,0,0,1,1,0,20260206,,20240913,20240915,,168,2207629.02000000,21,1,1,1,0,1,0,0,0,20240904,1,1,1648172.00000000,4,0,1,0,0,0,0,805000.28000000,710865.52000000,506369.96000000,506369.96000000,1,0,0,0,0,0,0,0,3146400.00000000,1012826.16000000,1012826.16000000,2133573.84000000,1012826.16000000,711664.85000000,1012826.16000000,0.00000000,0.00000000,20260917,3698400.00000000,1415786.16000000,3146400.00000000,1012826.16000000,0,0,0,0,0,0,0,0,1,0,0,1,0,0,0,,0.00000000,,,0,0,0,0,0,0,20–39,0,0,0,0,0,0,0,0,MOCK_GROUP_29,产业集团29,1,0,12,8,233625.59000000,0.85074627,13140.64892857,20260915,23,0,1,1,正常,0,20260917
MOCK_TAG_0352,MOCK_CUST_0352,MOCK_ECIF_0352,上海朔宁信息科技启有限公司,91310112700003528R,20140222,存续,软件开发、信息系统集成及技术咨询,4200000.00000000,CNY,4158000.00000000,CNY,私人控股,私营有限责任公司,小型,310000,310100,310112,上海市闵行区联航路432号1幢113室,10,I,65,651,6513,1,1,0,1,0,0,0,0,0,0,0,0,0,何远颖,MOCK_PERSON_0352,王文博,MOCK_PERSON_0072,MOCK_ORG_SH_MH_01,MOCK_ORG_SH_MH,MOCK_ORG_SH_MH_01,MOCK_ORG_SH_MH,0,1,0,1,1,0,,20220816,20220813,20220815,,0,0.00000000,0,0,1,1,0,0,0,0,0,20220805,1,1,1922472.00000000,5,0,1,0,0,0,0,2688000.67000000,3565943.47000000,3313384.58000000,3313384.58000000,1,0,0,0,0,0,0,0,3439800.00000000,0.00000000,0.00000000,3439800.00000000,0.00000000,877942.80000000,0.00000000,0.00000000,0.00000000,20260917,3985800.00000000,251160.00000000,3439800.00000000,0.00000000,0,0,0,0,0,0,0,0,0,0,0,1,0,0,0,,0.00000000,,,0,0,0,0,0,0,0–19,0,0,0,0,0,0,0,0,MOCK_GROUP_03,产业集团03,1,0,12,0,0.00000000,0.86301370,0.00000000,,10,0,1,1,正常,0,20260917
MOCK_TAG_0353,MOCK_CUST_0353,MOCK_ECIF_0353,苏州朔知医疗科技启有限公司,91320571700003536U,20221124,存续,医疗器械研发、技术咨询及销售,5000000.00000000,CNY,3000000.00000000,CNY,私人控股,私营有限责任公司,小型,320000,320500,320571,苏州市工业园区星湖街433号2幢114室,70,C,35,358,3589,1,1,0,1,0,0,0,0,0,0,0,0,0,赵思颖,MOCK_PERSON_0353,赵思颖,MOCK_PERSON_0353,MOCK_ORG_JS_SZ_02,MOCK_ORG_JS_SZ,MOCK_ORG_JS_SZ_02,MOCK_ORG_JS_SZ,0,1,0,1,0,0,,20250802,20250730,,,0,0.00000000,0,0,1,0,0,0,0,0,0,20250724,1,1,2103122.00000000,3,0,1,0,0,0,0,2050000.10000000,2988215.48000000,2718317.91000000,2718317.91000000,1,0,0,0,0,0,0,0,3200000.00000000,0.00000000,0.00000000,3200000.00000000,0.00000000,938215.38000000,0.00000000,0.00000000,0.00000000,20260917,4400000.00000000,384000.00000000,3200000.00000000,0.00000000,0,0,0,0,0,0,0,0,1,0,0,1,0,0,0,,0.00000000,,,0,0,0,0,0,0,60–79,0,0,0,0,0,0,0,0,,,1,0,12,0,0.00000000,0.72727273,0.00000000,,70,0,1,0,正常,0,20260917
MOCK_TAG_0354,MOCK_CUST_0354,MOCK_ECIF_0354,上海朔禾商贸启有限公司,91310114700003544C,20110414,存续,日用百货、五金及电子产品批发,5000000.00000000,CNY,4800000.00000000,CNY,私人控股,私营有限责任公司,小型,310000,310100,310114,上海市嘉定区嘉罗公路434号3幢115室,48,F,51,513,5135,1,0,0,1,0,0,0,0,0,0,0,0,0,钱思颖,MOCK_PERSON_0354,钱思颖,MOCK_PERSON_0354,MOCK_ORG_SH_JD_03,MOCK_ORG_SH_JD,MOCK_ORG_SH_JD_03,MOCK_ORG_SH_JD,1,0,0,1,0,0,20251124,,20250505,,,330,2716317.92000000,33,1,1,0,0,0,0,0,0,20250503,1,1,2098610.00000000,4,0,1,0,0,0,0,2061001.28000000,991592.92000000,965244.44000000,900000.56000000,0,0,0,0,0,0,0,0,0.00000000,0.00000000,0.00000000,0.00000000,0.00000000,0.00000000,0.00000000,0.00000000,0.00000000,20260917,3550000.00000000,2414000.00000000,0.00000000,0.00000000,0,0,0,0,0,0,0,0,0,0,0,0,0,0,0,,0.00000000,,,0,0,0,0,0,0,,0,0,0,0,0,0,0,0,,,1,0,12,10,279675.35000000,0.00000000,8231.26642424,20260910,48,0,1,0,正常,0,20260917
MOCK_TAG_0355,MOCK_CUST_0355,MOCK_ECIF_0355,苏州朔润信息科技启有限公司,91320571700003552H,20181215,存续,软件开发、信息系统集成及技术咨询,2000000.00000000,CNY,1260000.00000000,CNY,私人控股,私营有限责任公司,小型,320000,320500,320571,苏州市工业园区星湖街435号4幢116室,68,I,65,651,6513,1,1,0,1,0,0,0,0,0,0,0,0,0,孙思颖,MOCK_PERSON_0355,孙思颖,MOCK_PERSON_0355,MOCK_ORG_JS_SZ_04,MOCK_ORG_JS_SZ,MOCK_ORG_JS_SZ_04,MOCK_ORG_JS_SZ,0,0,0,1,1,0,,,20250110,20250112,,0,0.00000000,0,0,1,1,0,0,0,0,0,20250104,1,1,2036736.00000000,4,0,1,0,0,0,0,1280000.99000000,1537012.19000000,1366640.86000000,1366640.86000000,1,0,0,0,0,0,0,0,1164000.00000000,335232.00000000,335232.00000000,828768.00000000,335232.00000000,592243.20000000,335232.00000000,0.00000000,0.00000000,20260917,2324000.00000000,602032.00000000,1164000.00000000,335232.00000000,0,0,0,0,0,0,0,0,1,0,0,1,0,0,0,,0.00000000,,,0,0,0,0,0,0,20–39,0,0,0,0,0,0,0,0,,,1,0,12,0,0.00000000,0.50086059,0.00000000,,68,0,1,1,正常,0,20260917
MOCK_TAG_0356,MOCK_CUST_0356,MOCK_ECIF_0356,宁波朔森商贸启有限公司,91330212700003560J,20150314,存续,日用百货、五金及电子产品批发,11700000.00000000,CNY,8073000.00000000,CNY,私人控股,私营有限责任公司,中型,330000,330200,330212,宁波市鄞州区首南东路436号5幢117室,353,F,51,513,5135,1,0,0,1,0,0,0,0,0,0,0,0,0,李思颖,MOCK_PERSON_0356,李思颖,MOCK_PERSON_0356,MOCK_ORG_ZJ_NB_05,MOCK_ORG_ZJ_NB,MOCK_ORG_ZJ_NB_05,MOCK_ORG_ZJ_NB,1,1,0,1,0,0,20260513,20221118,20221115,,,1156,8474926.19000000,289,1,1,0,0,0,0,0,0,20221111,1,1,2503330.00000000,5,0,1,0,0,1,0,2223000.36000000,2933242.71000000,2234122.30000000,2234122.30000000,1,0,0,0,0,0,0,0,7055100.00000000,1748253.78000000,1748253.78000000,5306846.22000000,1748253.78000000,2458496.13000000,1748253.78000000,0.00000000,0.00000000,20260917,8810100.00000000,2046603.78000000,7055100.00000000,1748253.78000000,0,0,0,0,0,0,0,0,0,0,0,0,0,0,0,,0.00000000,,,0,0,0,0,0,0,,0,0,0,0,0,0,0,0,,,1,0,12,4,0.00000000,0.80079681,7331.25102941,20260825,353,0,1,0,正常,0,20260917
MOCK_TAG_0357,MOCK_CUST_0357,MOCK_ECIF_0357,杭州朔远供应链启有限公司,91330108700003579H,20111005,存续,仓储服务、国内货物运输代理,1600000.00000000,CNY,1088000.00000000,CNY,私人控股,私营有限责任公司,小型,330000,330100,330108,杭州市滨江区江陵路437号6幢118室,62,G,58,582,5821,1,0,0,1,0,0,0,0,0,0,0,0,0,周思颖,MOCK_PERSON_0357,周思颖,MOCK_PERSON_0357,MOCK_ORG_ZJ_HZ_06,MOCK_ORG_ZJ_HZ,MOCK_ORG_ZJ_HZ_06,MOCK_ORG_ZJ_HZ,1,1,0,1,1,0,20260630,20231213,20231210,20231212,,156,1339520.94000000,52,1,1,1,0,0,0,0,0,20231207,1,1,1403406.00000000,3,0,1,0,0,0,0,1008000.45000000,1118252.17000000,857474.13000000,857474.13000000,1,0,0,0,0,0,0,0,2073600.00000000,796262.40000000,796262.40000000,1277337.60000000,796262.40000000,906514.12000000,796262.40000000,0.00000000,0.00000000,20260917,2249600.00000000,928262.40000000,2073600.00000000,796262.40000000,0,1,0,0,0,0,1,0,0,0,0,0,0,0,0,,0.00000000,,,0,0,0,0,0,0,,0,0,0,0,0,0,0,0,,,1,0,12,3,424320.27000000,0.92176387,8586.67269231,20260915,62,0,1,1,正常,0,20260917
MOCK_TAG_0358,MOCK_CUST_0358,MOCK_ECIF_0358,上海朔衡食品启有限公司,91310112700003587W,20151025,存续,食品加工、预包装食品销售,300000.00000000,CNY,141000.00000000,CNY,私人控股,私营有限责任公司,小型,310000,310100,310112,上海市闵行区联航路438号7幢119室,10,C,14,149,1499,1,0,0,1,0,0,0,0,0,0,0,0,0,吴思颖,MOCK_PERSON_0358,吴思颖,MOCK_PERSON_0358,MOCK_ORG_SH_MH_07,MOCK_ORG_SH_MH,MOCK_ORG_SH_MH_07,MOCK_ORG_SH_MH,1,1,0,0,0,0,20251205,20230625,,,,63,437258.65000000,7,1,0,0,0,0,0,0,0,20230619,1,1,1843218.00000000,4,0,1,0,0,0,0,153000.58000000,153000.58000000,153000.58000000,153000.58000000,0,0,0,0,0,0,0,0,0.00000000,0.00000000,0.00000000,0.00000000,0.00000000,0.00000000,0.00000000,0.00000000,0.00000000,20260917,225000.00000000,83250.00000000,0.00000000,0.00000000,0,0,0,0,0,0,0,0,0,0,0,0,0,0,0,,0.00000000,,,0,0,0,0,0,0,,0,0,0,0,0,0,0,0,,,1,0,12,9,0.00000000,0.00000000,6940.61349206,20260820,10,0,0,0,正常,0,20260917
MOCK_TAG_0359,MOCK_CUST_0359,MOCK_ECIF_0359,上海朔昕食品启有限公司,913101157000035953,20100715,存续,食品加工、预包装食品销售,49300000.00000000,CNY,30073000.00000000,CNY,私人控股,私营有限责任公司,中型,310000,310100,310115,上海市浦东新区金海路439号8幢120室,393,C,14,149,1499,1,0,0,1,0,0,0,0,0,0,0,0,0,郑思颖,MOCK_PERSON_0359,郑思颖,MOCK_PERSON_0359,MOCK_ORG_SH_PD_08,MOCK_ORG_SH_PD,MOCK_ORG_SH_PD_08,MOCK_ORG_SH_PD,0,1,0,1,0,0,,20260619,20260616,,,0,0.00000000,0,0,1,0,0,0,0,0,0,20260611,1,1,1151082.00000000,1,0,1,0,0,1,0,24650000.74000000,9385961.82000000,6685890.61000000,6685890.61000000,0,0,0,0,0,0,0,0,0.00000000,0.00000000,0.00000000,0.00000000,0.00000000,0.00000000,0.00000000,0.00000000,0.00000000,20260917,37468000.00000000,19858040.00000000,0.00000000,0.00000000,0,0,0,0,0,0,0,0,0,0,0,0,0,0,0,,0.00000000,,,0,0,0,0,0,0,,0,0,0,0,0,0,0,0,,,0,0,4,0,0.00000000,0.00000000,0.00000000,,393,0,1,0,正常,0,20260917
MOCK_TAG_0360,MOCK_CUST_0360,MOCK_ECIF_0360,上海朔途医疗科技启有限公司,91310112700003608D,20230415,存续,医疗器械研发、技术咨询及销售,4700000.00000000,CNY,4183000.00000000,CNY,私人控股,私营有限责任公司,小型,310000,310100,310112,上海市闵行区联航路440号1幢101室,83,C,35,358,3589,1,1,0,1,0,0,0,0,0,0,0,0,0,王思颖,MOCK_PERSON_0360,王思颖,MOCK_PERSON_0360,MOCK_ORG_SH_MH_01,MOCK_ORG_SH_MH,MOCK_ORG_SH_MH_01,MOCK_ORG_SH_MH,0,0,0,1,1,0,,,20260816,20260818,,0,0.00000000,0,0,1,1,0,0,0,0,0,20260807,1,1,161320.00000000,1,0,1,0,0,0,0,1833000.75000000,296100.12000000,210920.63000000,210920.63000000,0,0,0,0,0,0,0,0,0.00000000,0.00000000,0.00000000,0.00000000,0.00000000,0.00000000,0.00000000,0.00000000,0.00000000,20260917,2256000.00000000,1173120.00000000,0.00000000,0.00000000,0,0,0,0,0,0,0,0,0,0,0,1,0,0,0,,0.00000000,,,0,0,0,0,0,0,40–59,0,0,0,0,0,0,0,0,,,0,0,2,0,0.00000000,0.00000000,0.00000000,,83,0,1,1,正常,0,20260917
MOCK_TAG_0361,MOCK_CUST_0361,MOCK_ECIF_0361,宁波翊川商贸启有限公司,91330212700003616M,20180802,存续,日用百货、五金及电子产品批发,400000.00000000,CNY,256000.00000000,CNY,私人控股,私营有限责任公司,小型,330000,330200,330212,宁波市鄞州区首南东路441号2幢102室,20,F,51,513,5135,1,0,0,1,0,0,0,0,0,0,0,0,0,陈思颖,MOCK_PERSON_0361,陈思颖,MOCK_PERSON_0361,MOCK_ORG_ZJ_NB_02,MOCK_ORG_ZJ_NB,MOCK_ORG_ZJ_NB_02,MOCK_ORG_ZJ_NB,0,1,0,1,0,0,,20240305,20240302,,,0,0.00000000,0,0,1,0,0,1,0,0,0,20240224,1,1,2663110.00000000,4,0,1,0,0,0,0,469202.16000000,225719.19000000,219471.48000000,204000.94000000,0,0,0,0,0,0,0,0,0.00000000,0.00000000,0.00000000,0.00000000,0.00000000,0.00000000,0.00000000,0.00000000,0.00000000,20260917,68000.00000000,30600.00000000,0.00000000,0.00000000,0,0,0,0,0,0,0,0,0,0,0,0,0,0,0,,0.00000000,,,0,0,0,0,0,0,,0,0,0,0,0,0,0,0,MOCK_GROUP_10,产业集团10,1,0,12,0,0.00000000,0.00000000,0.00000000,,20,0,1,0,正常,0,20260917
MOCK_TAG_0362,MOCK_CUST_0362,MOCK_ECIF_0362,宁波翊原信息科技启有限公司,91330212700003624G,20161003,存续,软件开发、信息系统集成及技术咨询,2500000.00000000,CNY,900000.00000000,CNY,私人控股,私营有限责任公司,小型,330000,330200,330212,宁波市鄞州区首南东路442号3幢103室,50,I,65,651,6513,1,1,0,1,0,0,0,0,0,0,0,0,0,杨思颖,MOCK_PERSON_0362,杨思颖,MOCK_PERSON_0362,MOCK_ORG_ZJ_NB_03,MOCK_ORG_ZJ_NB,MOCK_ORG_ZJ_NB_03,MOCK_ORG_ZJ_NB,1,1,0,1,1,0,20251003,20230403,20230331,20230402,,539,7227505.53000000,49,1,1,1,0,0,0,0,0,20230327,1,1,2350694.00000000,3,0,1,0,0,0,0,775000.01000000,1218840.97000000,868215.49000000,868215.49000000,1,0,0,0,0,0,0,0,3467500.00000000,1025686.50000000,1025686.50000000,2441813.50000000,1025686.50000000,1219805.15000000,1025686.50000000,0.00000000,0.00000000,20260917,4692500.00000000,1148186.50000000,3467500.00000000,1025686.50000000,0,0,0,0,0,0,0,0,1,0,0,1,0,0,0,,0.00000000,,,0,0,0,0,0,0,20–39,0,0,0,0,0,0,0,0,,,1,0,12,11,0.00000000,0.73894513,13409.10116883,20260820,50,0,1,1,正常,0,20260917
MOCK_TAG_0363,MOCK_CUST_0363,MOCK_ECIF_0363,上海翊辰食品启有限公司,91310112700003632X,20090817,存续,食品加工、预包装食品销售,700000.00000000,CNY,700000.00000000,CNY,私人控股,私营有限责任公司,小型,310000,310100,310112,上海市闵行区联航路443号4幢104室,86,C,14,149,1499,1,0,0,1,0,0,0,0,0,0,0,0,0,黄思颖,MOCK_PERSON_0363,黄思颖,MOCK_PERSON_0363,MOCK_ORG_SH_MH_04,MOCK_ORG_SH_MH,MOCK_ORG_SH_MH_04,MOCK_ORG_SH_MH,1,0,0,1,1,0,20251222,,20221021,20221023,,747,5316776.44000000,83,1,1,1,0,0,0,0,0,20221016,1,1,2168410.00000000,4,0,1,0,0,0,0,138600.20000000,105387.84000000,105276.31000000,105000.15000000,0,0,0,0,0,0,0,0,0.00000000,0.00000000,0.00000000,0.00000000,0.00000000,0.00000000,0.00000000,0.00000000,0.00000000,20260917,413000.00000000,289100.00000000,0.00000000,0.00000000,0,0,0,0,0,0,0,0,0,0,0,0,0,0,0,B,413000.00000000,CNY,嘉禾产业投资04,0,0,0,0,0,0,,0,0,0,0,0,0,0,0,,,1,0,12,9,507130.02000000,0.00000000,7117.50527443,20260905,86,0,1,1,正常,0,20260917
MOCK_TAG_0364,MOCK_CUST_0364,MOCK_ECIF_0364,上海翊宁精密制造启有限公司,91310114700003640M,20100708,存续,工业零部件、自动化设备的研发与制造,1500000.00000000,CNY,1335000.00000000,CNY,私人控股,私营有限责任公司,小型,310000,310100,310114,上海市嘉定区嘉罗公路444号5幢105室,43,C,34,348,3484,1,0,0,1,0,0,0,0,0,0,0,0,0,徐思颖,MOCK_PERSON_0364,黄瑞博,MOCK_PERSON_0107,MOCK_ORG_SH_JD_05,MOCK_ORG_SH_JD,MOCK_ORG_SH_JD_05,MOCK_ORG_SH_JD,1,0,0,1,1,1,20260306,,20240413,20240415,20240417,168,1589842.89000000,28,1,1,1,0,0,0,0,0,20240411,1,1,2219642.00000000,4,0,1,0,0,0,0,150000.36000000,150000.36000000,150000.36000000,150000.36000000,0,0,0,0,0,0,0,0,0.00000000,0.00000000,0.00000000,0.00000000,0.00000000,0.00000000,0.00000000,0.00000000,0.00000000,20260917,255000.00000000,142800.00000000,0.00000000,0.00000000,0,0,0,0,0,0,0,0,0,0,0,0,0,0,0,,0.00000000,,,0,0,0,0,0,0,,0,0,0,0,0,0,0,0,MOCK_GROUP_29,产业集团29,1,0,12,6,0.00000000,0.00000000,9463.35053571,20260820,43,0,1,1,正常,0,20260917
MOCK_TAG_0365,MOCK_CUST_0365,MOCK_ECIF_0365,上海翊知信息科技启有限公司,913101157000036591,20180307,存续,软件开发、信息系统集成及技术咨询,5000000.00000000,CNY,3750000.00000000,CNY,私人控股,私营有限责任公司,小型,310000,310100,310115,上海市浦东新区金海路445号6幢106室,73,I,65,651,6513,1,1,0,1,0,0,0,0,0,0,0,0,0,朱思颖,MOCK_PERSON_0365,朱安博,MOCK_PERSON_0125,MOCK_ORG_SH_PD_06,MOCK_ORG_SH_PD,MOCK_ORG_SH_PD_06,MOCK_ORG_SH_PD,0,0,0,1,1,0,,,20240216,20240218,,0,0.00000000,0,0,1,1,0,0,0,0,0,20240206,1,1,2036892.00000000,4,0,1,0,0,0,0,1043002.45000000,383748.98000000,374040.60000000,350000.82000000,0,0,0,0,0,0,0,0,0.00000000,0.00000000,0.00000000,0.00000000,0.00000000,0.00000000,0.00000000,0.00000000,0.00000000,20260917,1500000.00000000,915000.00000000,0.00000000,0.00000000,0,0,0,0,0,0,0,0,0,0,0,1,0,0,0,,0.00000000,,,0,0,0,0,0,0,60–79,0,0,0,0,0,0,0,0,MOCK_GROUP_38,产业集团38,1,0,12,0,0.00000000,0.00000000,0.00000000,,73,0,1,1,正常,0,20260917
MOCK_TAG_0366,MOCK_CUST_0366,MOCK_ECIF_0366,苏州翊禾信息科技启有限公司,91320571700003667P,20200606,存续,软件开发、信息系统集成及技术咨询,4300000.00000000,CNY,4128000.00000000,CNY,私人控股,私营有限责任公司,小型,320000,320500,320571,苏州市工业园区星湖街446号7幢107室,67,I,65,651,6513,1,1,0,1,0,0,0,0,0,0,0,0,0,胡思颖,MOCK_PERSON_0366,胡思颖,MOCK_PERSON_0366,MOCK_ORG_JS_SZ_07,MOCK_ORG_JS_SZ,MOCK_ORG_JS_SZ_07,MOCK_ORG_JS_SZ,0,1,0,1,1,0,,20220711,20220708,20220710,,0,0.00000000,0,0,1,1,0,0,0,0,0,20220628,1,1,1672460.00000000,4,0,1,0,0,0,0,172001.14000000,95037.25000000,92437.65000000,86000.57000000,0,0,0,0,0,0,0,0,0.00000000,0.00000000,0.00000000,0.00000000,0.00000000,0.00000000,0.00000000,0.00000000,0.00000000,20260917,1376000.00000000,495360.00000000,0.00000000,0.00000000,0,0,0,0,0,0,0,0,1,0,0,1,0,0,0,,0.00000000,,,0,0,0,0,0,0,20–39,0,0,0,0,0,0,0,0,MOCK_GROUP_53,产业集团53,1,0,12,0,0.00000000,0.00000000,0.00000000,,67,0,1,1,正常,0,20260917
MOCK_TAG_0367,MOCK_CUST_0367,MOCK_ECIF_0367,苏州翊润精密制造启有限公司,91320571700003675J,20150530,存续,工业零部件、自动化设备的研发与制造,4300000.00000000,CNY,1892000.00000000,CNY,私人控股,私营有限责任公司,小型,320000,320500,320571,苏州市工业园区星湖街447号8幢108室,34,C,34,348,3484,1,0,0,1,0,0,0,0,0,0,0,0,0,林思颖,MOCK_PERSON_0367,林思颖,MOCK_PERSON_0367,MOCK_ORG_JS_SZ_08,MOCK_ORG_JS_SZ,MOCK_ORG_JS_SZ_08,MOCK_ORG_JS_SZ,0,1,0,1,1,0,,20260812,20260809,20260811,,0,0.00000000,0,0,1,1,0,0,0,0,0,20260803,1,1,310270.00000000,1,0,1,0,0,0,0,989000.84000000,174977.07000000,124641.20000000,124641.20000000,0,0,0,0,0,0,0,0,0.00000000,0.00000000,0.00000000,0.00000000,0.00000000,0.00000000,0.00000000,0.00000000,0.00000000,20260917,1677000.00000000,1224210.00000000,0.00000000,0.00000000,0,0,0,0,0,0,0,0,0,0,0,0,0,0,0,,0.00000000,,,0,0,0,0,0,0,,0,0,0,0,0,0,0,0,MOCK_GROUP_59,产业集团59,0,0,2,0,0.00000000,0.00000000,0.00000000,,34,0,1,1,正常,0,20260917
MOCK_TAG_0368,MOCK_CUST_0368,MOCK_ECIF_0368,上海翊森供应链启有限公司,913101127000036836,20150607,存续,仓储服务、国内货物运输代理,2900000.00000000,CNY,1914000.00000000,CNY,私人控股,私营有限责任公司,小型,310000,310100,310112,上海市闵行区联航路448号1幢109室,22,G,58,582,5821,1,0,0,1,0,0,0,0,0,0,0,0,0,何思颖,MOCK_PERSON_0368,何思颖,MOCK_PERSON_0368,MOCK_ORG_SH_MH_01,MOCK_ORG_SH_MH,MOCK_ORG_SH_MH_01,MOCK_ORG_SH_MH,1,1,0,1,0,0,20251104,20241009,20241006,,,160,1453445.67000000,16,1,1,0,0,0,0,0,0,20240929,1,1,2174970.00000000,4,0,1,0,0,0,0,344521.88000000,198642.16000000,191553.59000000,174000.95000000,0,0,0,0,0,0,0,0,0.00000000,0.00000000,0.00000000,0.00000000,0.00000000,0.00000000,0.00000000,0.00000000,0.00000000,20260917,29000.00000000,19430.00000000,0.00000000,0.00000000,0,0,0,0,0,0,0,0,0,0,0,0,0,0,0,,0.00000000,,,0,0,0,0,0,0,,0,0,0,0,0,0,0,0,,,1,0,12,10,0.00000000,0.00000000,9084.03543750,20260820,22,0,1,0,正常,0,20260917
MOCK_TAG_0369,MOCK_CUST_0369,MOCK_ECIF_0369,上海翊远精密制造启有限公司,91310114700003691X,20211128,存续,工业零部件、自动化设备的研发与制造,48400000.00000000,CNY,26620000.00000000,CNY,私人控股,私营有限责任公司,中型,310000,310100,310114,上海市嘉定区嘉罗公路449号2幢110室,303,C,34,348,3484,1,0,0,1,0,0,0,0,0,0,0,0,0,赵宁颖,MOCK_PERSON_0369,赵宁颖,MOCK_PERSON_0369,MOCK_ORG_SH_JD_02,MOCK_ORG_SH_JD,MOCK_ORG_SH_JD_02,MOCK_ORG_SH_JD,1,0,0,1,1,0,20260127,,20230903,20230905,,2176,17617443.81000000,272,1,1,1,0,0,0,0,0,20230831,1,1,2025296.00000000,4,1,1,0,0,1,0,0.00000000,122.98000000,123.11000000,123.11000000,0,0,0,0,0,0,0,0,0.00000000,0.00000000,0.00000000,0.00000000,0.00000000,0.00000000,0.00000000,0.00000000,0.00000000,20260917,25652000.00000000,4104320.00000000,0.00000000,0.00000000,0,0,0,0,0,0,0,0,0,0,0,0,0,0,0,,0.00000000,,,0,0,0,0,0,0,,0,0,0,0,0,0,0,0,,,1,0,12,8,2473840.03000000,0.00000000,8096.25175092,20260910,303,0,1,1,正常,0,20260917
MOCK_TAG_0370,MOCK_CUST_0370,MOCK_ECIF_0370,苏州翊衡食品启有限公司,91320571700003704X,20200514,存续,食品加工、预包装食品销售,4500000.00000000,CNY,3195000.00000000,CNY,私人控股,私营有限责任公司,小型,320000,320500,320571,苏州市工业园区星湖街450号3幢111室,35,C,14,149,1499,1,0,0,1,0,0,0,0,0,0,0,0,0,钱宁颖,MOCK_PERSON_0370,钱宁颖,MOCK_PERSON_0370,MOCK_ORG_JS_SZ_03,MOCK_ORG_JS_SZ,MOCK_ORG_JS_SZ_03,MOCK_ORG_JS_SZ,0,0,0,1,0,0,,,20260729,,,0,0.00000000,0,0,1,0,0,0,0,0,0,20260722,1,1,103160.00000000,1,1,1,0,0,0,0,0.00000000,27.06000000,19.28000000,19.28000000,0,0,0,0,0,0,0,0,0.00000000,0.00000000,0.00000000,0.00000000,0.00000000,0.00000000,0.00000000,0.00000000,0.00000000,20260917,2745000.00000000,1701900.00000000,0.00000000,0.00000000,0,0,0,0,0,0,0,0,0,0,0,0,0,0,0,,0.00000000,,,0,0,0,0,0,0,,0,0,0,0,0,0,0,0,,,0,0,2,0,0.00000000,0.00000000,0.00000000,,35,0,1,0,正常,0,20260917
MOCK_TAG_0371,MOCK_CUST_0371,MOCK_ECIF_0371,上海翊昕医疗科技启有限公司,91310115700003712W,20170722,存续,医疗器械研发、技术咨询及销售,45000000.00000000,CNY,37800000.00000000,CNY,私人控股,私营有限责任公司,中型,310000,310100,310115,上海市浦东新区金海路451号4幢112室,410,C,35,358,3589,1,1,0,1,0,0,0,0,0,0,0,0,0,孙宁颖,MOCK_PERSON_0371,孙宁颖,MOCK_PERSON_0371,MOCK_ORG_SH_PD_04,MOCK_ORG_SH_PD,MOCK_ORG_SH_PD_04,MOCK_ORG_SH_PD,1,0,0,1,1,0,20251001,,20250113,20250115,,3102,37549716.24000000,282,1,1,1,0,1,0,0,0,20250110,1,1,1939062.00000000,4,0,1,0,0,1,0,28800000.40000000,32512889.23000000,27468023.03000000,27468023.03000000,1,0,0,0,0,0,0,0,51030000.00000000,13824027.00000000,13824027.00000000,37205973.00000000,13824027.00000000,17536915.83000000,13824027.00000000,0.00000000,0.00000000,20260917,52830000.00000000,14310027.00000000,51030000.00000000,13824027.00000000,0,1,0,0,0,0,1,0,1,0,0,1,0,0,0,,0.00000000,,,0,0,0,0,0,0,60–79,0,0,0,0,0,0,0,0,,,1,0,12,11,0.00000000,0.96592845,12105.00201161,20260820,410,0,1,1,正常,0,20260917
MOCK_TAG_0372,MOCK_CUST_0372,MOCK_ECIF_0372,宁波翊途供应链启有限公司,91330212700003720R,20181104,存续,仓储服务、国内货物运输代理,3800000.00000000,CNY,3154000.00000000,CNY,私人控股,私营有限责任公司,小型,330000,330200,330212,宁波市鄞州区首南东路452号5幢113室,43,G,58,582,5821,1,0,0,1,0,0,0,0,0,0,0,0,0,李宁颖,MOCK_PERSON_0372,李宁颖,MOCK_PERSON_0372,MOCK_ORG_ZJ_NB_05,MOCK_ORG_ZJ_NB,MOCK_ORG_ZJ_NB_05,MOCK_ORG_ZJ_NB,1,1,0,1,1,0,20251003,20250513,20250510,20250512,,420,3623207.00000000,35,1,1,1,0,0,0,0,0,20250506,1,1,1865098.00000000,4,0,1,0,0,0,0,1140000.57000000,3130661.86000000,2230060.51000000,2230060.51000000,1,0,0,0,0,0,0,0,5814000.00000000,4144219.20000000,4144219.20000000,1669780.80000000,4144219.20000000,3142216.55000000,4144219.20000000,0.00000000,0.00000000,20260917,6498000.00000000,4239979.20000000,5814000.00000000,4144219.20000000,0,0,0,0,0,0,0,0,0,0,0,0,0,0,0,,0.00000000,,,0,0,0,0,0,0,,0,0,0,0,0,0,0,0,,,1,0,12,12,266000.09000000,0.89473684,8626.68333333,20260910,43,0,1,1,正常,0,20260917
MOCK_TAG_0373,MOCK_CUST_0373,MOCK_ECIF_0373,上海璟川信息科技启有限公司,913101127000037399,20100704,存续,软件开发、信息系统集成及技术咨询,3600000.00000000,CNY,1764000.00000000,CNY,私人控股,私营有限责任公司,小型,310000,310100,310112,上海市闵行区联航路453号6幢114室,37,I,65,651,6513,1,1,0,1,0,0,0,0,0,0,0,0,0,周宁颖,MOCK_PERSON_0373,周宁颖,MOCK_PERSON_0373,MOCK_ORG_SH_MH_06,MOCK_ORG_SH_MH,MOCK_ORG_SH_MH_06,MOCK_ORG_SH_MH,1,0,0,1,1,0,20260114,,20250722,20250724,,248,3163941.70000000,31,1,1,1,0,0,0,0,0,20250717,1,1,2594438.00000000,5,0,1,0,0,0,0,324000.95000000,764411.77000000,544512.50000000,544512.50000000,1,0,0,0,0,0,0,0,1843200.00000000,521994.24000000,521994.24000000,1321205.76000000,521994.24000000,765173.29000000,521994.24000000,0.00000000,0.00000000,20260917,3931200.00000000,730794.24000000,1843200.00000000,521994.24000000,0,0,0,0,0,0,0,0,1,0,0,1,0,0,0,B,900000.00000000,CNY,嘉禾产业投资02,0,0,0,0,0,0,40–59,0,0,0,0,0,0,0,0,MOCK_GROUP_48,产业集团48,1,0,12,8,0.00000000,0.46886447,12757.82943548,20260825,37,0,1,1,正常,0,20260917
MOCK_TAG_0374,MOCK_CUST_0374,MOCK_ECIF_0374,苏州璟原医疗科技启有限公司,91320571700003747B,20181225,存续,医疗器械研发、技术咨询及销售,4500000.00000000,CNY,2835000.00000000,CNY,私人控股,私营有限责任公司,小型,320000,320500,320571,苏州市工业园区星湖街454号7幢115室,45,C,35,358,3589,1,1,0,1,0,0,0,0,0,0,0,0,0,吴宁颖,MOCK_PERSON_0374,钱文博,MOCK_PERSON_0066,MOCK_ORG_JS_SZ_07,MOCK_ORG_JS_SZ,MOCK_ORG_JS_SZ_07,MOCK_ORG_JS_SZ,1,1,0,1,1,0,20251125,20240714,20240711,20240713,,320,3630884.82000000,32,1,1,1,0,0,0,0,0,20240707,1,1,2404992.00000000,4,0,1,0,0,0,0,450000.50000000,739572.23000000,561770.63000000,561770.63000000,1,0,0,0,0,0,0,0,2025000.00000000,476280.00000000,476280.00000000,1548720.00000000,476280.00000000,739673.31000000,476280.00000000,0.00000000,0.00000000,20260917,5175000.00000000,2838780.00000000,2025000.00000000,476280.00000000,0,0,0,0,0,0,0,0,1,0,0,1,0,0,0,C,1755000.00000000,CNY,嘉禾产业投资03,0,0,0,0,0,0,0–19,0,0,0,0,0,0,0,0,MOCK_GROUP_37,产业集团37,1,0,12,10,330880.68000000,0.39130435,11346.51506250,20260915,45,0,1,1,正常,0,20260917
MOCK_TAG_0375,MOCK_CUST_0375,MOCK_ECIF_0375,苏州璟辰医疗科技启有限公司,913205717000037556,20091119,存续,医疗器械研发、技术咨询及销售,4100000.00000000,CNY,1599000.00000000,CNY,私人控股,私营有限责任公司,小型,320000,320500,320571,苏州市工业园区星湖街455号8幢116室,69,C,35,358,3589,1,1,0,1,0,0,0,0,0,0,0,0,0,郑宁颖,MOCK_PERSON_0375,郑宁颖,MOCK_PERSON_0375,MOCK_ORG_JS_SZ_08,MOCK_ORG_JS_SZ,MOCK_ORG_JS_SZ_08,MOCK_ORG_JS_SZ,1,1,0,1,1,0,20251001,20230501,20230428,20230430,,576,6531364.29000000,48,1,1,1,0,0,0,0,0,20230418,1,1,2073656.00000000,4,0,1,0,0,0,0,1599000.42000000,1599000.42000000,1599000.42000000,1599000.42000000,0,0,0,0,0,0,0,0,0.00000000,0.00000000,0.00000000,0.00000000,0.00000000,0.00000000,0.00000000,0.00000000,0.00000000,20260917,2706000.00000000,974160.00000000,0.00000000,0.00000000,0,0,0,0,0,0,0,0,0,0,0,1,0,0,0,,0.00000000,,,0,0,0,0,0,0,60–79,0,0,0,0,0,0,0,0,,,1,0,12,12,448800.60000000,0.00000000,11339.17411458,20260915,69,0,1,1,正常,0,20260917
MOCK_TAG_0376,MOCK_CUST_0376,MOCK_ECIF_0376,上海璟宁信息科技启有限公司,913101157000037635,20210219,存续,软件开发、信息系统集成及技术咨询,49500000.00000000,CNY,19305000.00000000,CNY,私人控股,私营有限责任公司,中型,310000,310100,310115,上海市浦东新区金海路456号1幢117室,170,I,65,651,6513,1,1,0,1,0,0,0,0,0,0,0,0,0,王宁颖,MOCK_PERSON_0376,林思颖,MOCK_PERSON_0367,MOCK_ORG_SH_PD_01,MOCK_ORG_SH_PD,MOCK_ORG_SH_PD_01,MOCK_ORG_SH_PD,0,0,0,1,1,0,,,20260828,20260830,,0,0.00000000,0,0,1,1,0,0,0,0,0,20260819,1,1,46184.00000000,0,1,1,0,0,1,0,0.00000000,13.77000000,9.81000000,9.81000000,0,0,0,0,0,0,0,0,0.00000000,0.00000000,0.00000000,0.00000000,0.00000000,0.00000000,0.00000000,0.00000000,0.00000000,20260917,2970000.00000000,1782000.00000000,0.00000000,0.00000000,0,0,0,0,0,0,0,0,1,0,0,1,0,0,0,C,32175000.00000000,CNY,嘉禾产业投资05,0,0,0,0,0,0,0–19,0,0,0,0,0,0,0,0,MOCK_GROUP_59,产业集团59,0,0,1,0,0.00000000,0.00000000,0.00000000,,170,0,1,1,正常,0,20260917
MOCK_TAG_0377,MOCK_CUST_0377,MOCK_ECIF_0377,杭州璟知信息科技启有限公司,913301087000037714,20100725,存续,软件开发、信息系统集成及技术咨询,2100000.00000000,CNY,1512000.00000000,CNY,私人控股,私营有限责任公司,小型,330000,330100,330108,杭州市滨江区江陵路457号2幢118室,32,I,65,651,6513,1,1,0,1,0,0,0,0,0,0,0,0,0,陈宁颖,MOCK_PERSON_0377,陈宁颖,MOCK_PERSON_0377,MOCK_ORG_ZJ_HZ_02,MOCK_ORG_ZJ_HZ,MOCK_ORG_ZJ_HZ_02,MOCK_ORG_ZJ_HZ,0,0,0,1,0,0,,,20260610,,,0,0.00000000,0,0,1,0,0,0,0,0,0,20260531,1,1,432682.00000000,1,1,1,0,0,0,0,0.00000000,51.75000000,36.87000000,36.87000000,0,0,0,0,0,0,0,0,0.00000000,0.00000000,0.00000000,0.00000000,0.00000000,0.00000000,0.00000000,0.00000000,0.00000000,20260917,525000.00000000,57750.00000000,0.00000000,0.00000000,0,0,0,0,0,0,0,0,1,0,0,1,0,0,0,,0.00000000,,,0,0,0,0,0,0,60–79,0,0,0,0,0,0,0,0,,,0,0,4,0,0.00000000,0.00000000,0.00000000,,32,0,1,0,正常,0,20260917
MOCK_TAG_0378,MOCK_CUST_0378,MOCK_ECIF_0378,上海璟禾食品启有限公司,9131011570000378XP,20170705,存续,食品加工、预包装食品销售,9200000.00000000,CNY,4324000.00000000,CNY,私人控股,私营有限责任公司,中型,310000,310100,310115,上海市浦东新区金海路458号3幢119室,479,C,14,149,1499,1,0,0,1,0,0,0,0,0,0,0,0,0,杨宁颖,MOCK_PERSON_0378,吴宇博,MOCK_PERSON_0166,MOCK_ORG_SH_PD_03,MOCK_ORG_SH_PD,MOCK_ORG_SH_PD_03,MOCK_ORG_SH_PD,1,0,0,1,0,0,20260117,,20250617,,,2752,19509104.01000000,344,1,1,0,0,0,0,0,0,20250612,1,1,2242202.00000000,4,0,1,0,0,1,0,4140000.45000000,8930171.53000000,7552177.11000000,7552177.11000000,1,0,0,0,0,0,0,0,11260800.00000000,0.00000000,0.00000000,11260800.00000000,0.00000000,4790171.08000000,0.00000000,0.00000000,0.00000000,20260917,16412800.00000000,618240.00000000,11260800.00000000,0.00000000,0,0,0,0,0,0,0,0,0,0,0,0,0,0,0,,0.00000000,,,0,0,0,0,0,0,,0,0,0,0,0,0,0,0,MOCK_GROUP_08,产业集团08,1,0,12,8,0.00000000,0.68609865,7089.06395712,20260825,479,0,1,0,正常,0,20260917
MOCK_TAG_0379,MOCK_CUST_0379,MOCK_ECIF_0379,苏州璟润商贸启有限公司,91320571700003798K,20220422,存续,日用百货、五金及电子产品批发,18200000.00000000,CNY,12194000.00000000,CNY,私人控股,私营有限责任公司,中型,320000,320500,320571,苏州市工业园区星湖街459号4幢120室,479,F,51,513,5135,1,0,0,1,0,0,0,0,0,0,0,0,0,黄宁颖,MOCK_PERSON_0379,黄宁颖,MOCK_PERSON_0379,MOCK_ORG_JS_SZ_04,MOCK_ORG_JS_SZ,MOCK_ORG_JS_SZ_04,MOCK_ORG_JS_SZ,0,1,0,1,1,0,,20260712,20260709,20260711,,0,0.00000000,0,0,1,1,0,0,0,0,0,20260707,1,1,252862.00000000,1,0,1,0,0,1,0,6916000.16000000,1941800.04000000,1383200.03000000,1383200.03000000,0,0,0,0,0,0,0,0,0.00000000,0.00000000,0.00000000,0.00000000,0.00000000,0.00000000,0.00000000,0.00000000,0.00000000,20260917,13650000.00000000,4231500.00000000,0.00000000,0.00000000,0,0,0,0,0,0,0,0,0,0,0,0,0,0,0,,0.00000000,,,0,0,0,0,0,0,,0,0,0,0,0,0,0,0,,,0,0,3,0,0.00000000,0.00000000,0.00000000,,479,0,1,1,正常,0,20260917
MOCK_TAG_0380,MOCK_CUST_0380,MOCK_ECIF_0380,宁波璟森信息科技启有限公司,91330212700003800D,20130218,存续,软件开发、信息系统集成及技术咨询,1100000.00000000,CNY,451000.00000000,CNY,私人控股,私营有限责任公司,小型,330000,330200,330212,宁波市鄞州区首南东路460号5幢101室,75,I,65,651,6513,1,1,0,1,0,0,0,0,0,0,0,0,0,徐宁颖,MOCK_PERSON_0380,徐宁颖,MOCK_PERSON_0380,MOCK_ORG_ZJ_NB_05,MOCK_ORG_ZJ_NB,MOCK_ORG_ZJ_NB_05,MOCK_ORG_ZJ_NB,1,0,0,1,0,0,20260107,,20221231,,,432,5450629.12000000,54,1,1,0,0,0,0,0,0,20221226,1,1,2080904.00000000,4,0,1,0,0,0,0,739201.06000000,357576.67000000,343315.01000000,308000.44000000,0,0,0,0,0,0,0,0,0.00000000,0.00000000,0.00000000,0.00000000,0.00000000,0.00000000,0.00000000,0.00000000,0.00000000,20260917,330000.00000000,138600.00000000,0.00000000,0.00000000,0,0,0,0,0,0,0,0,1,0,0,1,0,0,0,,0.00000000,,,0,0,0,0,0,0,60–79,0,0,0,0,0,0,0,0,,,1,0,12,8,0.00000000,0.00000000,12617.19703704,20260820,75,0,1,0,正常,0,20260917
MOCK_TAG_0381,MOCK_CUST_0381,MOCK_ECIF_0381,宁波璟远食品启有限公司,91330212700003819A,20190806,存续,食品加工、预包装食品销售,2300000.00000000,CNY,1679000.00000000,CNY,私人控股,私营有限责任公司,小型,330000,330200,330212,宁波市鄞州区首南东路461号6幢102室,30,C,14,149,1499,1,0,0,1,0,0,0,0,0,0,0,0,0,朱宁颖,MOCK_PERSON_0381,朱宁颖,MOCK_PERSON_0381,MOCK_ORG_ZJ_NB_06,MOCK_ORG_ZJ_NB,MOCK_ORG_ZJ_NB_06,MOCK_ORG_ZJ_NB,0,1,0,0,0,0,,20221031,,,,0,0.00000000,0,0,0,0,0,1,0,0,0,20221021,1,1,2817276.00000000,5,0,1,0,0,0,0,2236522.14000000,1469316.11000000,1337759.70000000,1242770.24000000,1,0,0,0,0,0,0,0,910800.00000000,0.00000000,0.00000000,910800.00000000,0.00000000,323964.55000000,0.00000000,0.00000000,0.00000000,20260917,2060800.00000000,862500.00000000,910800.00000000,0.00000000,0,0,0,0,0,0,0,0,0,0,0,0,0,0,0,,0.00000000,,,0,0,0,0,0,0,,0,0,0,0,0,0,0,0,,,1,0,12,0,0.00000000,0.44196429,0.00000000,,30,0,0,0,正常,0,20260917
MOCK_TAG_0382,MOCK_CUST_0382,MOCK_ECIF_0382,苏州璟衡医疗科技启有限公司,91320571700003827Y,20160605,存续,医疗器械研发、技术咨询及销售,3300000.00000000,CNY,1683000.00000000,CNY,私人控股,私营有限责任公司,小型,320000,320500,320571,苏州市工业园区星湖街462号7幢103室,80,C,35,358,3589,1,1,0,1,0,0,0,0,0,0,0,0,0,胡宁颖,MOCK_PERSON_0382,胡宁颖,MOCK_PERSON_0382,MOCK_ORG_JS_SZ_07,MOCK_ORG_JS_SZ,MOCK_ORG_JS_SZ_07,MOCK_ORG_JS_SZ,1,1,0,0,0,0,20260219,20240617,,,,553,6387152.92000000,79,1,0,0,0,0,0,0,0,20240613,1,1,2677104.00000000,5,0,1,0,0,0,0,1716000.57000000,1801125.34000000,1567028.62000000,1567028.62000000,1,0,0,0,0,0,0,0,1821600.00000000,728640.00000000,728640.00000000,1092960.00000000,728640.00000000,813764.77000000,728640.00000000,0.00000000,0.00000000,20260917,1887600.00000000,766920.00000000,1821600.00000000,728640.00000000,0,0,0,0,0,0,0,0,1,0,0,1,0,0,0,B,1221000.00000000,CNY,嘉禾产业投资11,0,0,0,0,0,0,20–39,0,0,0,0,0,0,0,0,,,1,0,12,7,990660.29000000,0.96503497,11550.00528029,20260905,80,0,0,0,正常,0,20260917
MOCK_TAG_0383,MOCK_CUST_0383,MOCK_ECIF_0383,苏州璟昕食品启有限公司,91320571700003835R,20070618,存续,食品加工、预包装食品销售,1100000.00000000,CNY,704000.00000000,CNY,私人控股,私营有限责任公司,小型,320000,320500,320571,苏州市工业园区星湖街463号8幢104室,15,C,14,149,1499,1,0,0,1,0,0,0,0,0,0,0,0,0,林宁颖,MOCK_PERSON_0383,周安博,MOCK_PERSON_0117,MOCK_ORG_JS_SZ_08,MOCK_ORG_JS_SZ,MOCK_ORG_JS_SZ_08,MOCK_ORG_JS_SZ,1,1,0,1,1,0,20251004,20220913,20220910,20220912,,143,1010624.78000000,13,1,1,1,0,0,0,0,0,20220907,1,1,2582244.00000000,5,0,1,0,0,0,0,550000.63000000,516362.09000000,473145.75000000,473145.75000000,1,0,0,0,0,0,0,0,831600.00000000,183866.76000000,183866.76000000,647733.24000000,183866.76000000,150228.22000000,183866.76000000,0.00000000,0.00000000,20260917,1557600.00000000,517826.76000000,831600.00000000,183866.76000000,0,0,0,0,0,0,0,0,0,0,0,0,0,0,0,,0.00000000,,,0,0,0,0,0,0,,0,0,0,0,0,0,0,0,MOCK_GROUP_57,产业集团57,1,0,12,11,0.00000000,0.53389831,7067.30615385,20260820,15,0,1,1,正常,0,20260917
MOCK_TAG_0384,MOCK_CUST_0384,MOCK_ECIF_0384,杭州璟途医疗科技启有限公司,91330108700003843W,20151107,存续,医疗器械研发、技术咨询及销售,6200000.00000000,CNY,2108000.00000000,CNY,私人控股,私营有限责任公司,中型,330000,330100,330108,杭州市滨江区江陵路464号1幢105室,172,C,35,358,3589,1,1,0,1,0,0,0,0,0,0,0,0,0,何宁颖,MOCK_PERSON_0384,何宁颖,MOCK_PERSON_0384,MOCK_ORG_ZJ_HZ_01,MOCK_ORG_ZJ_HZ,MOCK_ORG_ZJ_HZ_01,MOCK_ORG_ZJ_HZ,1,0,0,1,1,0,20260220,,20231112,20231114,,945,10647453.11000000,135,1,1,1,0,0,0,0,0,20231106,1,1,2729180.00000000,5,0,1,0,0,1,0,664641.19000000,506378.75000000,503393.34000000,496000.89000000,0,0,0,0,0,0,0,0,0.00000000,0.00000000,0.00000000,0.00000000,0.00000000,0.00000000,0.00000000,0.00000000,0.00000000,20260917,4092000.00000000,613800.00000000,0.00000000,0.00000000,0,0,0,0,0,0,0,0,1,0,0,1,0,0,0,,0.00000000,,,0,0,0,0,0,0,20–39,0,0,0,0,0,0,0,0,,,1,0,12,7,1707750.26000000,0.00000000,11267.14614815,20260905,172,0,1,1,正常,0,20260917
MOCK_TAG_0385,MOCK_CUST_0385,MOCK_ECIF_0385,上海珩川供应链启有限公司,91310115700003851K,20150207,存续,仓储服务、国内货物运输代理,3200000.00000000,CNY,1184000.00000000,CNY,私人控股,私营有限责任公司,小型,310000,310100,310115,上海市浦东新区金海路465号2幢106室,72,G,58,582,5821,1,0,0,1,0,0,0,0,0,0,0,0,0,赵文颖,MOCK_PERSON_0385,赵文颖,MOCK_PERSON_0385,MOCK_ORG_SH_PD_02,MOCK_ORG_SH_PD,MOCK_ORG_SH_PD_02,MOCK_ORG_SH_PD,0,0,0,1,1,0,,,20240215,20240217,,0,0.00000000,0,0,1,1,0,0,0,0,0,20240213,1,1,1629220.00000000,3,0,1,0,0,0,0,1376000.10000000,1376000.10000000,1376000.10000000,1376000.10000000,0,0,0,0,0,0,0,0,0.00000000,0.00000000,0.00000000,0.00000000,0.00000000,0.00000000,0.00000000,0.00000000,0.00000000,20260917,1056000.00000000,644160.00000000,0.00000000,0.00000000,0,0,0,0,0,0,0,0,0,0,0,0,0,0,0,,0.00000000,,,0,0,0,0,0,0,,0,0,0,0,0,0,0,0,,,1,0,12,0,0.00000000,0.00000000,0.00000000,,72,0,1,1,正常,0,20260917
MOCK_TAG_0386,MOCK_CUST_0386,MOCK_ECIF_0386,苏州珩原供应链启有限公司,9132057170000386X7,20220920,存续,仓储服务、国内货物运输代理,5000000.00000000,CNY,1700000.00000000,CNY,私人控股,私营有限责任公司,小型,320000,320500,320571,苏州市工业园区星湖街466号3幢107室,14,G,58,582,5821,1,0,0,1,0,0,0,0,0,0,0,0,0,钱文颖,MOCK_PERSON_0386,王涵博,MOCK_PERSON_0152,MOCK_ORG_JS_SZ_03,MOCK_ORG_JS_SZ,MOCK_ORG_JS_SZ_03,MOCK_ORG_JS_SZ,0,1,0,1,1,0,,20240719,20240716,20240718,,0,0.00000000,0,0,1,1,0,0,0,0,0,20240715,1,1,2345410.00000000,5,0,1,0,0,0,0,4525000.18000000,4053313.95000000,3606470.24000000,3487223.66000000,1,0,0,0,0,0,0,0,5655000.00000000,0.00000000,0.00000000,5655000.00000000,0.00000000,1385910.00000000,0.00000000,0.00000000,0.00000000,20260917,8005000.00000000,1363000.00000000,5655000.00000000,0.00000000,0,0,0,0,0,0,0,0,0,0,0,0,0,0,0,C,3400000.00000000,CNY,嘉禾产业投资03,0,0,0,0,0,0,,0,0,0,0,0,0,0,0,MOCK_GROUP_30,产业集团30,1,0,12,0,0.00000000,0.70643348,0.00000000,,14,0,1,1,正常,0,20260917
MOCK_TAG_0387,MOCK_CUST_0387,MOCK_ECIF_0387,宁波珩辰供应链启有限公司,91330212700003878D,20090303,存续,仓储服务、国内货物运输代理,2000000.00000000,CNY,2000000.00000000,CNY,私人控股,私营有限责任公司,小型,330000,330200,330212,宁波市鄞州区首南东路467号4幢108室,59,G,58,582,5821,1,0,0,1,0,0,0,0,0,0,0,0,0,孙文颖,MOCK_PERSON_0387,孙文颖,MOCK_PERSON_0387,MOCK_ORG_ZJ_NB_04,MOCK_ORG_ZJ_NB,MOCK_ORG_ZJ_NB_04,MOCK_ORG_ZJ_NB,1,1,0,1,1,0,20260514,20250421,20250418,20250420,,160,1446402.46000000,40,1,1,1,0,0,0,0,0,20250414,1,1,2099636.00000000,3,0,1,0,0,0,0,3516802.77000000,1490290.40000000,1383768.76000000,1120000.88000000,0,0,0,0,0,0,0,0,0.00000000,0.00000000,0.00000000,0.00000000,0.00000000,0.00000000,0.00000000,0.00000000,0.00000000,20260917,920000.00000000,377200.00000000,0.00000000,0.00000000,0,0,0,0,0,0,0,0,0,0,0,0,0,0,0,,0.00000000,,,0,0,0,0,0,0,,0,0,0,0,0,0,0,0,,,1,0,12,4,0.00000000,0.00000000,9040.01537500,20260825,59,0,1,1,正常,0,20260917
MOCK_TAG_0388,MOCK_CUST_0388,MOCK_ECIF_0388,宁波珩宁信息科技启有限公司,913302127000038868,20210401,存续,软件开发、信息系统集成及技术咨询,4200000.00000000,CNY,2772000.00000000,CNY,私人控股,私营有限责任公司,小型,330000,330200,330212,宁波市鄞州区首南东路468号5幢109室,47,I,65,651,6513,1,1,0,1,0,0,0,0,0,0,0,0,0,李文颖,MOCK_PERSON_0388,李文颖,MOCK_PERSON_0388,MOCK_ORG_ZJ_NB_05,MOCK_ORG_ZJ_NB,MOCK_ORG_ZJ_NB_05,MOCK_ORG_ZJ_NB,0,1,0,1,1,0,,20221001,20220928,20220930,,0,0.00000000,0,0,1,1,0,0,0,0,0,20220925,1,1,2080936.00000000,4,0,1,0,0,0,0,2213401.24000000,2143549.25000000,1526911.79000000,1453928.41000000,1,0,0,0,0,0,0,0,4880400.00000000,1727661.60000000,1727661.60000000,3152738.40000000,1727661.60000000,2042728.96000000,1727661.60000000,0.00000000,0.00000000,20260917,6770400.00000000,1973361.60000000,4880400.00000000,1727661.60000000,0,0,0,0,0,0,0,0,0,0,0,1,0,0,0,,0.00000000,,,0,0,0,0,0,0,40–59,0,0,0,0,0,0,0,0,,,1,0,12,0,0.00000000,0.72084367,0.00000000,,47,0,1,1,正常,0,20260917
MOCK_TAG_0389,MOCK_CUST_0389,MOCK_ECIF_0389,杭州珩知信息科技启有限公司,913301087000038945,20150825,存续,软件开发、信息系统集成及技术咨询,1100000.00000000,CNY,704000.00000000,CNY,私人控股,私营有限责任公司,小型,330000,330100,330108,杭州市滨江区江陵路469号6幢110室,60,I,65,651,6513,1,1,0,1,0,0,0,0,0,0,0,0,0,周文颖,MOCK_PERSON_0389,周文颖,MOCK_PERSON_0389,MOCK_ORG_ZJ_HZ_06,MOCK_ORG_ZJ_HZ,MOCK_ORG_ZJ_HZ_06,MOCK_ORG_ZJ_HZ,1,1,0,1,1,0,20260628,20231208,20231205,20231207,,165,1945626.74000000,55,1,1,1,0,0,0,0,0,20231130,1,1,2076914.00000000,4,0,1,0,0,0,0,382800.42000000,184952.51000000,179212.80000000,165000.18000000,0,0,0,0,0,0,0,0,0.00000000,0.00000000,0.00000000,0.00000000,0.00000000,0.00000000,0.00000000,0.00000000,0.00000000,20260917,176000.00000000,59840.00000000,0.00000000,0.00000000,0,0,0,0,0,0,0,0,1,0,0,1,0,0,0,,0.00000000,,,0,0,0,0,0,0,40–59,0,0,0,0,0,0,0,0,,,1,0,12,3,721875.90000000,0.00000000,11791.67721212,20260915,60,0,1,1,正常,0,20260917
MOCK_TAG_0390,MOCK_CUST_0390,MOCK_ECIF_0390,宁波珩禾精密制造启有限公司,91330212700003907Q,20090725,存续,工业零部件、自动化设备的研发与制造,3600000.00000000,CNY,2736000.00000000,CNY,私人控股,私营有限责任公司,小型,330000,330200,330212,宁波市鄞州区首南东路470号7幢111室,63,C,34,348,3484,1,0,0,1,0,0,0,0,0,0,0,0,0,吴文颖,MOCK_PERSON_0390,吴文颖,MOCK_PERSON_0390,MOCK_ORG_ZJ_NB_07,MOCK_ORG_ZJ_NB,MOCK_ORG_ZJ_NB_07,MOCK_ORG_ZJ_NB,0,1,0,1,0,0,,20230414,20230411,,,0,0.00000000,0,0,1,0,0,0,0,0,0,20230407,1,1,2272000.00000000,4,0,1,0,0,0,0,3841921.46000000,2038536.78000000,1928492.13000000,1656000.63000000,0,0,0,0,0,0,0,0,0.00000000,0.00000000,0.00000000,0.00000000,0.00000000,0.00000000,0.00000000,0.00000000,0.00000000,20260917,684000.00000000,143640.00000000,0.00000000,0.00000000,0,0,0,0,0,0,0,0,0,0,0,0,0,0,0,B,2772000.00000000,CNY,嘉禾产业投资07,0,0,0,0,0,0,,0,0,0,0,0,0,0,0,,,1,0,12,0,0.00000000,0.00000000,0.00000000,,63,0,1,0,正常,0,20260917
MOCK_TAG_0391,MOCK_CUST_0391,MOCK_ECIF_0391,上海珩润供应链启有限公司,913101147000039153,20091009,存续,仓储服务、国内货物运输代理,2200000.00000000,CNY,858000.00000000,CNY,私人控股,私营有限责任公司,小型,310000,310100,310114,上海市嘉定区嘉罗公路471号8幢112室,90,G,58,582,5821,1,0,0,1,0,0,0,0,0,0,0,0,0,郑文颖,MOCK_PERSON_0391,郑文颖,MOCK_PERSON_0391,MOCK_ORG_SH_JD_08,MOCK_ORG_SH_JD,MOCK_ORG_SH_JD_08,MOCK_ORG_SH_JD,0,0,0,1,1,0,,,20240506,20240508,,0,0.00000000,0,0,1,1,0,1,0,0,0,20240501,1,1,2055640.00000000,3,0,1,0,0,0,0,1342881.32000000,714821.32000000,686393.45000000,616000.61000000,0,0,0,0,0,0,0,0,0.00000000,0.00000000,0.00000000,0.00000000,0.00000000,0.00000000,0.00000000,0.00000000,0.00000000,20260917,462000.00000000,203280.00000000,0.00000000,0.00000000,0,0,0,0,0,0,0,0,0,0,0,0,0,0,0,,0.00000000,,,0,0,0,0,0,0,,0,0,0,0,0,0,0,0,MOCK_GROUP_58,产业集团58,1,0,12,0,0.00000000,0.00000000,0.00000000,,90,0,1,1,正常,0,20260917
MOCK_TAG_0392,MOCK_CUST_0392,MOCK_ECIF_0392,上海珩森食品启有限公司,913101127000039231,20150606,存续,食品加工、预包装食品销售,2000000.00000000,CNY,1180000.00000000,CNY,私人控股,私营有限责任公司,小型,310000,310100,310112,上海市闵行区联航路472号1幢113室,44,C,14,149,1499,1,0,0,1,0,0,0,0,0,0,0,0,0,王文颖,MOCK_PERSON_0392,王文颖,MOCK_PERSON_0392,MOCK_ORG_SH_MH_01,MOCK_ORG_SH_MH,MOCK_ORG_SH_MH_01,MOCK_ORG_SH_MH,0,1,0,1,1,0,,20220720,20220717,20220719,,0,0.00000000,0,0,1,1,0,0,0,0,0,20220708,1,1,2554962.00000000,5,0,1,0,0,0,0,1803200.71000000,1211969.71000000,1185512.79000000,1120000.44000000,0,0,0,0,0,0,0,0,0.00000000,0.00000000,0.00000000,0.00000000,0.00000000,0.00000000,0.00000000,0.00000000,0.00000000,20260917,1000000.00000000,140000.00000000,0.00000000,0.00000000,0,0,0,0,0,0,0,0,0,0,0,0,0,0,0,,0.00000000,,,0,0,0,0,0,0,,0,0,0,0,0,0,0,0,,,1,0,12,0,0.00000000,0.00000000,0.00000000,,44,0,1,1,正常,0,20260917
MOCK_TAG_0393,MOCK_CUST_0393,MOCK_ECIF_0393,上海珩远信息科技启有限公司,913101157000039317,20070110,存续,软件开发、信息系统集成及技术咨询,1100000.00000000,CNY,418000.00000000,CNY,私人控股,私营有限责任公司,小型,310000,310100,310115,上海市浦东新区金海路473号2幢114室,81,I,65,651,6513,1,1,0,1,0,0,0,0,0,0,0,0,0,陈文颖,MOCK_PERSON_0393,陈文颖,MOCK_PERSON_0393,MOCK_ORG_SH_PD_02,MOCK_ORG_SH_PD,MOCK_ORG_SH_PD_02,MOCK_ORG_SH_PD,0,1,0,1,0,0,,20230814,20230811,,,0,0.00000000,0,0,1,0,0,0,0,0,0,20230804,1,1,1797634.00000000,4,0,1,0,0,0,0,121000.24000000,121000.24000000,121000.24000000,121000.24000000,0,0,0,0,0,0,0,0,0.00000000,0.00000000,0.00000000,0.00000000,0.00000000,0.00000000,0.00000000,0.00000000,0.00000000,20260917,220000.00000000,165000.00000000,0.00000000,0.00000000,0,0,0,0,0,0,0,0,1,0,0,1,0,0,0,,0.00000000,,,0,0,0,0,0,0,0–19,0,0,0,0,0,0,0,0,MOCK_GROUP_54,产业集团54,1,0,12,0,0.00000000,0.00000000,0.00000000,,81,0,1,0,正常,0,20260917
MOCK_TAG_0394,MOCK_CUST_0394,MOCK_ECIF_0394,上海珩衡信息科技启有限公司,9131011270000394XK,20110419,存续,软件开发、信息系统集成及技术咨询,2500000.00000000,CNY,2125000.00000000,CNY,私人控股,私营有限责任公司,小型,310000,310100,310112,上海市闵行区联航路474号3幢115室,57,I,65,651,6513,1,1,0,1,0,0,0,0,0,0,0,0,0,杨文颖,MOCK_PERSON_0394,钱文博,MOCK_PERSON_0066,MOCK_ORG_SH_MH_03,MOCK_ORG_SH_MH,MOCK_ORG_SH_MH_03,MOCK_ORG_SH_MH,0,1,0,1,1,0,,20230530,20230527,20230529,,0,0.00000000,0,0,1,1,0,0,0,0,0,20230524,1,1,1608968.00000000,3,0,1,0,0,0,0,3678751.87000000,1313957.40000000,1259599.95000000,1125000.57000000,0,0,0,0,0,0,0,0,0.00000000,0.00000000,0.00000000,0.00000000,0.00000000,0.00000000,0.00000000,0.00000000,0.00000000,20260917,1950000.00000000,1033500.00000000,0.00000000,0.00000000,0,0,0,0,0,0,0,0,1,0,0,1,0,0,0,A,1225000.00000000,CNY,嘉禾产业投资11,0,0,0,0,0,0,40–59,0,0,0,0,0,0,0,0,MOCK_GROUP_37,产业集团37,1,0,12,0,0.00000000,0.00000000,0.00000000,,57,0,1,1,正常,0,20260917
MOCK_TAG_0395,MOCK_CUST_0395,MOCK_ECIF_0395,宁波珩昕信息科技启有限公司,913302127000039581,20110314,存续,软件开发、信息系统集成及技术咨询,3400000.00000000,CNY,3196000.00000000,CNY,私人控股,私营有限责任公司,小型,330000,330200,330212,宁波市鄞州区首南东路475号4幢116室,74,I,65,651,6513,1,1,0,1,0,0,0,0,0,0,0,0,0,黄文颖,MOCK_PERSON_0395,黄文颖,MOCK_PERSON_0395,MOCK_ORG_ZJ_NB_04,MOCK_ORG_ZJ_NB,MOCK_ORG_ZJ_NB_04,MOCK_ORG_ZJ_NB,0,0,0,1,1,0,,,20240717,20240719,,0,0.00000000,0,0,1,1,0,0,0,0,0,20240710,1,1,1896600.00000000,4,0,1,0,0,0,0,1564000.29000000,2398605.59000000,1708595.76000000,1708595.76000000,1,0,0,0,0,0,0,0,4199000.00000000,2909907.00000000,2909907.00000000,1289093.00000000,2909907.00000000,2403782.15000000,2909907.00000000,0.00000000,0.00000000,20260917,5491000.00000000,3581747.00000000,4199000.00000000,2909907.00000000,0,0,0,0,0,0,0,0,1,0,0,1,0,0,0,,0.00000000,,,0,0,0,0,0,0,0–19,0,0,0,0,0,0,0,0,,,1,0,12,0,0.00000000,0.76470588,0.00000000,,74,0,1,1,正常,0,20260917
MOCK_TAG_0396,MOCK_CUST_0396,MOCK_ECIF_0396,上海珩途医疗科技启有限公司,91310112700003966E,20150719,存续,医疗器械研发、技术咨询及销售,4500000.00000000,CNY,2340000.00000000,CNY,私人控股,私营有限责任公司,小型,310000,310100,310112,上海市闵行区联航路476号5幢117室,25,C,35,358,3589,1,1,0,1,0,0,0,0,0,0,0,0,0,徐文颖,MOCK_PERSON_0396,李明博,MOCK_PERSON_0004,MOCK_ORG_SH_MH_05,MOCK_ORG_SH_MH,MOCK_ORG_SH_MH_05,MOCK_ORG_SH_MH,0,0,0,1,1,0,,,20241216,20241218,,0,0.00000000,0,0,1,1,0,0,0,0,0,20241215,1,1,2015372.00000000,4,0,1,0,0,0,0,4567050.20000000,2461740.68000000,2413774.22000000,2295000.10000000,0,0,0,0,0,0,0,0,0.00000000,0.00000000,0.00000000,0.00000000,0.00000000,0.00000000,0.00000000,0.00000000,0.00000000,20260917,3330000.00000000,1431900.00000000,0.00000000,0.00000000,0,0,0,0,0,0,0,0,0,0,0,1,0,0,0,C,3375000.00000000,CNY,嘉禾产业投资01,0,0,0,0,0,0,40–59,0,0,0,0,0,0,0,0,MOCK_GROUP_31,产业集团31,1,0,12,0,0.00000000,0.00000000,0.00000000,,25,0,1,1,正常,0,20260917
MOCK_TAG_0397,MOCK_CUST_0397,MOCK_ECIF_0397,杭州颂川精密制造启有限公司,91330108700003974Q,20090427,存续,工业零部件、自动化设备的研发与制造,2000000.00000000,CNY,1720000.00000000,CNY,私人控股,私营有限责任公司,小型,330000,330100,330108,杭州市滨江区江陵路477号6幢118室,86,C,34,348,3484,1,0,0,1,0,0,0,0,0,0,0,0,0,朱文颖,MOCK_PERSON_0397,朱清博,MOCK_PERSON_0285,MOCK_ORG_ZJ_HZ_06,MOCK_ORG_ZJ_HZ,MOCK_ORG_ZJ_HZ_06,MOCK_ORG_ZJ_HZ,1,1,0,1,1,1,20260418,20220614,20220611,20220613,20220615,380,3624061.96000000,76,1,1,1,0,0,0,0,0,20220602,1,1,2175596.00000000,4,0,1,0,0,0,0,840000.72000000,792391.16000000,762995.06000000,762995.06000000,1,0,0,0,1,0,0,0,360000.00000000,149796.00000000,149796.00000000,210204.00000000,149796.00000000,102186.44000000,149796.00000000,0.00000000,0.00000000,20260917,1740000.00000000,839796.00000000,360000.00000000,149796.00000000,0,0,0,0,0,0,0,0,0,0,0,0,0,0,0,B,1260000.00000000,CNY,嘉禾产业投资02,0,0,0,0,0,0,,0,0,0,0,0,0,0,0,MOCK_GROUP_05,产业集团05,1,0,12,5,0.00000000,0.20689655,9537.00515789,20260825,86,0,1,1,正常,0,20260917
MOCK_TAG_0398,MOCK_CUST_0398,MOCK_ECIF_0398,上海颂原商贸启有限公司,913101147000039821,20110529,存续,日用百货、五金及电子产品批发,2200000.00000000,CNY,1078000.00000000,CNY,私人控股,私营有限责任公司,小型,310000,310100,310114,上海市嘉定区嘉罗公路478号7幢119室,57,F,51,513,5135,1,0,0,1,0,0,0,0,0,0,0,0,0,胡文颖,MOCK_PERSON_0398,李景博,MOCK_PERSON_0196,MOCK_ORG_SH_JD_07,MOCK_ORG_SH_JD,MOCK_ORG_SH_JD_07,MOCK_ORG_SH_JD,1,0,0,1,0,0,20260305,,20250307,,,312,2480403.45000000,52,1,1,0,0,0,0,0,0,20250306,1,1,1756514.00000000,3,0,1,0,0,0,0,682000.64000000,682000.64000000,682000.64000000,682000.64000000,0,0,0,0,0,0,0,0,0.00000000,0.00000000,0.00000000,0.00000000,0.00000000,0.00000000,0.00000000,0.00000000,0.00000000,20260917,0.00000000,0.00000000,0.00000000,0.00000000,0,0,0,0,0,0,0,0,0,0,0,0,0,0,0,,0.00000000,,,0,0,0,0,0,0,,0,0,0,0,0,0,0,0,MOCK_GROUP_22,产业集团22,1,0,12,6,0.00000000,0.00000000,7950.01105769,20260820,57,0,1,0,正常,0,20260917
MOCK_TAG_0399,MOCK_CUST_0399,MOCK_ECIF_0399,宁波颂辰商贸启有限公司,91330212700003990C,20100616,存续,日用百货、五金及电子产品批发,2700000.00000000,CNY,1728000.00000000,CNY,私人控股,私营有限责任公司,小型,330000,330200,330212,宁波市鄞州区首南东路479号8幢120室,57,F,51,513,5135,1,0,0,1,0,0,0,0,0,0,0,0,0,林文颖,MOCK_PERSON_0399,林文颖,MOCK_PERSON_0399,MOCK_ORG_ZJ_NB_08,MOCK_ORG_ZJ_NB,MOCK_ORG_ZJ_NB_08,MOCK_ORG_ZJ_NB,0,0,0,0,0,0,,,,,,0,0.00000000,0,0,0,0,0,0,0,0,0,20221007,1,1,2305160.00000000,4,0,1,0,0,0,0,4836780.11000000,2609763.44000000,1859009.57000000,1441549.62000000,1,0,0,0,0,0,0,0,4158000.00000000,1772971.20000000,1772971.20000000,2385028.80000000,1772971.20000000,2025029.16000000,1772971.20000000,0.00000000,0.00000000,20260917,6183000.00000000,2015971.20000000,4158000.00000000,1772971.20000000,0,1,0,0,0,0,1,0,0,0,0,0,0,0,0,,0.00000000,,,0,0,0,0,0,0,,0,0,0,0,0,0,0,0,MOCK_GROUP_47,产业集团47,1,0,12,0,0.00000000,0.67248908,0.00000000,,57,0,0,0,正常,0,20260917
MOCK_TAG_0400,MOCK_CUST_0400,MOCK_ECIF_0400,上海颂宁精密制造启有限公司,91310115700004002B,20150711,存续,工业零部件、自动化设备的研发与制造,6000000.00000000,CNY,5880000.00000000,CNY,私人控股,私营有限责任公司,中型,310000,310100,310115,上海市浦东新区金海路480号1幢101室,357,C,34,348,3484,1,0,0,1,0,0,0,0,0,0,0,0,0,何文颖,MOCK_PERSON_0400,何文颖,MOCK_PERSON_0400,MOCK_ORG_SH_PD_01,MOCK_ORG_SH_PD,MOCK_ORG_SH_PD_01,MOCK_ORG_SH_PD,0,1,0,1,1,0,,20260718,20260715,20260717,,0,0.00000000,0,0,1,1,0,0,0,0,0,20260710,1,1,344954.00000000,1,0,1,0,0,1,0,3240000.10000000,872307.72000000,621369.88000000,621369.88000000,0,0,0,0,0,0,0,0,0.00000000,0.00000000,0.00000000,0.00000000,0.00000000,0.00000000,0.00000000,0.00000000,0.00000000,20260917,4080000.00000000,2325600.00000000,0.00000000,0.00000000,0,0,0,0,0,0,0,0,0,0,0,0,0,0,0,,0.00000000,,,0,0,0,0,0,0,,0,0,0,0,0,0,0,0,,,0,0,3,0,0.00000000,0.00000000,0.00000000,,357,0,1,1,正常,0,20260917
MOCK_TAG_0401,MOCK_CUST_0401,MOCK_ECIF_0401,宁波颂知精密制造启有限公司,913302127000040108,20130511,存续,工业零部件、自动化设备的研发与制造,3700000.00000000,CNY,3182000.00000000,CNY,私人控股,私营有限责任公司,小型,330000,330200,330212,宁波市鄞州区首南东路481号2幢102室,90,C,34,348,3484,1,0,0,1,0,0,0,0,0,0,0,0,0,赵昕颖,MOCK_PERSON_0401,吴远博,MOCK_PERSON_0022,MOCK_ORG_ZJ_NB_02,MOCK_ORG_ZJ_NB,MOCK_ORG_ZJ_NB_02,MOCK_ORG_ZJ_NB,0,1,0,1,1,1,,20220902,20220830,20220901,20220903,0,0.00000000,0,0,1,1,0,1,0,0,0,20220827,1,1,2115470.00000000,4,0,1,0,0,0,0,2183000.10000000,2183000.10000000,2183000.10000000,2183000.10000000,0,0,0,0,0,0,0,0,0.00000000,0.00000000,0.00000000,0.00000000,0.00000000,0.00000000,0.00000000,0.00000000,0.00000000,20260917,1332000.00000000,705960.00000000,0.00000000,0.00000000,0,0,0,0,0,0,0,0,0,0,0,0,0,0,0,,0.00000000,,,0,0,0,0,0,0,,0,0,0,0,0,0,0,0,MOCK_GROUP_19,产业集团19,1,0,12,0,0.00000000,0.00000000,0.00000000,,90,0,1,1,正常,0,20260917
MOCK_TAG_0402,MOCK_CUST_0402,MOCK_ECIF_0402,宁波颂禾信息科技启股份有限公司,913302127000040295,20140310,存续,软件开发、信息系统集成及技术咨询,225600000.00000000,CNY,106032000.00000000,CNY,私人控股,私营股份有限公司,大型,330000,330200,330212,宁波市鄞州区首南东路482号3幢103室,562,I,65,651,6513,1,1,0,1,0,0,0,0,0,0,0,0,0,钱昕颖,MOCK_PERSON_0402,陈思颖,MOCK_PERSON_0361,MOCK_ORG_ZJ_NB_03,MOCK_ORG_ZJ_NB,MOCK_ORG_ZJ_NB_03,MOCK_ORG_ZJ_NB,1,1,0,1,1,0,20260205,20221218,20221215,20221217,,3416,42639003.71000000,488,1,1,1,0,0,0,0,0,20221214,1,1,1905542.00000000,4,0,1,0,0,0,0,160807681.38000000,99974120.24000000,99769839.32000000,99264000.85000000,0,0,0,0,0,0,0,0,0.00000000,0.00000000,0.00000000,0.00000000,0.00000000,0.00000000,0.00000000,0.00000000,0.00000000,20260917,72192000.00000000,15160320.00000000,0.00000000,0.00000000,0,0,0,0,0,0,0,0,1,0,0,0,0,0,0,B,139872000.00000000,CNY,嘉禾产业投资07,1,0,0,0,0,0,60–79,0,0,0,0,0,0,0,0,MOCK_GROUP_10,产业集团10,1,0,12,7,0.00000000,0.00000000,12482.14394321,20260820,562,0,1,1,正常,0,20260917
MOCK_TAG_0403,MOCK_CUST_0403,MOCK_ECIF_0403,杭州颂润食品启有限公司,913301087000040372,20100323,存续,食品加工、预包装食品销售,4800000.00000000,CNY,4224000.00000000,CNY,私人控股,私营有限责任公司,小型,330000,330100,330108,杭州市滨江区江陵路483号4幢104室,46,C,14,149,1499,1,0,0,1,0,0,0,0,0,0,0,0,0,孙昕颖,MOCK_PERSON_0403,何思博,MOCK_PERSON_0048,MOCK_ORG_ZJ_HZ_04,MOCK_ORG_ZJ_HZ,MOCK_ORG_ZJ_HZ_04,MOCK_ORG_ZJ_HZ,1,1,0,0,1,0,20260323,20220902,,20220901,,246,1646972.28000000,41,1,0,1,0,0,0,0,0,20220827,1,1,2484094.00000000,5,0,1,0,0,0,0,1488000.76000000,1857752.22000000,1377101.98000000,1377101.98000000,1,0,0,0,0,0,0,0,4060800.00000000,1301080.32000000,1301080.32000000,2759719.68000000,1301080.32000000,1670831.78000000,1301080.32000000,0.00000000,0.00000000,20260917,4924800.00000000,1750360.32000000,4060800.00000000,1301080.32000000,0,0,0,0,0,0,0,0,0,0,0,0,0,0,0,,0.00000000,,,0,0,0,0,0,0,,0,0,0,0,0,0,0,0,MOCK_GROUP_23,产业集团23,1,0,12,6,298480.05000000,0.82456140,6695.00926829,20260910,46,0,0,1,正常,0,20260917
MOCK_TAG_0404,MOCK_CUST_0404,MOCK_ECIF_0404,杭州颂森食品启有限公司,91330108700004045W,20180627,存续,食品加工、预包装食品销售,2900000.00000000,CNY,2436000.00000000,CNY,私人控股,私营有限责任公司,小型,330000,330100,330108,杭州市滨江区江陵路484号5幢105室,49,C,14,149,1499,1,0,0,1,0,0,0,0,0,0,0,0,0,李昕颖,MOCK_PERSON_0404,李昕颖,MOCK_PERSON_0404,MOCK_ORG_ZJ_HZ_05,MOCK_ORG_ZJ_HZ,MOCK_ORG_ZJ_HZ_05,MOCK_ORG_ZJ_HZ,1,1,0,1,1,0,20260417,20220906,20220903,20220905,,240,1563122.13000000,48,1,1,1,0,0,0,0,0,20220901,1,1,2125798.00000000,4,0,1,0,0,0,0,1222640.07000000,1022298.72000000,845865.43000000,825471.67000000,1,0,0,0,0,0,0,0,1444200.00000000,490017.06000000,490017.06000000,954182.94000000,490017.06000000,584686.04000000,490017.06000000,0.00000000,0.00000000,20260917,2836200.00000000,824097.06000000,1444200.00000000,490017.06000000,0,0,0,0,0,0,0,0,0,0,0,0,0,0,0,,0.00000000,,,0,0,0,0,0,0,,0,0,0,0,0,0,0,0,MOCK_GROUP_09,产业集团09,1,0,12,5,340080.15000000,0.50920245,6513.00887500,20260905,49,0,1,1,正常,0,20260917
MOCK_TAG_0405,MOCK_CUST_0405,MOCK_ECIF_0405,上海颂远医疗科技启有限公司,913101147000040535,20150311,存续,医疗器械研发、技术咨询及销售,3600000.00000000,CNY,1980000.00000000,CNY,私人控股,私营有限责任公司,小型,310000,310100,310114,上海市嘉定区嘉罗公路485号6幢106室,63,C,35,358,3589,1,1,0,1,0,0,0,0,0,0,0,0,0,周昕颖,MOCK_PERSON_0405,周昕颖,MOCK_PERSON_0405,MOCK_ORG_SH_JD_06,MOCK_ORG_SH_JD,MOCK_ORG_SH_JD_06,MOCK_ORG_SH_JD,0,1,0,1,1,0,,20241116,20241113,20241115,,0,0.00000000,0,0,1,1,0,0,0,0,0,20241107,1,1,2470806.00000000,4,0,1,0,0,0,0,2088000.77000000,2138806.19000000,1900663.48000000,1900663.48000000,1,0,0,0,0,0,0,0,2736000.00000000,777024.00000000,777024.00000000,1958976.00000000,777024.00000000,827829.42000000,777024.00000000,0.00000000,0.00000000,20260917,4032000.00000000,1399104.00000000,2736000.00000000,777024.00000000,0,0,0,0,0,0,0,0,0,0,0,1,0,0,0,,0.00000000,,,0,0,0,0,0,0,20–39,0,0,0,0,0,0,0,0,,,1,0,12,0,0.00000000,0.67857143,0.00000000,,63,0,1,1,正常,0,20260917
MOCK_TAG_0406,MOCK_CUST_0406,MOCK_ECIF_0406,杭州颂衡信息科技启有限公司,91330108700004061J,20120721,存续,软件开发、信息系统集成及技术咨询,3400000.00000000,CNY,2074000.00000000,CNY,私人控股,私营有限责任公司,小型,330000,330100,330108,杭州市滨江区江陵路486号7幢107室,57,I,65,651,6513,1,1,0,1,0,0,0,0,0,0,0,0,0,吴昕颖,MOCK_PERSON_0406,吴昕颖,MOCK_PERSON_0406,MOCK_ORG_ZJ_HZ_07,MOCK_ORG_ZJ_HZ,MOCK_ORG_ZJ_HZ_07,MOCK_ORG_ZJ_HZ,1,1,0,1,1,0,20260615,20250504,20250501,20250503,,117,1545377.47000000,39,1,1,1,0,0,0,0,0,20250427,1,1,2443658.00000000,4,0,1,0,0,0,0,2281400.27000000,1005801.20000000,931639.23000000,748000.09000000,0,0,0,0,0,0,0,0,0.00000000,0.00000000,0.00000000,0.00000000,0.00000000,0.00000000,0.00000000,0.00000000,0.00000000,20260917,884000.00000000,256360.00000000,0.00000000,0.00000000,0,0,0,0,0,0,0,0,0,0,0,1,0,0,0,,0.00000000,,,0,0,0,0,0,0,0–19,0,0,0,0,0,0,0,0,,,1,0,12,3,507000.71000000,0.00000000,13208.35444444,20260905,57,0,1,1,正常,0,20260917
MOCK_TAG_0407,MOCK_CUST_0407,MOCK_ECIF_0407,杭州颂昕供应链启有限公司,9133010870000407XA,20070802,存续,仓储服务、国内货物运输代理,4800000.00000000,CNY,4464000.00000000,CNY,私人控股,私营有限责任公司,小型,330000,330100,330108,杭州市滨江区江陵路487号8幢108室,27,G,58,582,5821,1,0,0,1,0,0,0,0,0,0,0,0,0,郑昕颖,MOCK_PERSON_0407,郑昕颖,MOCK_PERSON_0407,MOCK_ORG_ZJ_HZ_08,MOCK_ORG_ZJ_HZ,MOCK_ORG_ZJ_HZ_08,MOCK_ORG_ZJ_HZ,1,1,0,1,0,0,20260327,20231202,20231129,,,150,1234003.04000000,25,1,1,0,0,0,0,0,0,20231125,1,1,2053962.00000000,5,0,1,0,0,0,0,5976002.24000000,2998708.82000000,2826477.77000000,2400000.90000000,0,0,0,0,0,0,0,0,0.00000000,0.00000000,0.00000000,0.00000000,0.00000000,0.00000000,0.00000000,0.00000000,0.00000000,20260917,576000.00000000,213120.00000000,0.00000000,0.00000000,0,0,0,0,0,0,0,0,0,0,0,0,0,0,0,C,1824000.00000000,CNY,嘉禾产业投资12,0,0,0,0,0,0,,0,0,0,0,0,0,0,0,,,1,0,12,6,222000.45000000,0.00000000,8226.68693333,20260915,27,0,1,0,正常,0,20260917
MOCK_TAG_0408,MOCK_CUST_0408,MOCK_ECIF_0408,苏州颂途信息科技启有限公司,913205717000040882,20171124,存续,软件开发、信息系统集成及技术咨询,4800000.00000000,CNY,3120000.00000000,CNY,私人控股,私营有限责任公司,小型,320000,320500,320571,苏州市工业园区星湖街488号1幢109室,61,I,65,651,6513,1,1,0,1,0,0,0,0,0,0,0,0,0,王昕颖,MOCK_PERSON_0408,胡文博,MOCK_PERSON_0078,MOCK_ORG_JS_SZ_01,MOCK_ORG_JS_SZ,MOCK_ORG_JS_SZ_01,MOCK_ORG_JS_SZ,1,0,0,1,1,0,20251127,,20240822,20240824,,420,5607004.70000000,42,1,1,1,0,0,0,0,0,20240813,1,1,2138174.00000000,4,1,1,0,0,0,0,0.00000000,122.98000000,123.11000000,123.11000000,0,0,0,0,0,0,0,0,0.00000000,0.00000000,0.00000000,0.00000000,0.00000000,0.00000000,0.00000000,0.00000000,0.00000000,20260917,1680000.00000000,436800.00000000,0.00000000,0.00000000,0,0,0,0,0,0,0,0,0,0,0,1,0,0,0,,0.00000000,,,0,0,0,0,0,0,40–59,0,0,0,0,0,0,0,0,MOCK_GROUP_25,产业集团25,1,0,12,10,567000.05000000,0.00000000,13350.01119048,20260905,61,0,1,1,正常,0,20260917
MOCK_TAG_0409,MOCK_CUST_0409,MOCK_ECIF_0409,上海澜川商贸启有限公司,91310112700004096M,20130901,存续,日用百货、五金及电子产品批发,4700000.00000000,CNY,4653000.00000000,CNY,私人控股,私营有限责任公司,小型,310000,310100,310112,上海市闵行区联航路489号2幢110室,79,F,51,513,5135,1,0,0,1,0,0,0,0,0,0,0,0,0,陈昕颖,MOCK_PERSON_0409,陈昕颖,MOCK_PERSON_0409,MOCK_ORG_SH_MH_02,MOCK_ORG_SH_MH,MOCK_ORG_SH_MH_02,MOCK_ORG_SH_MH,1,1,0,1,1,1,20251106,20240528,20240525,20240527,20240529,600,5208756.43000000,60,1,1,1,0,0,0,0,0,20240524,1,1,1887744.00000000,4,0,1,0,0,0,0,427700.66000000,266128.87000000,257174.09000000,235000.36000000,0,0,0,0,0,0,0,0,0.00000000,0.00000000,0.00000000,0.00000000,0.00000000,0.00000000,0.00000000,0.00000000,0.00000000,20260917,3243000.00000000,1491780.00000000,0.00000000,0.00000000,0,0,0,0,0,0,0,0,0,0,0,0,0,0,0,,0.00000000,,,0,0,0,0,0,0,,0,0,0,0,0,0,0,0,,,1,0,12,10,0.00000000,0.00000000,8681.26071667,20260825,79,0,1,1,正常,0,20260917
MOCK_TAG_0410,MOCK_CUST_0410,MOCK_ECIF_0410,苏州澜原食品启有限公司,91320571700004109J,20090114,存续,食品加工、预包装食品销售,3200000.00000000,CNY,1504000.00000000,CNY,私人控股,私营有限责任公司,小型,320000,320500,320571,苏州市工业园区星湖街490号3幢111室,59,C,14,149,1499,1,0,0,1,0,0,0,0,0,0,0,0,0,杨昕颖,MOCK_PERSON_0410,杨昕颖,MOCK_PERSON_0410,MOCK_ORG_JS_SZ_03,MOCK_ORG_JS_SZ,MOCK_ORG_JS_SZ_03,MOCK_ORG_JS_SZ,1,1,0,1,1,0,20260517,20240908,20240905,20240907,,200,1225251.29000000,50,1,1,1,0,0,0,0,0,20240828,1,1,2270652.00000000,4,0,1,0,0,0,0,1447040.19000000,1647518.75000000,1173575.00000000,1087757.13000000,1,0,0,0,0,0,0,0,3238400.00000000,928449.28000000,928449.28000000,2309950.72000000,928449.28000000,1528522.31000000,928449.28000000,0.00000000,0.00000000,20260917,5382400.00000000,1314369.28000000,3238400.00000000,928449.28000000,0,0,0,0,0,0,0,0,0,0,0,0,0,0,0,,0.00000000,,,0,0,0,0,0,0,,0,0,0,0,0,0,0,0,,,1,0,12,4,0.00000000,0.60166468,6126.25645000,20260825,59,0,1,1,正常,0,20260917
MOCK_TAG_0411,MOCK_CUST_0411,MOCK_ECIF_0411,杭州澜辰商贸启有限公司,91330108700004117M,20221120,存续,日用百货、五金及电子产品批发,400000.00000000,CNY,320000.00000000,CNY,私人控股,私营有限责任公司,小型,330000,330100,330108,杭州市滨江区江陵路491号4幢112室,71,F,51,513,5135,1,0,0,1,0,0,0,0,0,0,0,0,0,黄昕颖,MOCK_PERSON_0411,黄昕颖,MOCK_PERSON_0411,MOCK_ORG_ZJ_HZ_04,MOCK_ORG_ZJ_HZ,MOCK_ORG_ZJ_HZ_04,MOCK_ORG_ZJ_HZ,1,1,0,1,0,1,20260105,20250227,20250224,,20250228,376,3094953.80000000,47,1,1,0,0,1,0,0,0,20250215,1,1,2526524.00000000,4,0,1,0,0,0,0,152000.37000000,310117.37000000,264631.66000000,264631.66000000,1,0,0,0,0,0,0,0,482800.00000000,0.00000000,0.00000000,482800.00000000,0.00000000,158117.00000000,0.00000000,0.00000000,0.00000000,20260917,658800.00000000,33440.00000000,482800.00000000,0.00000000,0,0,0,0,0,0,0,0,0,0,0,0,0,0,0,,0.00000000,,,0,0,0,0,0,0,,0,0,0,0,0,0,0,0,,,1,0,12,8,0.00000000,0.73284760,8231.26010638,20260820,71,0,1,0,正常,0,20260917
MOCK_TAG_0412,MOCK_CUST_0412,MOCK_ECIF_0412,上海澜宁供应链启有限公司,91310114700004125X,20070520,存续,仓储服务、国内货物运输代理,1000000.00000000,CNY,880000.00000000,CNY,私人控股,私营有限责任公司,小型,310000,310100,310114,上海市嘉定区嘉罗公路492号5幢113室,88,G,58,582,5821,1,0,0,1,0,0,0,0,0,0,0,0,0,徐昕颖,MOCK_PERSON_0412,徐昕颖,MOCK_PERSON_0412,MOCK_ORG_SH_JD_05,MOCK_ORG_SH_JD,MOCK_ORG_SH_JD_05,MOCK_ORG_SH_JD,0,1,0,1,1,0,,20220622,20220619,20220621,,0,0.00000000,0,0,1,1,0,0,0,0,0,20220614,1,1,2044764.00000000,4,0,1,0,0,0,0,382801.64000000,227514.82000000,225353.29000000,220000.94000000,0,0,0,0,0,0,0,0,0.00000000,0.00000000,0.00000000,0.00000000,0.00000000,0.00000000,0.00000000,0.00000000,0.00000000,20260917,310000.00000000,145700.00000000,0.00000000,0.00000000,0,0,0,0,0,0,0,0,0,0,0,0,0,0,0,,0.00000000,,,0,0,0,0,0,0,,0,0,0,0,0,0,0,0,,,1,0,12,0,0.00000000,0.00000000,0.00000000,,88,0,1,1,正常,0,20260917
MOCK_TAG_0413,MOCK_CUST_0413,MOCK_ECIF_0413,上海澜知商贸启有限公司,913101157000041337,20070718,存续,日用百货、五金及电子产品批发,3600000.00000000,CNY,2376000.00000000,CNY,私人控股,私营有限责任公司,小型,310000,310100,310115,上海市浦东新区金海路493号6幢114室,30,F,51,513,5135,1,0,0,1,0,0,0,0,0,0,0,0,0,朱昕颖,MOCK_PERSON_0413,朱昕颖,MOCK_PERSON_0413,MOCK_ORG_SH_PD_06,MOCK_ORG_SH_PD,MOCK_ORG_SH_PD_06,MOCK_ORG_SH_PD,0,1,0,1,1,0,,20241209,20241206,20241208,,0,0.00000000,0,0,1,1,0,0,0,0,0,20241204,1,1,2089814.00000000,4,0,1,0,0,0,0,1476000.28000000,1780835.87000000,1268540.62000000,1268540.62000000,1,0,0,0,0,0,0,0,2242800.00000000,1598667.84000000,1598667.84000000,644132.16000000,1598667.84000000,1781307.67000000,1598667.84000000,0.00000000,0.00000000,20260917,3970800.00000000,2808267.84000000,2242800.00000000,1598667.84000000,0,1,0,0,0,0,1,0,0,0,0,0,0,0,0,,0.00000000,,,0,0,0,0,0,0,,0,0,0,0,0,0,0,0,,,1,0,12,0,0.00000000,0.56482321,0.00000000,,30,0,1,1,正常,0,20260917
MOCK_TAG_0414,MOCK_CUST_0414,MOCK_ECIF_0414,上海澜禾医疗科技启有限公司,91310112700004141N,20130905,存续,医疗器械研发、技术咨询及销售,21300000.00000000,CNY,12993000.00000000,CNY,私人控股,私营有限责任公司,中型,310000,310100,310112,上海市闵行区联航路494号7幢115室,244,C,35,358,3589,1,1,0,1,0,0,0,0,0,0,0,0,0,胡昕颖,MOCK_PERSON_0414,朱清博,MOCK_PERSON_0285,MOCK_ORG_SH_MH_07,MOCK_ORG_SH_MH,MOCK_ORG_SH_MH_07,MOCK_ORG_SH_MH,1,1,0,1,0,0,20251026,20230126,20230123,,,2090,23303504.57000000,190,1,1,0,0,0,0,0,0,20230114,1,1,2302378.00000000,4,0,1,0,0,1,0,20639700.23000000,13386758.36000000,10967701.74000000,9681998.71000000,1,0,0,0,0,0,0,0,13802400.00000000,5885343.36000000,5885343.36000000,7917056.64000000,5885343.36000000,6604172.35000000,5885343.36000000,0.00000000,0.00000000,20260917,28073400.00000000,7597863.36000000,13802400.00000000,5885343.36000000,0,0,0,0,0,0,0,0,1,0,0,1,0,0,0,,0.00000000,,,0,0,0,0,0,0,40–59,0,0,0,0,0,0,0,0,MOCK_GROUP_05,产业集团05,1,0,12,11,1860100.43000000,0.49165402,11150.00218660,20260915,244,0,1,0,正常,0,20260917
MOCK_TAG_0415,MOCK_CUST_0415,MOCK_ECIF_0415,杭州澜润商贸启有限公司,9133010870000415XX,20180605,存续,日用百货、五金及电子产品批发,7800000.00000000,CNY,7020000.00000000,CNY,私人控股,私营有限责任公司,中型,330000,330100,330108,杭州市滨江区江陵路495号8幢116室,155,F,51,513,5135,1,0,0,1,0,0,0,0,0,0,0,0,0,林昕颖,MOCK_PERSON_0415,林昕颖,MOCK_PERSON_0415,MOCK_ORG_ZJ_HZ_08,MOCK_ORG_ZJ_HZ,MOCK_ORG_ZJ_HZ_08,MOCK_ORG_ZJ_HZ,1,0,0,1,1,0,20260617,,20230102,20230104,,339,3000150.93000000,113,1,1,1,0,0,0,0,0,20221228,1,1,1977832.00000000,4,0,1,0,0,1,0,2847000.25000000,3075672.90000000,2863779.45000000,2763020.54000000,1,0,0,0,0,0,0,0,2901600.00000000,0.00000000,0.00000000,2901600.00000000,0.00000000,984222.72000000,0.00000000,0.00000000,0.00000000,20260917,4773600.00000000,1404000.00000000,2901600.00000000,0.00000000,0,0,0,0,0,0,0,0,0,0,0,0,0,0,0,,0.00000000,,,0,0,0,0,0,0,,0,0,0,0,0,0,0,0,,,1,0,12,3,0.00000000,0.60784314,8850.00274336,20260825,155,0,1,1,正常,0,20260917
MOCK_TAG_0416,MOCK_CUST_0416,MOCK_ECIF_0416,宁波澜森食品启有限公司,91330212700004168U,20190925,存续,食品加工、预包装食品销售,49000000.00000000,CNY,16660000.00000000,CNY,私人控股,私营有限责任公司,中型,330000,330200,330212,宁波市鄞州区首南东路496号1幢117室,475,C,14,149,1499,1,0,0,1,0,0,0,0,0,0,0,0,0,何昕颖,MOCK_PERSON_0416,何昕颖,MOCK_PERSON_0416,MOCK_ORG_ZJ_NB_01,MOCK_ORG_ZJ_NB,MOCK_ORG_ZJ_NB_01,MOCK_ORG_ZJ_NB,1,0,0,1,1,0,20251203,,20221001,20221003,,4180,29248508.80000000,418,1,1,1,0,0,0,0,0,20220923,1,1,1815550.00000000,4,0,1,0,0,1,0,5385100.24000000,3678147.47000000,3606762.62000000,3430000.15000000,0,0,0,0,0,0,0,0,0.00000000,0.00000000,0.00000000,0.00000000,0.00000000,0.00000000,0.00000000,0.00000000,0.00000000,20260917,35280000.00000000,16934400.00000000,0.00000000,0.00000000,0,0,0,0,0,0,0,0,0,0,0,0,0,0,0,,0.00000000,,,0,0,0,0,0,0,,0,0,0,0,0,0,0,0,MOCK_GROUP_55,产业集团55,1,0,12,10,2635490.16000000,0.00000000,6997.25090909,20260910,475,0,1,1,正常,0,20260917
MOCK_TAG_0417,MOCK_CUST_0417,MOCK_ECIF_0417,杭州澜远食品启有限公司,91330108700004176Q,20100823,存续,食品加工、预包装食品销售,3700000.00000000,CNY,3256000.00000000,CNY,私人控股,私营有限责任公司,小型,330000,330100,330108,杭州市滨江区江陵路497号2幢118室,61,C,14,149,1499,1,0,0,1,0,0,0,0,0,0,0,0,0,赵瑞颖,MOCK_PERSON_0417,赵瑞颖,MOCK_PERSON_0417,MOCK_ORG_ZJ_HZ_02,MOCK_ORG_ZJ_HZ,MOCK_ORG_ZJ_HZ_02,MOCK_ORG_ZJ_HZ,0,0,0,1,0,0,,,20230218,,,0,0.00000000,0,0,1,0,0,0,0,0,0,20230214,1,1,1819432.00000000,3,0,1,0,0,0,0,2006880.16000000,1048803.50000000,899680.82000000,879877.21000000,1,0,0,0,0,0,0,0,2331000.00000000,357575.40000000,357575.40000000,1973424.60000000,357575.40000000,490577.60000000,357575.40000000,0.00000000,0.00000000,20260917,3885000.00000000,839315.40000000,2331000.00000000,357575.40000000,0,0,0,0,0,0,0,0,0,0,0,0,0,0,0,,0.00000000,,,0,0,0,0,0,0,,0,0,0,0,0,0,0,0,,,1,0,12,0,0.00000000,0.60000000,0.00000000,,61,0,1,0,正常,0,20260917
MOCK_TAG_0418,MOCK_CUST_0418,MOCK_ECIF_0418,上海澜衡医疗科技启有限公司,913101127000041844,20200827,存续,医疗器械研发、技术咨询及销售,4400000.00000000,CNY,2948000.00000000,CNY,私人控股,私营有限责任公司,小型,310000,310100,310112,上海市闵行区联航路498号3幢119室,43,C,35,358,3589,1,1,0,1,0,0,0,0,0,0,0,0,0,钱瑞颖,MOCK_PERSON_0418,钱瑞颖,MOCK_PERSON_0418,MOCK_ORG_SH_MH_03,MOCK_ORG_SH_MH,MOCK_ORG_SH_MH_03,MOCK_ORG_SH_MH,0,1,0,1,1,0,,20230320,20230317,20230319,,0,0.00000000,0,0,1,1,0,0,0,0,0,20230307,1,1,2221534.00000000,4,1,1,0,0,0,0,0.00000000,122.98000000,123.11000000,123.11000000,0,0,0,0,0,0,0,0,0.00000000,0.00000000,0.00000000,0.00000000,0.00000000,0.00000000,0.00000000,0.00000000,0.00000000,20260917,1056000.00000000,158400.00000000,0.00000000,0.00000000,0,0,0,0,0,0,0,0,0,0,0,1,0,0,0,,0.00000000,,,0,0,0,0,0,0,40–59,0,0,0,0,0,0,0,0,,,1,0,12,0,0.00000000,0.00000000,0.00000000,,43,0,1,1,正常,0,20260917
MOCK_TAG_0419,MOCK_CUST_0419,MOCK_ECIF_0419,上海澜昕精密制造启有限公司,91310112700004192Y,20050327,存续,工业零部件、自动化设备的研发与制造,32800000.00000000,CNY,22304000.00000000,CNY,私人控股,私营有限责任公司,中型,310000,310100,310112,上海市闵行区联航路499号4幢120室,482,C,34,348,3484,1,0,0,1,0,0,0,0,0,0,0,0,0,孙瑞颖,MOCK_PERSON_0419,孙瑞颖,MOCK_PERSON_0419,MOCK_ORG_SH_MH_04,MOCK_ORG_SH_MH,MOCK_ORG_SH_MH_04,MOCK_ORG_SH_MH,0,0,0,1,1,1,,,20220826,20220828,20220830,0,0.00000000,0,0,1,1,0,0,0,0,0,20220824,1,1,2224818.00000000,4,0,1,0,0,1,0,19844002.11000000,9672216.41000000,9248702.35000000,8200000.87000000,0,0,0,0,0,0,0,0,0.00000000,0.00000000,0.00000000,0.00000000,0.00000000,0.00000000,0.00000000,0.00000000,0.00000000,20260917,6888000.00000000,3512880.00000000,0.00000000,0.00000000,0,0,0,0,0,0,0,0,0,0,0,0,0,0,0,A,24928000.00000000,CNY,嘉禾产业投资12,0,0,0,0,0,0,,0,0,0,0,0,0,0,0,,,1,0,12,0,0.00000000,0.00000000,0.00000000,,482,0,1,1,正常,0,20260917
MOCK_TAG_0420,MOCK_CUST_0420,MOCK_ECIF_0420,上海澜途食品启有限公司,913101157000042050,20100719,存续,食品加工、预包装食品销售,5000000.00000000,CNY,2250000.00000000,CNY,私人控股,私营有限责任公司,小型,310000,310100,310115,上海市浦东新区金海路500号5幢101室,32,C,14,149,1499,1,0,0,1,0,0,0,0,0,0,0,0,0,李瑞颖,MOCK_PERSON_0420,陈瑞博,MOCK_PERSON_0105,MOCK_ORG_SH_PD_05,MOCK_ORG_SH_PD,MOCK_ORG_SH_PD_05,MOCK_ORG_SH_PD,1,0,0,1,0,0,20251102,,20230909,,,200,1387104.90000000,20,1,1,0,0,0,0,0,0,20230901,1,1,2502154.00000000,4,0,1,0,0,0,0,550000.68000000,2635918.31000000,1877640.44000000,1877640.44000000,1,0,0,0,0,0,0,0,6450000.00000000,1599600.00000000,1599600.00000000,4850400.00000000,1599600.00000000,2639955.23000000,1599600.00000000,0.00000000,0.00000000,20260917,8650000.00000000,3227600.00000000,6450000.00000000,1599600.00000000,0,1,0,0,0,0,1,0,0,0,0,0,0,0,0,,0.00000000,,,0,0,0,0,0,0,,0,0,0,0,0,0,0,0,MOCK_GROUP_43,产业集团43,1,0,12,10,0.00000000,0.74566474,6935.52450000,20260820,32,0,1,0,正常,0,20260917
MOCK_TAG_0421,MOCK_CUST_0421,MOCK_ECIF_0421,苏州屿川商贸启有限公司,91320571700004213N,20140330,存续,日用百货、五金及电子产品批发,400000.00000000,CNY,336000.00000000,CNY,私人控股,私营有限责任公司,小型,320000,320500,320571,苏州市工业园区星湖街501号6幢102室,46,F,51,513,5135,1,0,0,1,0,0,0,0,0,0,0,0,0,周瑞颖,MOCK_PERSON_0421,周瑞颖,MOCK_PERSON_0421,MOCK_ORG_JS_SZ_06,MOCK_ORG_JS_SZ,MOCK_ORG_JS_SZ_06,MOCK_ORG_JS_SZ,1,0,0,1,1,0,20260403,,20220903,20220905,,204,1698303.26000000,34,1,1,1,0,1,0,0,0,20220829,1,1,2111690.00000000,4,0,1,0,0,0,0,266960.64000000,196503.86000000,194057.67000000,188000.45000000,0,0,0,0,0,0,0,0,0.00000000,0.00000000,0.00000000,0.00000000,0.00000000,0.00000000,0.00000000,0.00000000,0.00000000,20260917,132000.00000000,19800.00000000,0.00000000,0.00000000,0,0,0,0,0,0,0,0,0,0,0,0,0,0,0,B,268000.00000000,CNY,嘉禾产业投资02,0,0,0,0,0,0,,0,0,0,0,0,0,0,0,MOCK_GROUP_14,产业集团14,1,0,12,6,277950.79000000,0.00000000,8325.01598039,20260915,46,0,1,1,正常,0,20260917
MOCK_TAG_0422,MOCK_CUST_0422,MOCK_ECIF_0422,杭州屿原精密制造启有限公司,91330108700004221R,20110105,存续,工业零部件、自动化设备的研发与制造,19700000.00000000,CNY,13593000.00000000,CNY,私人控股,私营有限责任公司,中型,330000,330100,330108,杭州市滨江区江陵路502号7幢103室,262,C,34,348,3484,1,0,0,1,0,0,0,0,0,0,0,0,0,吴瑞颖,MOCK_PERSON_0422,吴瑞颖,MOCK_PERSON_0422,MOCK_ORG_ZJ_HZ_07,MOCK_ORG_ZJ_HZ,MOCK_ORG_ZJ_HZ_07,MOCK_ORG_ZJ_HZ,0,1,0,1,0,0,,20260627,20260624,,,0,0.00000000,0,0,1,0,0,0,0,0,0,20260620,1,1,389602.00000000,1,0,1,0,0,1,0,12608000.01000000,4364307.70000000,3108821.92000000,3108821.92000000,0,0,0,0,0,0,0,0,0.00000000,0.00000000,0.00000000,0.00000000,0.00000000,0.00000000,0.00000000,0.00000000,0.00000000,20260917,13790000.00000000,7860300.00000000,0.00000000,0.00000000,0,0,0,0,0,0,0,0,0,0,0,0,0,0,0,,0.00000000,,,0,0,0,0,0,0,,0,0,0,0,0,0,0,0,,,0,0,3,0,0.00000000,0.00000000,0.00000000,,262,0,1,0,正常,0,20260917
MOCK_TAG_0423,MOCK_CUST_0423,MOCK_ECIF_0423,宁波屿辰商贸启有限公司,9133021270000423XF,20141003,存续,日用百货、五金及电子产品批发,5000000.00000000,CNY,4350000.00000000,CNY,私人控股,私营有限责任公司,小型,330000,330200,330212,宁波市鄞州区首南东路503号8幢104室,9,F,51,513,5135,1,0,0,1,0,0,0,0,0,0,0,0,0,郑瑞颖,MOCK_PERSON_0423,郑瑞颖,MOCK_PERSON_0423,MOCK_ORG_ZJ_NB_08,MOCK_ORG_ZJ_NB,MOCK_ORG_ZJ_NB_08,MOCK_ORG_ZJ_NB,1,1,0,1,0,0,20260108,20220701,20220628,,,64,529503.41000000,8,1,1,0,0,0,0,0,0,20220625,1,1,2002314.00000000,4,0,1,0,0,0,0,2850000.63000000,2205157.70000000,1788290.71000000,1788290.71000000,1,0,0,0,0,0,0,0,3360000.00000000,2093952.00000000,2093952.00000000,1266048.00000000,2093952.00000000,1449109.07000000,2093952.00000000,0.00000000,0.00000000,20260917,5060000.00000000,2467952.00000000,3360000.00000000,2093952.00000000,0,0,0,0,0,0,0,0,0,0,0,0,0,0,0,,0.00000000,,,0,0,0,0,0,0,,0,0,0,0,0,0,0,0,,,1,0,12,8,0.00000000,0.66403162,8273.49078125,20260820,9,0,1,0,正常,0,20260917
MOCK_TAG_0424,MOCK_CUST_0424,MOCK_ECIF_0424,苏州屿宁商贸启有限公司,913205717000042489,20080302,存续,日用百货、五金及电子产品批发,2800000.00000000,CNY,2604000.00000000,CNY,私人控股,私营有限责任公司,小型,320000,320500,320571,苏州市工业园区星湖街504号1幢105室,74,F,51,513,5135,1,0,0,1,0,0,0,0,0,0,0,0,0,王瑞颖,MOCK_PERSON_0424,王瑞颖,MOCK_PERSON_0424,MOCK_ORG_JS_SZ_01,MOCK_ORG_JS_SZ,MOCK_ORG_JS_SZ_01,MOCK_ORG_JS_SZ,1,0,0,0,1,1,20260128,,,20250102,20250104,488,3655429.58000000,61,1,0,1,0,0,0,0,0,20241224,1,1,1827150.00000000,3,0,1,0,0,0,0,1064000.89000000,2669310.89000000,2207509.38000000,2207509.38000000,1,0,0,0,0,0,0,0,4522000.00000000,0.00000000,0.00000000,4522000.00000000,0.00000000,1605310.00000000,0.00000000,0.00000000,0.00000000,20260917,5978000.00000000,1048320.00000000,4522000.00000000,0.00000000,0,0,0,0,0,0,0,0,0,0,0,0,0,0,0,,0.00000000,,,0,0,0,0,0,0,,0,0,0,0,0,0,0,0,,,1,0,12,8,393450.70000000,0.75644028,7490.63438525,20260910,74,0,0,1,正常,0,20260917
MOCK_TAG_0425,MOCK_CUST_0425,MOCK_ECIF_0425,上海屿知信息科技启有限公司,913101157000042568,20230821,存续,软件开发、信息系统集成及技术咨询,1100000.00000000,CNY,528000.00000000,CNY,私人控股,私营有限责任公司,小型,310000,310100,310115,上海市浦东新区金海路505号2幢106室,28,I,65,651,6513,1,1,0,1,0,0,0,0,0,0,0,0,0,陈瑞颖,MOCK_PERSON_0425,林文颖,MOCK_PERSON_0399,MOCK_ORG_SH_PD_02,MOCK_ORG_SH_PD,MOCK_ORG_SH_PD_02,MOCK_ORG_SH_PD,1,1,0,1,1,0,20251107,20241022,20241019,20241021,,209,2705131.48000000,19,1,1,1,0,0,0,0,0,20241016,1,1,1256140.00000000,3,0,1,0,0,0,0,801900.03000000,369399.47000000,348572.23000000,297000.01000000,0,0,0,0,0,0,0,0,0.00000000,0.00000000,0.00000000,0.00000000,0.00000000,0.00000000,0.00000000,0.00000000,0.00000000,20260917,781000.00000000,351450.00000000,0.00000000,0.00000000,0,0,0,0,0,0,0,0,1,0,0,1,0,0,0,,0.00000000,,,0,0,0,0,0,0,0–19,0,0,0,0,0,0,0,0,MOCK_GROUP_47,产业集团47,1,0,12,11,249375.36000000,0.00000000,12943.21282297,20260915,28,0,1,1,正常,0,20260917
MOCK_TAG_0426,MOCK_CUST_0426,MOCK_ECIF_0426,上海屿禾医疗科技启有限公司,91310112700004264P,20110927,存续,医疗器械研发、技术咨询及销售,4600000.00000000,CNY,2162000.00000000,CNY,私人控股,私营有限责任公司,小型,310000,310100,310112,上海市闵行区联航路506号3幢107室,31,C,35,358,3589,1,1,0,1,0,0,0,0,0,0,0,0,0,杨瑞颖,MOCK_PERSON_0426,杨泽博,MOCK_PERSON_0186,MOCK_ORG_SH_MH_03,MOCK_ORG_SH_MH,MOCK_ORG_SH_MH_03,MOCK_ORG_SH_MH,0,1,0,1,0,0,,20250621,20250618,,,0,0.00000000,0,0,1,0,0,0,0,0,0,20250614,1,1,2037674.00000000,4,0,1,0,0,0,0,3744400.16000000,2758867.81000000,2693029.16000000,2530000.11000000,0,0,0,0,0,0,0,0,0.00000000,0.00000000,0.00000000,0.00000000,0.00000000,0.00000000,0.00000000,0.00000000,0.00000000,20260917,1242000.00000000,273240.00000000,0.00000000,0.00000000,0,0,0,0,0,0,0,0,1,0,0,1,0,0,0,,0.00000000,,,0,0,0,0,0,0,60–79,0,0,0,0,0,0,0,0,MOCK_GROUP_36,产业集团36,1,0,12,0,0.00000000,0.00000000,0.00000000,,31,0,1,0,正常,0,20260917
MOCK_TAG_0427,MOCK_CUST_0427,MOCK_ECIF_0427,苏州屿润商贸启有限公司,91320571700004272R,20091006,存续,日用百货、五金及电子产品批发,1400000.00000000,CNY,560000.00000000,CNY,私人控股,私营有限责任公司,小型,320000,320500,320571,苏州市工业园区星湖街507号4幢108室,51,F,51,513,5135,1,0,0,1,0,0,0,0,0,0,0,0,0,黄瑞颖,MOCK_PERSON_0427,黄瑞颖,MOCK_PERSON_0427,MOCK_ORG_JS_SZ_04,MOCK_ORG_JS_SZ,MOCK_ORG_JS_SZ_04,MOCK_ORG_JS_SZ,0,1,0,1,0,0,,20240207,20240204,,,0,0.00000000,0,0,1,0,0,0,0,0,0,20240127,1,1,2451722.00000000,4,0,1,0,0,0,0,1187200.73000000,622591.16000000,604585.58000000,560000.35000000,0,0,0,0,0,0,0,0,0.00000000,0.00000000,0.00000000,0.00000000,0.00000000,0.00000000,0.00000000,0.00000000,0.00000000,20260917,952000.00000000,647360.00000000,0.00000000,0.00000000,0,0,0,0,0,0,0,0,0,0,0,0,0,0,0,,0.00000000,,,0,0,0,0,0,0,,0,0,0,0,0,0,0,0,,,1,0,12,0,0.00000000,0.00000000,0.00000000,,51,0,1,0,正常,0,20260917
MOCK_TAG_0428,MOCK_CUST_0428,MOCK_ECIF_0428,上海屿森医疗科技启有限公司,91310114700004280A,20220613,存续,医疗器械研发、技术咨询及销售,700000.00000000,CNY,427000.00000000,CNY,私人控股,私营有限责任公司,小型,310000,310100,310114,上海市嘉定区嘉罗公路508号5幢109室,24,C,35,358,3589,1,1,0,1,0,0,0,0,0,0,0,0,0,徐瑞颖,MOCK_PERSON_0428,徐瑞颖,MOCK_PERSON_0428,MOCK_ORG_SH_JD_05,MOCK_ORG_SH_JD,MOCK_ORG_SH_JD_05,MOCK_ORG_SH_JD,1,1,0,1,1,0,20260324,20240815,20240812,20240814,,132,1703682.52000000,22,1,1,1,0,0,0,0,0,20240811,1,1,2142544.00000000,4,0,1,0,0,0,0,77000.50000000,317311.58000000,248180.99000000,248180.99000000,1,0,0,0,0,0,0,0,579600.00000000,0.00000000,0.00000000,579600.00000000,0.00000000,240311.08000000,0.00000000,0.00000000,0.00000000,20260917,677600.00000000,25480.00000000,579600.00000000,0.00000000,0,0,0,0,0,0,0,0,1,0,0,1,0,0,0,,0.00000000,,,0,0,0,0,0,0,0–19,0,0,0,0,0,0,0,0,,,1,0,12,6,283140.05000000,0.85537190,12906.68575758,20260910,24,0,1,1,正常,0,20260917
MOCK_TAG_0429,MOCK_CUST_0429,MOCK_ECIF_0429,宁波屿远商贸启有限公司,91330212700004299P,20201128,存续,日用百货、五金及电子产品批发,500000.00000000,CNY,325000.00000000,CNY,私人控股,私营有限责任公司,小型,330000,330200,330212,宁波市鄞州区首南东路509号6幢110室,9,F,51,513,5135,1,0,0,1,0,0,0,0,0,0,0,0,0,朱瑞颖,MOCK_PERSON_0429,李昕颖,MOCK_PERSON_0404,MOCK_ORG_ZJ_NB_06,MOCK_ORG_ZJ_NB,MOCK_ORG_ZJ_NB_06,MOCK_ORG_ZJ_NB,1,1,0,1,0,0,20251002,20240109,20240106,,,72,566557.81000000,6,1,1,0,0,0,0,0,0,20240103,1,1,1990516.00000000,4,0,1,0,0,0,0,240000.50000000,169038.81000000,163561.98000000,150000.31000000,0,0,0,0,0,0,0,0,0.00000000,0.00000000,0.00000000,0.00000000,0.00000000,0.00000000,0.00000000,0.00000000,0.00000000,20260917,170000.00000000,119000.00000000,0.00000000,0.00000000,0,0,0,0,0,0,0,0,0,0,0,0,0,0,0,C,250000.00000000,CNY,嘉禾产业投资10,0,0,0,0,0,0,,0,0,0,0,0,0,0,0,MOCK_GROUP_09,产业集团09,1,0,12,12,48150.99000000,0.00000000,7868.85847222,20260915,9,0,1,0,正常,0,20260917
MOCK_TAG_0430,MOCK_CUST_0430,MOCK_ECIF_0430,宁波屿衡精密制造启有限公司,91330212700004301B,20230420,存续,工业零部件、自动化设备的研发与制造,4200000.00000000,CNY,1302000.00000000,CNY,私人控股,私营有限责任公司,小型,330000,330200,330212,宁波市鄞州区首南东路510号7幢111室,81,C,34,348,3484,1,0,0,1,0,0,0,0,0,0,0,0,0,胡瑞颖,MOCK_PERSON_0430,胡瑞颖,MOCK_PERSON_0430,MOCK_ORG_ZJ_NB_07,MOCK_ORG_ZJ_NB,MOCK_ORG_ZJ_NB_07,MOCK_ORG_ZJ_NB,0,0,0,0,1,1,,,,20250621,20250623,0,0.00000000,0,0,0,1,0,0,0,0,0,20250615,1,1,1878480.00000000,4,0,1,0,0,0,0,1723680.27000000,1607843.86000000,1145313.43000000,1064921.97000000,1,0,0,0,1,0,0,0,6972000.00000000,1223586.00000000,1223586.00000000,5748414.00000000,1223586.00000000,1495815.78000000,1223586.00000000,0.00000000,0.00000000,20260917,7938000.00000000,1445766.00000000,6972000.00000000,1223586.00000000,0,0,0,0,0,0,0,0,0,0,0,0,0,0,0,,0.00000000,,,0,0,0,0,0,0,,0,0,0,0,0,0,0,0,,,1,0,12,0,0.00000000,0.87830688,0.00000000,,81,0,0,1,正常,0,20260917
MOCK_TAG_0431,MOCK_CUST_0431,MOCK_ECIF_0431,杭州屿昕供应链启有限公司,9133010870000431X5,20210211,存续,仓储服务、国内货物运输代理,1100000.00000000,CNY,627000.00000000,CNY,私人控股,私营有限责任公司,小型,330000,330100,330108,杭州市滨江区江陵路511号8幢112室,76,G,58,582,5821,1,0,0,1,0,0,0,0,0,0,0,0,0,林瑞颖,MOCK_PERSON_0431,林瑞颖,MOCK_PERSON_0431,MOCK_ORG_ZJ_HZ_08,MOCK_ORG_ZJ_HZ,MOCK_ORG_ZJ_HZ_08,MOCK_ORG_ZJ_HZ,0,1,0,1,0,0,,20230425,20230422,,,0,0.00000000,0,0,1,0,0,1,0,0,0,20230412,1,1,2291218.00000000,5,0,1,0,0,0,0,1519652.22000000,559883.89000000,541218.87000000,495000.72000000,0,0,0,0,0,0,0,0,0.00000000,0.00000000,0.00000000,0.00000000,0.00000000,0.00000000,0.00000000,0.00000000,0.00000000,20260917,286000.00000000,197340.00000000,0.00000000,0.00000000,0,0,0,0,0,0,0,0,0,0,0,0,0,0,0,,0.00000000,,,0,0,0,0,0,0,,0,0,0,0,0,0,0,0,,,1,0,12,0,0.00000000,0.00000000,0.00000000,,76,0,1,0,正常,0,20260917
MOCK_TAG_0432,MOCK_CUST_0432,MOCK_ECIF_0432,宁波屿途食品正有限公司,913302127000043283,20160801,存续,食品加工、预包装食品销售,3000000.00000000,CNY,2490000.00000000,CNY,私人控股,私营有限责任公司,小型,330000,330200,330212,宁波市鄞州区首南东路512号1幢113室,44,C,14,149,1499,1,0,0,1,0,0,0,0,0,0,0,0,0,何瑞颖,MOCK_PERSON_0432,何瑞颖,MOCK_PERSON_0432,MOCK_ORG_ZJ_NB_01,MOCK_ORG_ZJ_NB,MOCK_ORG_ZJ_NB_01,MOCK_ORG_ZJ_NB,0,0,0,1,0,0,,,20241227,,,0,0.00000000,0,0,1,0,0,0,0,0,0,20241226,1,1,2260520.00000000,5,0,1,0,0,0,0,960000.60000000,1139030.68000000,811364.32000000,811364.32000000,1,0,0,0,0,0,0,0,4182000.00000000,1150886.40000000,1150886.40000000,3031113.60000000,1150886.40000000,1139764.85000000,1150886.40000000,0.00000000,0.00000000,20260917,6552000.00000000,1790786.40000000,4182000.00000000,1150886.40000000,0,0,0,0,0,0,0,0,0,0,0,0,0,0,0,,0.00000000,,,0,0,0,0,0,0,,0,0,0,0,0,0,0,0,,,1,0,12,0,0.00000000,0.63827839,0.00000000,,44,0,1,0,正常,0,20260917
MOCK_TAG_0433,MOCK_CUST_0433,MOCK_ECIF_0433,杭州澄川商贸正有限公司,913301087000043360,20100702,存续,日用百货、五金及电子产品批发,3300000.00000000,CNY,1683000.00000000,CNY,私人控股,私营有限责任公司,小型,330000,330100,330108,杭州市滨江区江陵路513号2幢114室,66,F,51,513,5135,1,0,0,1,0,0,0,0,0,0,0,0,0,赵安颖,MOCK_PERSON_0433,林思颖,MOCK_PERSON_0367,MOCK_ORG_ZJ_HZ_02,MOCK_ORG_ZJ_HZ,MOCK_ORG_ZJ_HZ_02,MOCK_ORG_ZJ_HZ,0,1,0,1,1,0,,20221211,20221208,20221210,,0,0.00000000,0,0,1,1,0,0,0,0,0,20221202,1,1,2497384.00000000,5,0,1,0,0,0,0,1585981.25000000,750222.59000000,705281.98000000,594000.47000000,0,0,0,0,0,0,0,0,0.00000000,0.00000000,0.00000000,0.00000000,0.00000000,0.00000000,0.00000000,0.00000000,0.00000000,20260917,2112000.00000000,696960.00000000,0.00000000,0.00000000,0,0,0,0,0,0,0,0,0,0,0,0,0,0,0,,0.00000000,,,0,0,0,0,0,0,,0,0,0,0,0,0,0,0,MOCK_GROUP_59,产业集团59,1,0,12,0,0.00000000,0.00000000,0.00000000,,66,0,1,1,正常,0,20260917
MOCK_TAG_0434,MOCK_CUST_0434,MOCK_ECIF_0434,宁波澄原医疗科技正有限公司,91330212700004344Q,20231020,存续,医疗器械研发、技术咨询及销售,44700000.00000000,CNY,44253000.00000000,CNY,私人控股,私营有限责任公司,中型,330000,330200,330212,宁波市鄞州区首南东路514号3幢115室,151,C,35,358,3589,1,1,0,1,0,0,0,0,0,0,0,0,0,钱安颖,MOCK_PERSON_0434,钱安颖,MOCK_PERSON_0434,MOCK_ORG_ZJ_NB_03,MOCK_ORG_ZJ_NB,MOCK_ORG_ZJ_NB_03,MOCK_ORG_ZJ_NB,1,1,0,1,0,0,20251203,20250112,20250109,,,963,11646418.78000000,107,1,1,0,0,0,0,0,0,20250108,1,1,1750398.00000000,4,0,1,0,0,1,0,7152000.30000000,11951261.58000000,9064225.34000000,9064225.34000000,1,0,0,0,0,0,0,0,16986000.00000000,11061283.20000000,11061283.20000000,5924716.80000000,11061283.20000000,11966297.28000000,11061283.20000000,0.00000000,0.00000000,20260917,46488000.00000000,15191563.20000000,16986000.00000000,11061283.20000000,0,1,0,0,0,0,1,0,1,0,0,1,0,0,0,,0.00000000,,,0,0,0,0,0,0,40–59,0,0,0,0,0,0,0,0,,,1,0,12,9,0.00000000,0.36538462,12093.89281412,20260820,151,0,1,0,正常,0,20260917
MOCK_TAG_0435,MOCK_CUST_0435,MOCK_ECIF_0435,宁波澄辰精密制造正有限公司,91330212700004352K,20181212,存续,工业零部件、自动化设备的研发与制造,4000000.00000000,CNY,3560000.00000000,CNY,私人控股,私营有限责任公司,小型,330000,330200,330212,宁波市鄞州区首南东路515号4幢116室,70,C,34,348,3484,1,0,0,1,0,0,0,0,0,0,0,0,0,孙安颖,MOCK_PERSON_0435,孙安颖,MOCK_PERSON_0435,MOCK_ORG_ZJ_NB_04,MOCK_ORG_ZJ_NB,MOCK_ORG_ZJ_NB_04,MOCK_ORG_ZJ_NB,0,1,0,1,0,1,,20240903,20240831,,20240904,0,0.00000000,0,0,1,0,0,0,0,0,0,20240826,1,1,1698450.00000000,3,1,1,0,0,0,0,0.00000000,122.98000000,123.11000000,123.11000000,0,0,0,0,0,0,0,0,0.00000000,0.00000000,0.00000000,0.00000000,0.00000000,0.00000000,0.00000000,0.00000000,0.00000000,20260917,2120000.00000000,318000.00000000,0.00000000,0.00000000,0,0,0,0,0,0,0,0,0,0,0,0,0,0,0,C,840000.00000000,CNY,嘉禾产业投资04,0,0,0,0,0,0,,0,0,0,0,0,0,0,0,MOCK_GROUP_15,产业集团15,1,0,12,0,0.00000000,0.00000000,0.00000000,,70,0,1,0,正常,0,20260917
MOCK_TAG_0436,MOCK_CUST_0436,MOCK_ECIF_0436,上海澄宁食品正有限公司,91310115700004360C,20120119,存续,食品加工、预包装食品销售,4200000.00000000,CNY,2352000.00000000,CNY,私人控股,私营有限责任公司,小型,310000,310100,310115,上海市浦东新区金海路516号5幢117室,50,C,14,149,1499,1,0,0,1,0,0,0,0,0,0,0,0,0,李安颖,MOCK_PERSON_0436,李安颖,MOCK_PERSON_0436,MOCK_ORG_SH_PD_05,MOCK_ORG_SH_PD,MOCK_ORG_SH_PD_05,MOCK_ORG_SH_PD,0,1,0,1,0,0,,20260605,20260602,,,0,0.00000000,0,0,1,0,0,0,0,0,0,20260526,1,1,663740.00000000,2,0,1,0,0,0,0,714000.19000000,315807.78000000,224958.96000000,224958.96000000,0,0,0,0,0,0,0,0,0.00000000,0.00000000,0.00000000,0.00000000,0.00000000,0.00000000,0.00000000,0.00000000,0.00000000,20260917,1932000.00000000,869400.00000000,0.00000000,0.00000000,0,0,0,0,0,0,0,0,0,0,0,0,0,0,0,B,2688000.00000000,CNY,嘉禾产业投资05,0,0,0,0,0,0,,0,0,0,0,0,0,0,0,,,0,0,4,0,0.00000000,0.00000000,0.00000000,,50,0,1,0,正常,0,20260917
MOCK_TAG_0437,MOCK_CUST_0437,MOCK_ECIF_0437,宁波澄知精密制造正有限公司,91330212700004379B,20150526,存续,工业零部件、自动化设备的研发与制造,7600000.00000000,CNY,6536000.00000000,CNY,私人控股,私营有限责任公司,中型,330000,330200,330212,宁波市鄞州区首南东路517号6幢118室,230,C,34,348,3484,1,0,0,1,0,0,0,0,0,0,0,0,0,周安颖,MOCK_PERSON_0437,周宁颖,MOCK_PERSON_0373,MOCK_ORG_ZJ_NB_06,MOCK_ORG_ZJ_NB,MOCK_ORG_ZJ_NB_06,MOCK_ORG_ZJ_NB,0,0,0,1,1,0,,,20230216,20230218,,0,0.00000000,0,0,1,1,0,0,0,0,0,20230215,1,1,3109380.00000000,5,0,1,0,0,1,0,4560000.63000000,4560000.63000000,4560000.63000000,4560000.63000000,0,0,0,0,0,0,0,0,0.00000000,0.00000000,0.00000000,0.00000000,0.00000000,0.00000000,0.00000000,0.00000000,0.00000000,20260917,4256000.00000000,2383360.00000000,0.00000000,0.00000000,0,0,0,0,0,0,0,0,0,0,0,0,0,0,0,,0.00000000,,,0,0,0,0,0,0,,0,0,0,0,0,0,0,0,MOCK_GROUP_48,产业集团48,1,0,12,0,0.00000000,0.00000000,0.00000000,,230,0,1,1,正常,0,20260917
MOCK_TAG_0438,MOCK_CUST_0438,MOCK_ECIF_0438,宁波澄禾信息科技正有限公司,913302127000043876,20180217,存续,软件开发、信息系统集成及技术咨询,279100000.00000000,CNY,139550000.00000000,CNY,私人控股,私营有限责任公司,大型,330000,330200,330212,宁波市鄞州区首南东路518号7幢119室,2270,I,65,651,6513,1,1,0,1,0,0,0,0,0,0,0,0,0,吴安颖,MOCK_PERSON_0438,吴安颖,MOCK_PERSON_0438,MOCK_ORG_ZJ_NB_07,MOCK_ORG_ZJ_NB,MOCK_ORG_ZJ_NB_07,MOCK_ORG_ZJ_NB,0,1,0,1,1,0,,20250305,20250302,20250304,,0,0.00000000,0,0,1,1,0,0,0,0,0,20250301,1,1,1811212.00000000,4,0,1,0,0,0,0,44656000.88000000,323974300.86000000,242345543.98000000,242345543.98000000,1,0,0,0,0,0,0,0,445443600.00000000,285039359.64000000,285039359.64000000,160404240.36000000,285039359.64000000,324898852.24000000,285039359.64000000,0.00000000,0.00000000,20260917,587784600.00000000,387524879.64000000,445443600.00000000,285039359.64000000,0,0,0,0,0,0,0,0,1,0,0,0,0,0,0,,0.00000000,,,0,0,0,0,0,0,20–39,0,0,0,0,0,0,0,0,,,1,0,12,0,0.00000000,0.75783476,0.00000000,,2270,0,1,1,正常,0,20260917
MOCK_TAG_0439,MOCK_CUST_0439,MOCK_ECIF_0439,苏州澄润精密制造正有限公司,91320571700004395T,20171218,存续,工业零部件、自动化设备的研发与制造,4000000.00000000,CNY,1520000.00000000,CNY,私人控股,私营有限责任公司,小型,320000,320500,320571,苏州市工业园区星湖街519号8幢120室,80,C,34,348,3484,1,0,0,1,0,0,0,0,0,0,0,0,0,郑安颖,MOCK_PERSON_0439,赵泽博,MOCK_PERSON_0177,MOCK_ORG_JS_SZ_08,MOCK_ORG_JS_SZ,MOCK_ORG_JS_SZ_08,MOCK_ORG_JS_SZ,1,1,0,1,0,1,20251007,20231017,20231014,,20231018,649,5997945.85000000,59,1,1,0,0,0,0,0,0,20231010,1,1,2408236.00000000,4,0,1,0,0,0,0,1920000.30000000,1920000.30000000,1920000.30000000,1920000.30000000,0,0,0,0,0,0,0,0,0.00000000,0.00000000,0.00000000,0.00000000,0.00000000,0.00000000,0.00000000,0.00000000,0.00000000,20260917,680000.00000000,285600.00000000,0.00000000,0.00000000,0,0,0,0,0,0,0,0,0,0,0,0,0,0,0,,0.00000000,,,0,0,0,0,0,0,,0,0,0,0,0,0,0,0,MOCK_GROUP_06,产业集团06,1,0,12,11,0.00000000,0.00000000,9241.82719569,20260825,80,0,1,0,正常,0,20260917
MOCK_TAG_0440,MOCK_CUST_0440,MOCK_ECIF_0440,上海澄森供应链正有限公司,91310115700004408L,20091016,存续,仓储服务、国内货物运输代理,3100000.00000000,CNY,2821000.00000000,CNY,私人控股,私营有限责任公司,小型,310000,310100,310115,上海市浦东新区金海路520号1幢101室,90,G,58,582,5821,1,0,0,1,0,0,0,0,0,0,0,0,0,王安颖,MOCK_PERSON_0440,王安颖,MOCK_PERSON_0440,MOCK_ORG_SH_PD_01,MOCK_ORG_SH_PD,MOCK_ORG_SH_PD_01,MOCK_ORG_SH_PD,0,0,0,1,1,0,,,20230225,20230227,,0,0.00000000,0,0,1,1,0,0,0,0,0,20230215,1,1,2723020.00000000,5,0,1,0,0,0,0,620000.86000000,620000.86000000,620000.86000000,620000.86000000,0,0,0,0,0,0,0,0,0.00000000,0.00000000,0.00000000,0.00000000,0.00000000,0.00000000,0.00000000,0.00000000,0.00000000,20260917,1488000.00000000,937440.00000000,0.00000000,0.00000000,0,0,0,0,0,0,0,0,0,0,0,0,0,0,0,,0.00000000,,,0,0,0,0,0,0,,0,0,0,0,0,0,0,0,,,1,0,12,0,0.00000000,0.00000000,0.00000000,,90,0,1,1,正常,0,20260917
MOCK_TAG_0441,MOCK_CUST_0441,MOCK_ECIF_0441,上海澄远商贸正有限公司,91310115700004416F,20200505,存续,日用百货、五金及电子产品批发,1600000.00000000,CNY,976000.00000000,CNY,私人控股,私营有限责任公司,小型,310000,310100,310115,上海市浦东新区金海路521号2幢102室,36,F,51,513,5135,1,0,0,1,0,0,0,0,0,0,0,0,0,陈安颖,MOCK_PERSON_0441,陈安颖,MOCK_PERSON_0441,MOCK_ORG_SH_PD_02,MOCK_ORG_SH_PD,MOCK_ORG_SH_PD_02,MOCK_ORG_SH_PD,0,1,0,1,1,1,,20220831,20220828,20220830,20220901,0,0.00000000,0,0,1,1,0,1,0,0,0,20220824,1,1,2370682.00000000,4,0,1,0,0,0,0,816000.70000000,837140.79000000,730668.11000000,730668.11000000,1,0,0,0,0,0,0,0,614400.00000000,348979.20000000,348979.20000000,265420.80000000,348979.20000000,370119.29000000,348979.20000000,0.00000000,0.00000000,20260917,1814400.00000000,1116979.20000000,614400.00000000,348979.20000000,0,1,0,0,0,0,1,0,0,0,0,0,0,0,0,,0.00000000,,,0,0,0,0,0,0,,0,0,0,0,0,0,0,0,,,1,0,12,0,0.00000000,0.33862434,0.00000000,,36,0,1,1,正常,0,20260917
MOCK_TAG_0442,MOCK_CUST_0442,MOCK_ECIF_0442,杭州澄衡医疗科技正有限公司,91330108700004424E,20191020,存续,医疗器械研发、技术咨询及销售,500000.00000000,CNY,215000.00000000,CNY,私人控股,私营有限责任公司,小型,330000,330100,330108,杭州市滨江区江陵路522号3幢103室,38,C,35,358,3589,1,1,0,1,0,0,0,0,0,0,0,0,0,杨安颖,MOCK_PERSON_0442,杨安颖,MOCK_PERSON_0442,MOCK_ORG_ZJ_HZ_03,MOCK_ORG_ZJ_HZ,MOCK_ORG_ZJ_HZ_03,MOCK_ORG_ZJ_HZ,1,0,0,1,1,0,20260617,,20230326,20230328,,81,971191.72000000,27,1,1,1,0,0,0,0,0,20230318,1,1,1797906.00000000,4,0,1,0,0,0,0,140000.38000000,164295.76000000,118643.67000000,118643.67000000,1,0,0,0,0,0,0,0,320000.00000000,134400.00000000,134400.00000000,185600.00000000,134400.00000000,158695.38000000,134400.00000000,0.00000000,0.00000000,20260917,595000.00000000,282900.00000000,320000.00000000,134400.00000000,0,0,0,0,0,0,0,0,1,0,0,1,0,0,0,,0.00000000,,,0,0,0,0,0,0,20–39,0,0,0,0,0,0,0,0,,,1,0,12,3,0.00000000,0.53781513,11990.02123457,20260825,38,0,1,1,正常,0,20260917
MOCK_TAG_0443,MOCK_CUST_0443,MOCK_ECIF_0443,苏州澄昕信息科技正有限公司,913205717000044321,20160321,存续,软件开发、信息系统集成及技术咨询,2400000.00000000,CNY,2064000.00000000,CNY,私人控股,私营有限责任公司,小型,320000,320500,320571,苏州市工业园区星湖街523号4幢104室,50,I,65,651,6513,1,1,0,1,0,0,0,0,0,0,0,0,0,黄安颖,MOCK_PERSON_0443,黄安颖,MOCK_PERSON_0443,MOCK_ORG_JS_SZ_04,MOCK_ORG_JS_SZ,MOCK_ORG_JS_SZ_04,MOCK_ORG_JS_SZ,1,0,0,1,1,0,20251009,,20240713,20240715,,451,6047505.97000000,41,1,1,1,0,0,0,0,0,20240707,1,1,2423640.00000000,4,0,1,0,0,0,0,1224000.75000000,900995.42000000,750438.23000000,750438.23000000,1,0,0,0,0,0,0,0,1768800.00000000,846370.80000000,846370.80000000,922429.20000000,846370.80000000,523365.47000000,846370.80000000,0.00000000,0.00000000,20260917,2440800.00000000,1081570.80000000,1768800.00000000,846370.80000000,0,0,0,0,0,0,0,0,1,0,0,1,0,0,0,B,1272000.00000000,CNY,嘉禾产业投资12,0,0,0,0,0,0,20–39,0,0,0,0,0,0,0,0,,,1,0,12,11,0.00000000,0.72468043,13409.10414634,20260825,50,0,1,1,正常,0,20260917
MOCK_TAG_0444,MOCK_CUST_0444,MOCK_ECIF_0444,上海澄途食品正有限公司,913101157000044400,20150215,存续,食品加工、预包装食品销售,34500000.00000000,CNY,27255000.00000000,CNY,私人控股,私营有限责任公司,中型,310000,310100,310115,上海市浦东新区金海路524号5幢105室,433,C,14,149,1499,1,0,0,1,0,0,0,0,0,0,0,0,0,徐安颖,MOCK_PERSON_0444,徐安颖,MOCK_PERSON_0444,MOCK_ORG_SH_PD_05,MOCK_ORG_SH_PD,MOCK_ORG_SH_PD_05,MOCK_ORG_SH_PD,0,1,0,1,0,0,,20250721,20250718,,,0,0.00000000,0,0,1,0,0,0,0,0,0,20250717,1,1,1531184.00000000,3,0,1,0,0,1,0,40185600.59000000,30865096.23000000,27146917.94000000,24914493.79000000,1,0,0,0,0,0,0,0,30429000.00000000,0.00000000,0.00000000,30429000.00000000,0.00000000,9791115.92000000,0.00000000,0.00000000,0.00000000,20260917,49404000.00000000,12333750.00000000,30429000.00000000,0.00000000,0,0,0,0,0,0,0,0,0,0,0,0,0,0,0,,0.00000000,,,0,0,0,0,0,0,,0,0,0,0,0,0,0,0,,,1,0,12,0,0.00000000,0.61592179,0.00000000,,433,0,1,0,正常,0,20260917
MOCK_TAG_0445,MOCK_CUST_0445,MOCK_ECIF_0445,宁波禾川信息科技正有限公司,91330212700004459Y,20120129,存续,软件开发、信息系统集成及技术咨询,29400000.00000000,CNY,23226000.00000000,CNY,私人控股,私营有限责任公司,中型,330000,330200,330212,宁波市鄞州区首南东路525号6幢106室,460,I,65,651,6513,1,1,0,1,0,0,0,0,0,0,0,0,0,朱安颖,MOCK_PERSON_0445,朱安颖,MOCK_PERSON_0445,MOCK_ORG_ZJ_NB_06,MOCK_ORG_ZJ_NB,MOCK_ORG_ZJ_NB_06,MOCK_ORG_ZJ_NB,0,0,0,1,0,0,,,20241227,,,0,0.00000000,0,0,1,0,0,0,0,0,0,20241226,1,1,2636720.00000000,5,0,1,0,0,1,0,12348000.32000000,17146486.31000000,13781272.26000000,13781272.26000000,1,0,0,0,0,0,0,0,29635200.00000000,11889642.24000000,11889642.24000000,17745557.76000000,11889642.24000000,16688128.23000000,11889642.24000000,0.00000000,0.00000000,20260917,29635200.00000000,11889642.24000000,29635200.00000000,11889642.24000000,0,0,0,0,0,0,0,0,0,0,0,1,0,0,0,,0.00000000,,,0,0,0,0,0,0,60–79,0,0,0,0,0,0,0,0,,,1,0,12,0,0.00000000,1.00000000,0.00000000,,460,0,1,0,正常,0,20260917
MOCK_TAG_0446,MOCK_CUST_0446,MOCK_ECIF_0446,上海禾原供应链正有限公司,91310112700004467C,20121229,存续,仓储服务、国内货物运输代理,1500000.00000000,CNY,1305000.00000000,CNY,私人控股,私营有限责任公司,小型,310000,310100,310112,上海市闵行区联航路526号7幢107室,76,G,58,582,5821,1,0,0,1,0,0,0,0,0,0,0,0,0,胡安颖,MOCK_PERSON_0446,胡安颖,MOCK_PERSON_0446,MOCK_ORG_SH_MH_07,MOCK_ORG_SH_MH,MOCK_ORG_SH_MH_07,MOCK_ORG_SH_MH,0,1,0,1,0,0,,20250405,20250402,,,0,0.00000000,0,0,1,0,0,0,0,0,0,20250325,1,1,2122080.00000000,4,0,1,0,0,0,0,630000.70000000,520090.37000000,470131.87000000,470131.87000000,1,0,0,0,0,0,0,0,418500.00000000,283575.60000000,283575.60000000,134924.40000000,283575.60000000,173665.27000000,283575.60000000,0.00000000,0.00000000,20260917,823500.00000000,453675.60000000,418500.00000000,283575.60000000,0,0,0,0,0,0,0,0,0,0,0,0,0,0,0,,0.00000000,,,0,0,0,0,0,0,,0,0,0,0,0,0,0,0,,,1,0,12,0,0.00000000,0.50819672,0.00000000,,76,0,1,0,正常,0,20260917
MOCK_TAG_0447,MOCK_CUST_0447,MOCK_ECIF_0447,杭州禾辰商贸正有限公司,91330108700004475N,20220116,存续,日用百货、五金及电子产品批发,9600000.00000000,CNY,4032000.00000000,CNY,私人控股,私营有限责任公司,中型,330000,330100,330108,杭州市滨江区江陵路527号8幢108室,465,F,51,513,5135,1,0,0,1,0,0,0,0,0,0,0,0,0,林安颖,MOCK_PERSON_0447,林安颖,MOCK_PERSON_0447,MOCK_ORG_ZJ_HZ_08,MOCK_ORG_ZJ_HZ,MOCK_ORG_ZJ_HZ_08,MOCK_ORG_ZJ_HZ,0,1,0,1,0,0,,20231110,20231107,,,0,0.00000000,0,0,1,0,0,0,0,0,0,20231105,1,1,2215276.00000000,4,0,1,0,0,1,0,1344000.23000000,1344000.23000000,1344000.23000000,1344000.23000000,0,0,0,0,0,0,0,0,0.00000000,0.00000000,0.00000000,0.00000000,0.00000000,0.00000000,0.00000000,0.00000000,0.00000000,20260917,3744000.00000000,2695680.00000000,0.00000000,0.00000000,0,0,0,0,0,0,0,0,0,0,0,0,0,0,0,,0.00000000,,,0,0,0,0,0,0,,0,0,0,0,0,0,0,0,,,1,0,12,0,0.00000000,0.00000000,0.00000000,,465,0,1,0,正常,0,20260917
MOCK_TAG_0448,MOCK_CUST_0448,MOCK_ECIF_0448,杭州禾宁供应链正有限公司,91330108700004483H,20130721,存续,仓储服务、国内货物运输代理,37000000.00000000,CNY,35890000.00000000,CNY,私人控股,私营有限责任公司,中型,330000,330100,330108,杭州市滨江区江陵路528号1幢109室,417,G,58,582,5821,1,0,0,1,0,0,0,0,0,0,0,0,0,何安颖,MOCK_PERSON_0448,何安颖,MOCK_PERSON_0448,MOCK_ORG_ZJ_HZ_01,MOCK_ORG_ZJ_HZ,MOCK_ORG_ZJ_HZ_01,MOCK_ORG_ZJ_HZ,0,0,0,1,1,0,,,20240720,20240722,,0,0.00000000,0,0,1,1,0,0,0,0,0,20240711,1,1,1833964.00000000,4,0,1,0,0,1,0,26166402.28000000,11327550.99000000,10836337.93000000,9620000.84000000,0,0,0,0,0,0,0,0,0.00000000,0.00000000,0.00000000,0.00000000,0.00000000,0.00000000,0.00000000,0.00000000,0.00000000,20260917,21090000.00000000,13497600.00000000,0.00000000,0.00000000,0,0,0,0,0,0,0,0,0,0,0,0,0,0,0,,0.00000000,,,0,0,0,0,0,0,,0,0,0,0,0,0,0,0,,,1,0,12,0,0.00000000,0.00000000,0.00000000,,417,0,1,1,正常,0,20260917
MOCK_TAG_0449,MOCK_CUST_0449,MOCK_ECIF_0449,上海禾知供应链正有限公司,913101157000044918,20220106,存续,仓储服务、国内货物运输代理,1000000.00000000,CNY,850000.00000000,CNY,私人控股,私营有限责任公司,小型,310000,310100,310115,上海市浦东新区金海路529号2幢110室,80,G,58,582,5821,1,0,0,1,0,0,0,0,0,0,0,0,0,赵嘉颖,MOCK_PERSON_0449,赵嘉颖,MOCK_PERSON_0449,MOCK_ORG_SH_PD_02,MOCK_ORG_SH_PD,MOCK_ORG_SH_PD_02,MOCK_ORG_SH_PD,0,1,0,1,1,0,,20260629,20260626,20260628,,0,0.00000000,0,0,1,1,0,0,0,0,0,20260616,1,1,357756.00000000,1,1,1,0,0,0,0,0.00000000,44.16000000,31.45000000,31.45000000,0,0,0,0,0,0,0,0,0.00000000,0.00000000,0.00000000,0.00000000,0.00000000,0.00000000,0.00000000,0.00000000,0.00000000,20260917,450000.00000000,94500.00000000,0.00000000,0.00000000,0,0,0,0,0,0,0,0,0,0,0,0,0,0,0,B,760000.00000000,CNY,嘉禾产业投资06,0,0,0,0,0,0,,0,0,0,0,0,0,0,0,,,0,0,3,0,0.00000000,0.00000000,0.00000000,,80,0,1,1,正常,0,20260917
MOCK_TAG_0450,MOCK_CUST_0450,MOCK_ECIF_0450,上海禾禾商贸正有限公司,91310115700004504X,20171004,存续,日用百货、五金及电子产品批发,4100000.00000000,CNY,1599000.00000000,CNY,私人控股,私营有限责任公司,小型,310000,310100,310115,上海市浦东新区金海路530号3幢111室,89,F,51,513,5135,1,0,0,1,0,0,0,0,0,0,0,0,0,钱嘉颖,MOCK_PERSON_0450,钱嘉颖,MOCK_PERSON_0450,MOCK_ORG_SH_PD_03,MOCK_ORG_SH_PD,MOCK_ORG_SH_PD_03,MOCK_ORG_SH_PD,0,1,0,1,1,1,,20250504,20250501,20250503,20250505,0,0.00000000,0,0,1,1,0,0,0,0,0,20250423,1,1,1893538.00000000,4,0,1,0,0,0,0,1640000.83000000,4064841.43000000,3091620.53000000,3091620.53000000,1,0,0,0,0,0,0,0,7216000.00000000,3310700.80000000,3310700.80000000,3905299.20000000,3310700.80000000,4071267.20000000,3310700.80000000,0.00000000,0.00000000,20260917,7503000.00000000,3468550.80000000,7216000.00000000,3310700.80000000,0,0,0,0,0,0,0,0,0,0,0,0,0,0,0,,0.00000000,,,0,0,0,0,0,0,,0,0,0,0,0,0,0,0,,,1,0,12,0,0.00000000,0.96174863,0.00000000,,89,0,1,1,正常,0,20260917
MOCK_TAG_0451,MOCK_CUST_0451,MOCK_ECIF_0451,上海禾润医疗科技正有限公司,91310112700004512D,20210926,存续,医疗器械研发、技术咨询及销售,3000000.00000000,CNY,1410000.00000000,CNY,私人控股,私营有限责任公司,小型,310000,310100,310112,上海市闵行区联航路531号4幢112室,8,C,35,358,3589,1,1,0,1,0,0,0,0,0,0,0,0,0,孙嘉颖,MOCK_PERSON_0451,孙嘉颖,MOCK_PERSON_0451,MOCK_ORG_SH_MH_04,MOCK_ORG_SH_MH,MOCK_ORG_SH_MH_04,MOCK_ORG_SH_MH,1,0,0,1,0,0,20260323,,20250513,,,36,416462.99000000,6,1,1,0,0,1,0,0,0,20250503,1,1,1914724.00000000,4,0,1,0,0,0,0,2786400.40000000,1700076.00000000,1518125.16000000,1505342.70000000,1,0,0,0,0,0,0,0,4185000.00000000,552420.00000000,552420.00000000,3632580.00000000,552420.00000000,614551.15000000,552420.00000000,0.00000000,0.00000000,20260917,4995000.00000000,1022220.00000000,4185000.00000000,552420.00000000,0,0,0,0,0,0,0,0,1,0,0,1,0,0,0,,0.00000000,,,0,0,0,0,0,0,20–39,0,0,0,0,0,0,0,0,,,1,0,12,6,62040.14000000,0.83783784,11568.41638889,20260905,8,0,1,0,正常,0,20260917
MOCK_TAG_0452,MOCK_CUST_0452,MOCK_ECIF_0452,上海禾森精密制造正有限公司,91310115700004520K,20210401,存续,工业零部件、自动化设备的研发与制造,21000000.00000000,CNY,15330000.00000000,CNY,私人控股,私营有限责任公司,中型,310000,310100,310115,上海市浦东新区金海路532号5幢113室,112,C,34,348,3484,1,0,0,1,0,0,0,0,0,0,0,0,0,李嘉颖,MOCK_PERSON_0452,李嘉颖,MOCK_PERSON_0452,MOCK_ORG_SH_PD_05,MOCK_ORG_SH_PD,MOCK_ORG_SH_PD_05,MOCK_ORG_SH_PD,0,1,0,1,0,0,,20260809,20260806,,,0,0.00000000,0,0,1,0,0,0,0,0,0,20260803,1,1,303410.00000000,1,0,1,0,0,1,0,3150000.27000000,557307.74000000,396986.34000000,396986.34000000,0,0,0,0,0,0,0,0,0.00000000,0.00000000,0.00000000,0.00000000,0.00000000,0.00000000,0.00000000,0.00000000,0.00000000,20260917,9240000.00000000,4158000.00000000,0.00000000,0.00000000,0,0,0,0,0,0,0,0,0,0,0,0,0,0,0,,0.00000000,,,0,0,0,0,0,0,,0,0,0,0,0,0,0,0,,,0,0,2,0,0.00000000,0.00000000,0.00000000,,112,0,1,0,正常,0,20260917
MOCK_TAG_0453,MOCK_CUST_0453,MOCK_ECIF_0453,上海禾远食品正有限公司,913101147000045392,20101228,存续,食品加工、预包装食品销售,4800000.00000000,CNY,3120000.00000000,CNY,私人控股,私营有限责任公司,小型,310000,310100,310114,上海市嘉定区嘉罗公路533号6幢114室,9,C,14,149,1499,1,0,0,1,0,0,0,0,0,0,0,0,0,周嘉颖,MOCK_PERSON_0453,周嘉颖,MOCK_PERSON_0453,MOCK_ORG_SH_JD_06,MOCK_ORG_SH_JD,MOCK_ORG_SH_JD_06,MOCK_ORG_SH_JD,0,1,0,1,1,0,,20230402,20230330,20230401,,0,0.00000000,0,0,1,1,0,0,0,0,0,20230322,1,1,2062386.00000000,4,0,1,0,0,0,0,1296000.25000000,1588511.84000000,1220900.71000000,1220900.71000000,1,0,0,0,0,0,0,0,4147200.00000000,985374.72000000,985374.72000000,3161825.28000000,985374.72000000,1277886.31000000,985374.72000000,0.00000000,0.00000000,20260917,4627200.00000000,1258974.72000000,4147200.00000000,985374.72000000,0,0,0,0,0,0,0,0,0,0,0,0,0,0,0,,0.00000000,,,0,0,0,0,0,0,,0,0,0,0,0,0,0,0,,,1,0,12,0,0.00000000,0.89626556,0.00000000,,9,0,1,1,正常,0,20260917
MOCK_TAG_0454,MOCK_CUST_0454,MOCK_ECIF_0454,苏州禾衡商贸正有限公司,913205717000045477,20160211,存续,日用百货、五金及电子产品批发,30400000.00000000,CNY,12160000.00000000,CNY,私人控股,私营有限责任公司,中型,320000,320500,320571,苏州市工业园区星湖街534号7幢115室,288,F,51,513,5135,1,0,0,1,0,0,0,0,0,0,0,0,0,吴嘉颖,MOCK_PERSON_0454,吴嘉颖,MOCK_PERSON_0454,MOCK_ORG_JS_SZ_07,MOCK_ORG_JS_SZ,MOCK_ORG_JS_SZ_07,MOCK_ORG_JS_SZ,0,1,0,0,0,1,,20220729,,,20220730,0,0.00000000,0,0,0,0,0,0,0,0,0,20220716,1,1,2761892.00000000,5,0,1,0,0,1,0,1216000.56000000,21038320.56000000,15336009.33000000,15336009.33000000,1,0,0,0,0,0,0,0,47424000.00000000,0.00000000,0.00000000,47424000.00000000,0.00000000,19822320.00000000,0.00000000,0.00000000,0.00000000,20260917,68704000.00000000,14044800.00000000,47424000.00000000,0.00000000,0,0,0,0,0,0,0,0,0,0,0,0,0,0,0,,0.00000000,,,0,0,0,0,0,0,,0,0,0,0,0,0,0,0,,,1,0,12,0,0.00000000,0.69026549,0.00000000,,288,0,0,0,正常,0,20260917
MOCK_TAG_0455,MOCK_CUST_0455,MOCK_ECIF_0455,苏州禾昕医疗科技正有限公司,913205717000045552,20120128,存续,医疗器械研发、技术咨询及销售,3500000.00000000,CNY,2660000.00000000,CNY,私人控股,私营有限责任公司,小型,320000,320500,320571,苏州市工业园区星湖街535号8幢116室,62,C,35,358,3589,1,1,0,1,0,0,0,0,0,0,0,0,0,郑嘉颖,MOCK_PERSON_0455,陈文颖,MOCK_PERSON_0393,MOCK_ORG_JS_SZ_08,MOCK_ORG_JS_SZ,MOCK_ORG_JS_SZ_08,MOCK_ORG_JS_SZ,0,0,0,1,0,0,,,20230211,,,0,0.00000000,0,0,1,0,0,0,0,0,0,20230203,1,1,2348650.00000000,4,0,1,0,0,0,0,4008901.22000000,1960732.90000000,1859837.28000000,1610000.49000000,0,0,0,0,0,0,0,0,0.00000000,0.00000000,0.00000000,0.00000000,0.00000000,0.00000000,0.00000000,0.00000000,0.00000000,20260917,630000.00000000,403200.00000000,0.00000000,0.00000000,0,0,0,0,0,0,0,0,1,0,0,1,0,0,0,,0.00000000,,,0,0,0,0,0,0,60–79,0,0,0,0,0,0,0,0,MOCK_GROUP_54,产业集团54,1,0,12,0,0.00000000,0.00000000,0.00000000,,62,0,1,0,正常,0,20260917
MOCK_TAG_0456,MOCK_CUST_0456,MOCK_ECIF_0456,上海禾途信息科技正有限公司,91310114700004563J,20190731,存续,软件开发、信息系统集成及技术咨询,3500000.00000000,CNY,1855000.00000000,CNY,私人控股,私营有限责任公司,小型,310000,310100,310114,上海市嘉定区嘉罗公路536号1幢117室,65,I,65,651,6513,1,1,0,1,0,0,0,0,0,0,0,0,0,王嘉颖,MOCK_PERSON_0456,何远博,MOCK_PERSON_0032,MOCK_ORG_SH_JD_01,MOCK_ORG_SH_JD,MOCK_ORG_SH_JD_01,MOCK_ORG_SH_JD,0,0,0,1,1,0,,,20240211,20240213,,0,0.00000000,0,0,1,1,0,0,0,0,0,20240206,1,1,2623736.00000000,5,0,1,0,0,0,0,70000.84000000,1502660.31000000,1070388.17000000,1070388.17000000,1,0,0,0,0,0,0,0,4504500.00000000,1297746.45000000,1297746.45000000,3206753.55000000,1297746.45000000,1507382.41000000,1297746.45000000,0.00000000,0.00000000,20260917,7199500.00000000,3292046.45000000,4504500.00000000,1297746.45000000,0,0,0,0,0,0,0,0,0,0,0,1,0,0,0,,0.00000000,,,0,0,0,0,0,0,0–19,0,0,0,0,0,0,0,0,MOCK_GROUP_56,产业集团56,1,0,12,0,0.00000000,0.62566845,0.00000000,,65,0,1,1,正常,0,20260917
MOCK_TAG_0457,MOCK_CUST_0457,MOCK_ECIF_0457,上海沐川食品正有限公司,91310112700004571G,20150620,存续,食品加工、预包装食品销售,1500000.00000000,CNY,1095000.00000000,CNY,私人控股,私营有限责任公司,小型,310000,310100,310112,上海市闵行区联航路537号2幢118室,39,C,14,149,1499,1,0,0,1,0,0,0,0,0,0,0,0,0,陈嘉颖,MOCK_PERSON_0457,陈嘉颖,MOCK_PERSON_0457,MOCK_ORG_SH_MH_02,MOCK_ORG_SH_MH,MOCK_ORG_SH_MH_02,MOCK_ORG_SH_MH,0,1,0,1,0,0,,20230818,20230815,,,0,0.00000000,0,0,1,0,0,0,0,0,0,20230813,1,1,2211036.00000000,4,0,1,0,0,0,0,885000.78000000,1047231.18000000,892499.04000000,892499.04000000,1,0,0,0,0,0,0,0,1677000.00000000,375648.00000000,375648.00000000,1301352.00000000,375648.00000000,537878.40000000,375648.00000000,0.00000000,0.00000000,20260917,2532000.00000000,734748.00000000,1677000.00000000,375648.00000000,0,0,0,0,0,0,0,0,0,0,0,0,0,0,0,,0.00000000,,,0,0,0,0,0,0,,0,0,0,0,0,0,0,0,,,1,0,12,0,0.00000000,0.66232227,0.00000000,,39,0,1,0,正常,0,20260917
MOCK_TAG_0458,MOCK_CUST_0458,MOCK_ECIF_0458,苏州沐原商贸正有限公司,9132057170000458XF,20181004,存续,日用百货、五金及电子产品批发,4300000.00000000,CNY,2924000.00000000,CNY,私人控股,私营有限责任公司,小型,320000,320500,320571,苏州市工业园区星湖街538号3幢119室,41,F,51,513,5135,1,0,0,1,0,0,0,0,0,0,0,0,0,杨嘉颖,MOCK_PERSON_0458,杨嘉颖,MOCK_PERSON_0458,MOCK_ORG_JS_SZ_03,MOCK_ORG_JS_SZ,MOCK_ORG_JS_SZ_03,MOCK_ORG_JS_SZ,1,0,0,0,0,0,20251213,,,,,279,2372666.87000000,31,1,0,0,0,0,0,0,0,20231117,1,1,2377778.00000000,5,0,1,0,0,0,0,5332000.08000000,3188946.20000000,3038509.63000000,2666000.04000000,0,0,0,0,0,0,0,0,0.00000000,0.00000000,0.00000000,0.00000000,0.00000000,0.00000000,0.00000000,0.00000000,0.00000000,20260917,817000.00000000,604580.00000000,0.00000000,0.00000000,0,0,0,0,0,0,0,0,0,0,0,0,0,0,0,,0.00000000,,,0,0,0,0,0,0,,0,0,0,0,0,0,0,0,,,1,0,12,9,0.00000000,0.00000000,8504.18232975,20260820,41,0,0,0,正常,0,20260917
MOCK_TAG_0459,MOCK_CUST_0459,MOCK_ECIF_0459,上海沐辰商贸正有限公司,91310115700004598K,20190411,存续,日用百货、五金及电子产品批发,2400000.00000000,CNY,744000.00000000,CNY,私人控股,私营有限责任公司,小型,310000,310100,310115,上海市浦东新区金海路539号4幢120室,12,F,51,513,5135,1,0,0,1,0,0,0,0,0,0,0,0,0,黄嘉颖,MOCK_PERSON_0459,黄嘉颖,MOCK_PERSON_0459,MOCK_ORG_SH_PD_04,MOCK_ORG_SH_PD,MOCK_ORG_SH_PD_04,MOCK_ORG_SH_PD,0,1,0,1,1,0,,20240418,20240415,20240417,,0,0.00000000,0,0,1,1,0,0,0,0,0,20240408,1,1,2228300.00000000,4,0,1,0,0,0,0,528000.96000000,585937.78000000,541701.85000000,541701.85000000,1,0,0,0,0,0,0,0,561600.00000000,103109.76000000,103109.76000000,458490.24000000,103109.76000000,161046.58000000,103109.76000000,0.00000000,0.00000000,20260917,1713600.00000000,967109.76000000,561600.00000000,103109.76000000,0,0,0,0,0,0,0,0,0,0,0,0,0,0,0,,0.00000000,,,0,0,0,0,0,0,,0,0,0,0,0,0,0,0,,,1,0,12,0,0.00000000,0.32773109,0.00000000,,12,0,1,1,正常,0,20260917
MOCK_TAG_0460,MOCK_CUST_0460,MOCK_ECIF_0460,上海沐宁精密制造正有限公司,91310112700004600U,20190126,存续,工业零部件、自动化设备的研发与制造,1100000.00000000,CNY,649000.00000000,CNY,私人控股,私营有限责任公司,小型,310000,310100,310112,上海市闵行区联航路540号5幢101室,32,C,34,348,3484,1,0,0,1,0,0,0,0,0,0,0,0,0,徐嘉颖,MOCK_PERSON_0460,徐嘉颖,MOCK_PERSON_0460,MOCK_ORG_SH_MH_05,MOCK_ORG_SH_MH,MOCK_ORG_SH_MH_05,MOCK_ORG_SH_MH,0,1,0,1,1,1,,20250729,20250726,20250728,20250730,0,0.00000000,0,0,1,1,0,0,0,0,0,20250722,1,1,2440646.00000000,4,0,1,0,0,0,0,698500.56000000,353914.71000000,331213.28000000,275000.22000000,0,0,0,0,0,0,0,0,0.00000000,0.00000000,0.00000000,0.00000000,0.00000000,0.00000000,0.00000000,0.00000000,0.00000000,20260917,550000.00000000,363000.00000000,0.00000000,0.00000000,0,0,0,0,0,0,0,0,0,0,0,0,0,0,0,,0.00000000,,,0,0,0,0,0,0,,0,0,0,0,0,0,0,0,,,1,0,12,0,0.00000000,0.00000000,0.00000000,,32,0,1,1,正常,0,20260917
MOCK_TAG_0461,MOCK_CUST_0461,MOCK_ECIF_0461,苏州沐知信息科技正有限公司,913205717000046190,20120818,存续,软件开发、信息系统集成及技术咨询,2700000.00000000,CNY,1539000.00000000,CNY,私人控股,私营有限责任公司,小型,320000,320500,320571,苏州市工业园区星湖街541号6幢102室,73,I,65,651,6513,1,1,0,1,0,0,0,0,0,0,0,0,0,钱昕颖,MOCK_PERSON_0402,陈思颖,MOCK_PERSON_0361,MOCK_ORG_JS_SZ_06,MOCK_ORG_JS_SZ,MOCK_ORG_JS_SZ_06,MOCK_ORG_JS_SZ,0,0,0,1,1,0,,,20240922,20240924,,0,0.00000000,0,0,1,1,0,1,0,0,0,20240916,1,1,1560850.00000000,4,0,1,0,0,0,0,1800631.12000000,705651.67000000,650231.42000000,513000.32000000,0,0,0,0,0,0,0,0,0.00000000,0.00000000,0.00000000,0.00000000,0.00000000,0.00000000,0.00000000,0.00000000,0.00000000,20260917,1647000.00000000,1185840.00000000,0.00000000,0.00000000,0,0,0,0,0,0,0,0,0,0,0,1,0,0,0,,0.00000000,,,0,0,0,0,0,0,40–59,0,0,0,0,0,0,0,0,MOCK_GROUP_10,产业集团10,1,0,12,0,0.00000000,0.00000000,0.00000000,,73,0,1,1,正常,0,20260917
MOCK_TAG_0462,MOCK_CUST_0462,MOCK_ECIF_0462,宁波沐禾食品正有限公司,913302127000046271,20200609,存续,食品加工、预包装食品销售,4700000.00000000,CNY,4089000.00000000,CNY,私人控股,私营有限责任公司,小型,330000,330200,330212,宁波市鄞州区首南东路542号7幢103室,22,C,14,149,1499,1,0,0,1,0,0,0,0,0,0,0,0,0,徐昕博,MOCK_PERSON_0092,何思博,MOCK_PERSON_0048,MOCK_ORG_ZJ_NB_07,MOCK_ORG_ZJ_NB,MOCK_ORG_ZJ_NB_07,MOCK_ORG_ZJ_NB,0,1,0,1,0,0,,20230509,20230506,,,0,0.00000000,0,0,1,0,0,0,0,0,0,20230505,1,1,2373920.00000000,4,0,1,0,0,0,0,1034000.06000000,2077801.37000000,1840705.48000000,1840705.48000000,1,0,0,0,0,0,0,0,5217000.00000000,0.00000000,0.00000000,5217000.00000000,0.00000000,1043801.31000000,0.00000000,0.00000000,0.00000000,20260917,6956000.00000000,226070.00000000,5217000.00000000,0.00000000,0,0,0,0,0,0,0,0,0,0,0,0,0,0,0,,0.00000000,,,0,0,0,0,0,0,,0,0,0,0,0,0,0,0,MOCK_GROUP_23,产业集团23,1,0,12,0,0.00000000,0.75000000,0.00000000,,22,0,1,0,正常,0,20260917
MOCK_TAG_0463,MOCK_CUST_0463,MOCK_ECIF_0463,上海沐润食品正有限公司,91310114700004635B,20120116,存续,食品加工、预包装食品销售,71100000.00000000,CNY,25596000.00000000,CNY,私人控股,私营有限责任公司,大型,310000,310100,310114,上海市嘉定区嘉罗公路543号8幢104室,1807,C,14,149,1499,1,0,0,1,0,0,0,0,0,0,0,0,0,林嘉颖,MOCK_PERSON_0463,林嘉颖,MOCK_PERSON_0463,MOCK_ORG_SH_JD_08,MOCK_ORG_SH_JD,MOCK_ORG_SH_JD_08,MOCK_ORG_SH_JD,1,1,0,1,0,0,20251121,20221115,20221112,,,15900,105520354.78000000,1590,1,1,0,0,0,0,0,0,20221107,1,1,2518932.00000000,4,0,1,0,0,0,0,1422000.15000000,19938698.79000000,14202908.73000000,14202908.73000000,1,0,0,0,0,0,0,0,82618200.00000000,16936731.00000000,16936731.00000000,65681469.00000000,16936731.00000000,19998370.83000000,16936731.00000000,0.00000000,0.00000000,20260917,112480200.00000000,38735991.00000000,82618200.00000000,16936731.00000000,0,0,0,0,0,0,0,0,0,0,0,0,0,0,0,,0.00000000,,,0,0,0,0,0,0,,0,0,0,0,0,0,0,0,MOCK_GROUP_51,产业集团51,1,0,12,10,9508200.42000000,0.73451327,6636.50030063,20260910,1807,0,1,0,正常,0,20260917
MOCK_TAG_0464,MOCK_CUST_0464,MOCK_ECIF_0464,上海沐森精密制造正有限公司,913101147000046436,20090916,存续,工业零部件、自动化设备的研发与制造,3700000.00000000,CNY,2923000.00000000,CNY,私人控股,私营有限责任公司,小型,310000,310100,310114,上海市嘉定区嘉罗公路544号1幢105室,31,C,34,348,3484,1,0,0,1,0,0,0,0,0,0,0,0,0,何嘉颖,MOCK_PERSON_0464,何嘉颖,MOCK_PERSON_0464,MOCK_ORG_SH_JD_01,MOCK_ORG_SH_JD,MOCK_ORG_SH_JD_01,MOCK_ORG_SH_JD,0,1,0,1,0,0,,20231117,20231114,,,0,0.00000000,0,0,1,0,0,0,0,0,0,20231104,1,1,2923578.00000000,5,0,1,0,0,0,0,74000.52000000,74000.52000000,74000.52000000,74000.52000000,0,0,0,0,0,0,0,0,0.00000000,0.00000000,0.00000000,0.00000000,0.00000000,0.00000000,0.00000000,0.00000000,0.00000000,20260917,1813000.00000000,942760.00000000,0.00000000,0.00000000,0,0,0,0,0,0,0,0,0,0,0,0,0,0,0,,0.00000000,,,0,0,0,0,0,0,,0,0,0,0,0,0,0,0,,,1,0,12,0,0.00000000,0.00000000,0.00000000,,31,0,1,0,正常,0,20260917
MOCK_TAG_0465,MOCK_CUST_0465,MOCK_ECIF_0465,宁波沐远信息科技正有限公司,91330212700004651H,20190519,存续,软件开发、信息系统集成及技术咨询,37600000.00000000,CNY,30456000.00000000,CNY,私人控股,私营有限责任公司,中型,330000,330200,330212,宁波市鄞州区首南东路545号2幢106室,287,I,65,651,6513,1,1,0,1,0,0,0,0,0,0,0,0,0,赵涵颖,MOCK_PERSON_0465,赵涵颖,MOCK_PERSON_0465,MOCK_ORG_ZJ_NB_02,MOCK_ORG_ZJ_NB,MOCK_ORG_ZJ_NB_02,MOCK_ORG_ZJ_NB,0,1,0,1,0,0,,20240325,20240322,,,0,0.00000000,0,0,1,0,0,0,0,0,0,20240312,1,1,2207934.00000000,4,0,1,0,0,1,0,12611040.59000000,7131300.90000000,5755128.13000000,4747798.33000000,1,0,0,0,0,0,0,0,18612000.00000000,2540538.00000000,2540538.00000000,16071462.00000000,2540538.00000000,3369702.60000000,2540538.00000000,0.00000000,0.00000000,20260917,42300000.00000000,9646938.00000000,18612000.00000000,2540538.00000000,0,0,0,0,0,0,0,0,0,0,0,1,0,0,0,,0.00000000,,,0,0,0,0,0,0,40–59,0,0,0,0,0,0,0,0,,,1,0,12,0,0.00000000,0.44000000,0.00000000,,287,0,1,0,正常,0,20260917
MOCK_TAG_0466,MOCK_CUST_0466,MOCK_ECIF_0466,苏州沐衡食品正有限公司,9132057170000466X3,20120601,存续,食品加工、预包装食品销售,29900000.00000000,CNY,25116000.00000000,CNY,私人控股,私营有限责任公司,中型,320000,320500,320571,苏州市工业园区星湖街546号3幢107室,241,C,14,149,1499,1,0,0,1,0,0,0,0,0,0,0,0,0,钱涵颖,MOCK_PERSON_0466,钱涵颖,MOCK_PERSON_0466,MOCK_ORG_JS_SZ_03,MOCK_ORG_JS_SZ,MOCK_ORG_JS_SZ_03,MOCK_ORG_JS_SZ,1,1,0,1,1,0,20251214,20250629,20250626,20250628,,2097,15432759.57000000,233,1,1,1,0,0,0,0,0,20250623,1,1,2790400.00000000,5,0,1,0,0,1,0,18239000.00000000,29566040.00000000,26307576.44000000,26307576.44000000,1,0,0,0,0,0,0,0,42607500.00000000,0.00000000,0.00000000,42607500.00000000,0.00000000,11327040.00000000,0.00000000,0.00000000,0.00000000,20260917,60846500.00000000,5654090.00000000,42607500.00000000,0.00000000,0,0,0,0,0,0,0,0,0,0,0,0,0,0,0,,0.00000000,,,0,0,0,0,0,0,,0,0,0,0,0,0,0,0,,,1,0,12,9,0.00000000,0.70024570,7359.44662375,20260825,241,0,1,1,正常,0,20260917
MOCK_TAG_0467,MOCK_CUST_0467,MOCK_ECIF_0467,宁波沐昕信息科技正有限公司,913302127000046789,20150302,存续,软件开发、信息系统集成及技术咨询,2700000.00000000,CNY,1755000.00000000,CNY,私人控股,私营有限责任公司,小型,330000,330200,330212,宁波市鄞州区首南东路547号4幢108室,79,I,65,651,6513,1,1,0,1,0,0,0,0,0,0,0,0,0,孙涵颖,MOCK_PERSON_0467,郑明博,MOCK_PERSON_0007,MOCK_ORG_ZJ_NB_04,MOCK_ORG_ZJ_NB,MOCK_ORG_ZJ_NB_04,MOCK_ORG_ZJ_NB,1,1,0,1,0,0,20260608,20231108,20231105,,,165,1952501.85000000,55,1,1,0,0,0,0,0,0,20231102,1,1,1852234.00000000,4,0,1,0,0,0,0,1597321.65000000,875876.75000000,849159.02000000,783000.81000000,0,0,0,0,0,0,0,0,0.00000000,0.00000000,0.00000000,0.00000000,0.00000000,0.00000000,0.00000000,0.00000000,0.00000000,20260917,2052000.00000000,615600.00000000,0.00000000,0.00000000,0,0,0,0,0,0,0,0,0,0,0,1,0,0,0,,0.00000000,,,0,0,0,0,0,0,60–79,0,0,0,0,0,0,0,0,MOCK_GROUP_45,产业集团45,1,0,12,3,0.00000000,0.00000000,11833.34454545,20260825,79,0,1,0,正常,0,20260917
MOCK_TAG_0468,MOCK_CUST_0468,MOCK_ECIF_0468,苏州沐途医疗科技正有限公司,91320571700004686X,20091117,存续,医疗器械研发、技术咨询及销售,172300000.00000000,CNY,168854000.00000000,CNY,私人控股,私营有限责任公司,大型,320000,320500,320571,苏州市工业园区星湖街548号5幢109室,852,C,35,358,3589,1,1,0,1,0,0,0,0,0,0,0,0,0,李涵颖,MOCK_PERSON_0468,李涵颖,MOCK_PERSON_0468,MOCK_ORG_JS_SZ_05,MOCK_ORG_JS_SZ,MOCK_ORG_JS_SZ_05,MOCK_ORG_JS_SZ,1,0,0,1,0,0,20260208,,20221208,,,4886,49676662.42000000,698,1,1,0,0,0,0,0,0,20221202,1,1,2584378.00000000,4,0,1,0,0,0,0,25845000.89000000,65057641.56000000,46342429.60000000,46342429.60000000,1,0,0,0,0,0,0,0,202624800.00000000,71688654.24000000,71688654.24000000,130936145.76000000,71688654.24000000,65233963.30000000,71688654.24000000,0.00000000,0.00000000,20260917,207793800.00000000,75565404.24000000,202624800.00000000,71688654.24000000,0,0,0,0,0,0,0,0,1,0,0,0,0,0,0,,0.00000000,,,0,0,0,0,0,0,60–79,0,0,0,0,0,0,0,0,,,1,0,12,7,0.00000000,0.97512438,10167.14335244,20260825,852,0,1,0,正常,0,20260917
MOCK_TAG_0469,MOCK_CUST_0469,MOCK_ECIF_0469,杭州岚川精密制造正有限公司,913301087000046941,20141208,存续,工业零部件、自动化设备的研发与制造,15900000.00000000,CNY,7791000.00000000,CNY,私人控股,私营有限责任公司,中型,330000,330100,330108,杭州市滨江区江陵路549号6幢110室,216,C,34,348,3484,1,0,0,1,0,0,0,0,0,0,0,0,0,周涵颖,MOCK_PERSON_0469,周涵颖,MOCK_PERSON_0469,MOCK_ORG_ZJ_HZ_06,MOCK_ORG_ZJ_HZ,MOCK_ORG_ZJ_HZ_06,MOCK_ORG_ZJ_HZ,0,1,0,1,1,0,,20240315,20240312,20240314,,0,0.00000000,0,0,1,1,0,0,0,0,0,20240305,1,1,1447666.00000000,4,0,1,0,0,1,0,5565000.96000000,7626453.33000000,5833187.61000000,5833187.61000000,1,0,0,0,1,0,0,0,25471800.00000000,4172280.84000000,4172280.84000000,21299519.16000000,4172280.84000000,6233733.21000000,4172280.84000000,0.00000000,0.00000000,20260917,36124800.00000000,9818370.84000000,25471800.00000000,4172280.84000000,0,1,0,0,0,0,1,0,0,0,0,0,0,0,0,,0.00000000,,,0,0,0,0,0,0,,0,0,0,0,0,0,0,0,,,1,0,12,0,0.00000000,0.70510563,0.00000000,,216,0,1,1,正常,0,20260917
MOCK_TAG_0470,MOCK_CUST_0470,MOCK_ECIF_0470,上海岚原精密制造正有限公司,913101127000047077,20190806,存续,工业零部件、自动化设备的研发与制造,3000000.00000000,CNY,2790000.00000000,CNY,私人控股,私营有限责任公司,小型,310000,310100,310112,上海市闵行区联航路550号7幢111室,18,C,34,348,3484,1,0,0,1,0,0,0,0,0,0,0,0,0,吴涵颖,MOCK_PERSON_0470,吴涵颖,MOCK_PERSON_0470,MOCK_ORG_SH_MH_07,MOCK_ORG_SH_MH,MOCK_ORG_SH_MH_07,MOCK_ORG_SH_MH,1,0,0,1,0,0,20260205,,20240603,,,112,1043124.27000000,16,1,1,0,0,0,0,0,0,20240602,1,1,2135150.00000000,4,0,1,0,0,0,0,1800000.69000000,1800000.69000000,1800000.69000000,1800000.69000000,0,0,0,0,0,0,0,0,0.00000000,0.00000000,0.00000000,0.00000000,0.00000000,0.00000000,0.00000000,0.00000000,0.00000000,20260917,2040000.00000000,285600.00000000,0.00000000,0.00000000,0,0,0,0,0,0,0,0,0,0,0,0,0,0,0,,0.00000000,,,0,0,0,0,0,0,,0,0,0,0,0,0,0,0,,,1,0,12,7,0.00000000,0.00000000,9313.60955357,20260825,18,0,1,0,正常,0,20260917
MOCK_TAG_0471,MOCK_CUST_0471,MOCK_ECIF_0471,宁波岚辰精密制造正有限公司,91330212700004715F,20160819,存续,工业零部件、自动化设备的研发与制造,1300000.00000000,CNY,624000.00000000,CNY,私人控股,私营有限责任公司,小型,330000,330200,330212,宁波市鄞州区首南东路551号8幢112室,66,C,34,348,3484,1,0,0,1,0,0,0,0,0,0,0,0,0,郑涵颖,MOCK_PERSON_0471,郑涵颖,MOCK_PERSON_0471,MOCK_ORG_ZJ_NB_08,MOCK_ORG_ZJ_NB,MOCK_ORG_ZJ_NB_08,MOCK_ORG_ZJ_NB,0,1,0,1,1,0,,20240102,20231230,20240101,,0,0.00000000,0,0,1,1,0,1,0,0,0,20231228,1,1,2212396.00000000,4,0,1,0,0,0,0,801061.82000000,394069.90000000,377940.42000000,338000.77000000,0,0,0,0,0,0,0,0,0.00000000,0.00000000,0.00000000,0.00000000,0.00000000,0.00000000,0.00000000,0.00000000,0.00000000,20260917,1014000.00000000,223080.00000000,0.00000000,0.00000000,0,0,0,0,0,0,0,0,0,0,0,0,0,0,0,,0.00000000,,,0,0,0,0,0,0,,0,0,0,0,0,0,0,0,,,1,0,12,0,0.00000000,0.00000000,0.00000000,,66,0,1,1,正常,0,20260917
MOCK_TAG_0472,MOCK_CUST_0472,MOCK_ECIF_0472,上海岚宁精密制造正有限公司,91310114700004723R,20160108,存续,工业零部件、自动化设备的研发与制造,1000000.00000000,CNY,810000.00000000,CNY,私人控股,私营有限责任公司,小型,310000,310100,310114,上海市嘉定区嘉罗公路552号1幢113室,38,C,34,348,3484,1,0,0,1,0,0,0,0,0,0,0,0,0,王涵颖,MOCK_PERSON_0472,王涵颖,MOCK_PERSON_0472,MOCK_ORG_SH_JD_01,MOCK_ORG_SH_JD,MOCK_ORG_SH_JD_01,MOCK_ORG_SH_JD,1,0,0,1,0,1,20260202,,20230127,,20230131,280,2377030.06000000,35,1,1,0,0,0,0,0,0,20230118,1,1,1900790.00000000,3,0,1,0,0,0,0,774001.15000000,477173.79000000,469356.86000000,450000.67000000,0,0,0,0,0,0,0,0,0.00000000,0.00000000,0.00000000,0.00000000,0.00000000,0.00000000,0.00000000,0.00000000,0.00000000,20260917,500000.00000000,115000.00000000,0.00000000,0.00000000,0,0,0,0,0,0,0,0,0,0,0,0,0,0,0,,0.00000000,,,0,0,0,0,0,0,,0,0,0,0,0,0,0,0,,,1,0,12,8,258825.70000000,0.00000000,8489.39307143,20260910,38,0,1,0,正常,0,20260917
MOCK_TAG_0473,MOCK_CUST_0473,MOCK_ECIF_0473,上海岚知食品正有限公司,91310114700004731L,20220329,存续,食品加工、预包装食品销售,2800000.00000000,CNY,1036000.00000000,CNY,私人控股,私营有限责任公司,小型,310000,310100,310114,上海市嘉定区嘉罗公路553号2幢114室,78,C,14,149,1499,1,0,0,1,0,0,0,0,0,0,0,0,0,陈涵颖,MOCK_PERSON_0473,陈涵颖,MOCK_PERSON_0473,MOCK_ORG_SH_JD_02,MOCK_ORG_SH_JD,MOCK_ORG_SH_JD_02,MOCK_ORG_SH_JD,0,0,0,1,0,0,,,20240609,,,0,0.00000000,0,0,1,0,0,0,0,0,0,20240531,1,1,2314750.00000000,4,0,1,0,0,0,0,2806720.29000000,1734750.95000000,1686781.54000000,1568000.16000000,0,0,0,0,0,0,0,0,0.00000000,0.00000000,0.00000000,0.00000000,0.00000000,0.00000000,0.00000000,0.00000000,0.00000000,20260917,2240000.00000000,1635200.00000000,0.00000000,0.00000000,0,0,0,0,0,0,0,0,0,0,0,0,0,0,0,,0.00000000,,,0,0,0,0,0,0,,0,0,0,0,0,0,0,0,,,1,0,12,0,0.00000000,0.00000000,0.00000000,,78,0,1,0,正常,0,20260917
MOCK_TAG_0474,MOCK_CUST_0474,MOCK_ECIF_0474,宁波岚禾医疗科技正有限公司,9133021270000474XW,20151129,存续,医疗器械研发、技术咨询及销售,700000.00000000,CNY,266000.00000000,CNY,私人控股,私营有限责任公司,小型,330000,330200,330212,宁波市鄞州区首南东路554号3幢115室,19,C,35,358,3589,1,1,0,1,0,0,0,0,0,0,0,0,0,杨涵颖,MOCK_PERSON_0474,杨涵颖,MOCK_PERSON_0474,MOCK_ORG_ZJ_NB_03,MOCK_ORG_ZJ_NB,MOCK_ORG_ZJ_NB_03,MOCK_ORG_ZJ_NB,1,0,0,1,0,0,20260326,,20250217,,,102,1194932.82000000,17,1,1,0,0,0,0,0,0,20250210,1,1,2915286.00000000,5,1,1,0,0,0,0,0.00000000,122.98000000,123.11000000,123.11000000,0,0,0,0,0,0,0,0,0.00000000,0.00000000,0.00000000,0.00000000,0.00000000,0.00000000,0.00000000,0.00000000,0.00000000,20260917,441000.00000000,229320.00000000,0.00000000,0.00000000,0,0,0,0,0,0,0,0,0,0,0,1,0,0,0,,0.00000000,,,0,0,0,0,0,0,40–59,0,0,0,0,0,0,0,0,,,1,0,12,6,209440.95000000,0.00000000,11715.02764706,20260915,19,0,1,0,正常,0,20260917
MOCK_TAG_0475,MOCK_CUST_0475,MOCK_ECIF_0475,宁波岚润信息科技正股份有限公司,91330212700004758W,20150828,存续,软件开发、信息系统集成及技术咨询,104700000.00000000,CNY,58632000.00000000,CNY,私人控股,私营股份有限公司,大型,330000,330200,330212,宁波市鄞州区首南东路555号4幢116室,1638,I,65,651,6513,1,1,0,1,0,0,0,0,0,0,0,0,0,黄涵颖,MOCK_PERSON_0475,黄涵颖,MOCK_PERSON_0475,MOCK_ORG_ZJ_NB_04,MOCK_ORG_ZJ_NB,MOCK_ORG_ZJ_NB_04,MOCK_ORG_ZJ_NB,1,0,0,1,1,0,20260511,,20230518,20230520,,4780,61542502.19000000,1195,1,1,1,0,0,0,0,0,20230510,1,1,1701486.00000000,3,0,1,0,0,0,0,50256000.40000000,50256000.40000000,50256000.40000000,50256000.40000000,0,0,0,0,0,0,0,0,0.00000000,0.00000000,0.00000000,0.00000000,0.00000000,0.00000000,0.00000000,0.00000000,0.00000000,20260917,65961000.00000000,25065180.00000000,0.00000000,0.00000000,0,0,0,0,0,0,0,0,1,0,0,0,0,0,0,,0.00000000,,,1,0,0,0,0,0,20–39,0,0,0,0,0,0,0,0,,,1,0,12,4,0.00000000,0.00000000,12875.00045816,20260825,1638,0,1,1,正常,0,20260917
MOCK_TAG_0476,MOCK_CUST_0476,MOCK_ECIF_0476,苏州岚森商贸正有限公司,91320571700004766H,20201125,存续,日用百货、五金及电子产品批发,6800000.00000000,CNY,2720000.00000000,CNY,私人控股,私营有限责任公司,中型,320000,320500,320571,苏州市工业园区星湖街556号5幢117室,153,F,51,513,5135,1,0,0,1,0,0,0,0,0,0,0,0,0,徐涵颖,MOCK_PERSON_0476,徐涵颖,MOCK_PERSON_0476,MOCK_ORG_JS_SZ_05,MOCK_ORG_JS_SZ,MOCK_ORG_JS_SZ_05,MOCK_ORG_JS_SZ,0,0,0,1,1,0,,,20230717,20230719,,0,0.00000000,0,0,1,1,0,0,0,0,0,20230714,1,1,2371338.00000000,4,0,1,0,0,1,0,2953921.50000000,5248099.42000000,3738372.19000000,3557287.17000000,1,0,0,0,0,0,0,0,7752000.00000000,3976776.00000000,3976776.00000000,3775224.00000000,3976776.00000000,5002902.28000000,3976776.00000000,0.00000000,0.00000000,20260917,9996000.00000000,4829496.00000000,7752000.00000000,3976776.00000000,0,1,0,0,0,0,1,0,0,0,0,0,0,0,0,C,1632000.00000000,CNY,嘉禾产业投资09,0,0,0,0,0,0,,0,0,0,0,0,0,0,0,,,1,0,12,0,0.00000000,0.77551020,0.00000000,,153,0,1,1,正常,0,20260917
MOCK_TAG_0477,MOCK_CUST_0477,MOCK_ECIF_0477,上海岚远商贸正有限公司,913101147000047742,20100414,存续,日用百货、五金及电子产品批发,4700000.00000000,CNY,1786000.00000000,CNY,私人控股,私营有限责任公司,小型,310000,310100,310114,上海市嘉定区嘉罗公路557号6幢118室,86,F,51,513,5135,1,0,0,1,0,0,0,0,0,0,0,0,0,朱涵颖,MOCK_PERSON_0477,朱涵颖,MOCK_PERSON_0477,MOCK_ORG_SH_JD_06,MOCK_ORG_SH_JD,MOCK_ORG_SH_JD_06,MOCK_ORG_SH_JD,1,1,0,0,1,1,20251120,20250326,,20250325,20250327,710,5684443.89000000,71,1,0,1,0,0,0,0,0,20250316,1,1,1836028.00000000,4,0,1,0,0,0,0,1504000.98000000,1504000.98000000,1504000.98000000,1504000.98000000,0,0,0,0,0,0,0,0,0.00000000,0.00000000,0.00000000,0.00000000,0.00000000,0.00000000,0.00000000,0.00000000,0.00000000,20260917,1081000.00000000,518880.00000000,0.00000000,0.00000000,0,0,0,0,0,0,0,0,0,0,0,0,0,0,0,,0.00000000,,,0,0,0,0,0,0,,0,0,0,0,0,0,0,0,,,1,0,12,10,601725.83000000,0.00000000,8006.25900000,20260910,86,0,0,1,正常,0,20260917
MOCK_TAG_0478,MOCK_CUST_0478,MOCK_ECIF_0478,宁波岚衡商贸正有限公司,91330212700004782D,20140331,存续,日用百货、五金及电子产品批发,2800000.00000000,CNY,1288000.00000000,CNY,私人控股,私营有限责任公司,小型,330000,330200,330212,宁波市鄞州区首南东路558号7幢119室,88,F,51,513,5135,1,0,0,1,0,0,0,0,0,0,0,0,0,胡涵颖,MOCK_PERSON_0478,胡涵颖,MOCK_PERSON_0478,MOCK_ORG_ZJ_NB_07,MOCK_ORG_ZJ_NB,MOCK_ORG_ZJ_NB_07,MOCK_ORG_ZJ_NB,1,0,0,1,1,0,20260315,,20230516,20230518,,414,3255078.07000000,69,1,1,1,0,0,0,0,0,20230506,1,1,1377408.00000000,4,0,1,0,0,0,0,633081.14000000,1323775.21000000,1079894.92000000,1062250.28000000,1,0,0,0,0,0,0,0,3094000.00000000,0.00000000,0.00000000,3094000.00000000,0.00000000,823004.00000000,0.00000000,0.00000000,0.00000000,20260917,5082000.00000000,1272320.00000000,3094000.00000000,0.00000000,0,0,0,0,0,0,0,0,0,0,0,0,0,0,0,,0.00000000,,,0,0,0,0,0,0,,0,0,0,0,0,0,0,0,,,1,0,12,6,0.00000000,0.60881543,7862.50741546,20260825,88,0,1,1,正常,0,20260917
MOCK_TAG_0479,MOCK_CUST_0479,MOCK_ECIF_0479,杭州岚昕医疗科技正有限公司,91330108700004790A,20051127,存续,医疗器械研发、技术咨询及销售,258200000.00000000,CNY,180740000.00000000,CNY,私人控股,私营有限责任公司,大型,330000,330100,330108,杭州市滨江区江陵路559号8幢120室,1312,C,35,358,3589,1,1,0,1,0,0,0,0,0,0,0,0,0,林涵颖,MOCK_PERSON_0479,林涵颖,MOCK_PERSON_0479,MOCK_ORG_ZJ_HZ_08,MOCK_ORG_ZJ_HZ,MOCK_ORG_ZJ_HZ_08,MOCK_ORG_ZJ_HZ,1,1,0,1,1,0,20251127,20220727,20220724,20220726,,8920,100867365.83000000,892,1,1,1,0,0,0,0,0,20220717,1,1,2452316.00000000,5,0,1,0,0,0,0,160084000.05000000,160084000.05000000,160084000.05000000,160084000.05000000,0,0,0,0,0,0,0,0,0.00000000,0.00000000,0.00000000,0.00000000,0.00000000,0.00000000,0.00000000,0.00000000,0.00000000,20260917,191068000.00000000,91712640.00000000,0.00000000,0.00000000,0,0,0,0,0,0,0,0,0,0,0,0,0,0,0,,0.00000000,,,0,0,0,0,0,0,20–39,0,0,0,0,0,0,0,0,,,1,0,12,10,9419520.80000000,0.00000000,11308.00065359,20260910,1312,0,1,1,正常,0,20260917
MOCK_TAG_0480,MOCK_CUST_0480,MOCK_ECIF_0480,上海岚途商贸正有限公司,91310115700004803U,20161115,存续,日用百货、五金及电子产品批发,19900000.00000000,CNY,17711000.00000000,CNY,私人控股,私营有限责任公司,中型,310000,310100,310115,上海市浦东新区金海路560号1幢101室,308,F,51,513,5135,1,0,0,1,0,0,0,0,0,0,0,0,0,何涵颖,MOCK_PERSON_0480,何涵颖,MOCK_PERSON_0480,MOCK_ORG_SH_PD_01,MOCK_ORG_SH_PD,MOCK_ORG_SH_PD_01,MOCK_ORG_SH_PD,1,1,0,1,0,1,20251216,20241226,20241223,,20241227,2349,18938815.65000000,261,1,1,0,0,0,0,0,0,20241215,1,1,2443400.00000000,4,0,1,0,0,1,0,5373000.23000000,6778397.93000000,5620339.78000000,5620339.78000000,1,0,0,0,0,0,0,0,13233500.00000000,2620233.00000000,2620233.00000000,10613267.00000000,2620233.00000000,4025630.70000000,2620233.00000000,0.00000000,0.00000000,20260917,25173500.00000000,11336433.00000000,13233500.00000000,2620233.00000000,0,0,0,0,0,0,0,0,0,0,0,0,0,0,0,,0.00000000,,,0,0,0,0,0,0,,0,0,0,0,0,0,0,0,,,1,0,12,9,2074950.18000000,0.52569170,8062.50134100,20260905,308,0,1,0,正常,0,20260917
MOCK_TAG_0481,MOCK_CUST_0481,MOCK_ECIF_0481,宁波岳川商贸正有限公司,91330212700004811Q,20120102,存续,日用百货、五金及电子产品批发,2700000.00000000,CNY,1188000.00000000,CNY,私人控股,私营有限责任公司,小型,330000,330200,330212,宁波市鄞州区首南东路561号2幢102室,24,F,51,513,5135,1,0,0,1,0,0,0,0,0,0,0,0,0,赵宇颖,MOCK_PERSON_0481,赵宇颖,MOCK_PERSON_0481,MOCK_ORG_ZJ_NB_02,MOCK_ORG_ZJ_NB,MOCK_ORG_ZJ_NB_02,MOCK_ORG_ZJ_NB,1,0,0,1,1,1,20260206,,20230319,20230321,20230323,144,1208254.91000000,18,1,1,1,0,1,0,0,0,20230314,1,1,2375630.00000000,4,0,1,0,0,0,0,3538081.53000000,3406200.44000000,2494734.95000000,2167397.17000000,1,0,0,0,0,0,0,0,3628800.00000000,2746275.84000000,2746275.84000000,882524.16000000,2746275.84000000,2952246.53000000,2746275.84000000,0.00000000,0.00000000,20260917,5761800.00000000,3514155.84000000,3628800.00000000,2746275.84000000,0,0,0,0,0,0,0,0,0,0,0,0,0,0,0,,0.00000000,,,0,0,0,0,0,0,,0,0,0,0,0,0,0,0,,,1,0,12,8,132300.26000000,0.62980319,8390.65909722,20260915,24,0,1,1,正常,0,20260917
MOCK_TAG_0482,MOCK_CUST_0482,MOCK_ECIF_0482,宁波岳原供应链正有限公司,9133021270000482XG,20220828,存续,仓储服务、国内货物运输代理,121900000.00000000,CNY,67045000.00000000,CNY,私人控股,私营有限责任公司,大型,330000,330200,330212,宁波市鄞州区首南东路562号3幢103室,1166,G,58,582,5821,1,0,0,1,0,0,0,0,0,0,0,0,0,林宁颖,MOCK_PERSON_0383,周安博,MOCK_PERSON_0117,MOCK_ORG_ZJ_NB_03,MOCK_ORG_ZJ_NB,MOCK_ORG_ZJ_NB_03,MOCK_ORG_ZJ_NB,0,0,0,0,1,0,,,,20241216,,0,0.00000000,0,0,0,1,0,0,0,0,0,20241213,1,1,2665140.00000000,5,0,1,0,0,0,0,58463241.46000000,31450294.55000000,30117716.86000000,26818000.67000000,0,0,0,0,0,0,0,0,0.00000000,0.00000000,0.00000000,0.00000000,0.00000000,0.00000000,0.00000000,0.00000000,0.00000000,20260917,10971000.00000000,2194200.00000000,0.00000000,0.00000000,0,0,0,0,0,0,0,0,0,0,0,0,0,0,0,,0.00000000,,,0,0,0,0,0,0,,0,0,0,0,0,0,0,0,MOCK_GROUP_57,产业集团57,1,0,12,0,0.00000000,0.00000000,0.00000000,,1166,0,0,1,正常,0,20260917
MOCK_TAG_0483,MOCK_CUST_0483,MOCK_ECIF_0483,上海岳辰供应链正有限公司,91310115700004838E,20080615,存续,仓储服务、国内货物运输代理,3500000.00000000,CNY,3185000.00000000,CNY,私人控股,私营有限责任公司,小型,310000,310100,310115,上海市浦东新区金海路563号4幢104室,72,G,58,582,5821,1,0,0,1,0,0,0,0,0,0,0,0,0,孙宇颖,MOCK_PERSON_0483,王安博,MOCK_PERSON_0120,MOCK_ORG_SH_PD_04,MOCK_ORG_SH_PD,MOCK_ORG_SH_PD_04,MOCK_ORG_SH_PD,0,1,0,1,1,0,,20250624,20250621,20250623,,0,0.00000000,0,0,1,1,0,0,0,0,0,20250611,1,1,2497654.00000000,4,0,1,0,0,0,0,805000.85000000,2829275.95000000,2015374.65000000,2015374.65000000,1,0,0,0,0,0,0,0,5533500.00000000,1726452.00000000,1726452.00000000,3807048.00000000,1726452.00000000,2832819.99000000,1726452.00000000,0.00000000,0.00000000,20260917,6793500.00000000,2621052.00000000,5533500.00000000,1726452.00000000,0,1,0,0,0,0,1,0,0,0,0,0,0,0,0,,0.00000000,,,0,0,0,0,0,0,,0,0,0,0,0,0,0,0,MOCK_GROUP_21,产业集团21,1,0,12,0,0.00000000,0.81452859,0.00000000,,72,0,1,1,正常,0,20260917
MOCK_TAG_0484,MOCK_CUST_0484,MOCK_ECIF_0484,杭州岳宁医疗科技正有限公司,91330108700004846D,20150202,存续,医疗器械研发、技术咨询及销售,300000.00000000,CNY,201000.00000000,CNY,私人控股,私营有限责任公司,小型,330000,330100,330108,杭州市滨江区江陵路564号5幢105室,27,C,35,358,3589,1,1,0,1,0,0,0,0,0,0,0,0,0,李宇颖,MOCK_PERSON_0484,陈昕博,MOCK_PERSON_0089,MOCK_ORG_ZJ_HZ_05,MOCK_ORG_ZJ_HZ,MOCK_ORG_ZJ_HZ_05,MOCK_ORG_ZJ_HZ,0,0,0,1,0,0,,,20230522,,,0,0.00000000,0,0,1,0,0,0,0,0,0,20230512,1,1,3182110.00000000,5,0,1,0,0,0,0,51000.08000000,124185.47000000,88460.88000000,88460.88000000,1,0,0,0,0,0,0,0,316200.00000000,130906.80000000,130906.80000000,185293.20000000,130906.80000000,124492.80000000,130906.80000000,0.00000000,0.00000000,20260917,502200.00000000,238786.80000000,316200.00000000,130906.80000000,0,0,0,0,0,0,0,0,1,0,0,1,0,0,0,,0.00000000,,,0,0,0,0,0,0,40–59,0,0,0,0,0,0,0,0,MOCK_GROUP_12,产业集团12,1,0,12,0,0.00000000,0.62962963,0.00000000,,27,0,1,0,正常,0,20260917
MOCK_TAG_0485,MOCK_CUST_0485,MOCK_ECIF_0485,上海岳知商贸正有限公司,91310114700004854M,20240302,存续,日用百货、五金及电子产品批发,4600000.00000000,CNY,2760000.00000000,CNY,私人控股,私营有限责任公司,小型,310000,310100,310114,上海市嘉定区嘉罗公路565号6幢106室,17,F,51,513,5135,1,0,0,1,0,0,0,0,0,0,0,0,0,周宇颖,MOCK_PERSON_0485,胡文博,MOCK_PERSON_0078,MOCK_ORG_SH_JD_06,MOCK_ORG_SH_JD,MOCK_ORG_SH_JD_06,MOCK_ORG_SH_JD,0,0,0,1,1,0,,,20250324,20250326,,0,0.00000000,0,0,1,1,0,0,0,0,0,20250315,1,1,2057792.00000000,3,0,1,0,0,0,0,276000.30000000,1258196.90000000,975647.19000000,975647.19000000,1,0,0,0,0,0,0,0,5621200.00000000,0.00000000,0.00000000,5621200.00000000,0.00000000,982196.60000000,0.00000000,0.00000000,0.00000000,20260917,7277200.00000000,430560.00000000,5621200.00000000,0.00000000,0,0,0,0,0,0,0,0,0,0,0,0,0,0,0,B,1104000.00000000,CNY,嘉禾产业投资06,0,0,0,0,0,0,,0,0,0,0,0,0,0,0,MOCK_GROUP_25,产业集团25,1,0,12,0,0.00000000,0.77243995,0.00000000,,17,0,1,1,正常,0,20260917
MOCK_TAG_0486,MOCK_CUST_0486,MOCK_ECIF_0486,苏州岳禾食品正有限公司,91320571700004862T,20220915,存续,食品加工、预包装食品销售,4400000.00000000,CNY,1408000.00000000,CNY,私人控股,私营有限责任公司,小型,320000,320500,320571,苏州市工业园区星湖街566号7幢107室,55,C,14,149,1499,1,0,0,1,0,0,0,0,0,0,0,0,0,胡文颖,MOCK_PERSON_0398,李景博,MOCK_PERSON_0196,MOCK_ORG_JS_SZ_07,MOCK_ORG_JS_SZ,MOCK_ORG_JS_SZ_07,MOCK_ORG_JS_SZ,0,1,0,1,1,0,,20240316,20240313,20240315,,0,0.00000000,0,0,1,1,0,0,0,0,0,20240312,1,1,2523222.00000000,5,0,1,0,0,0,0,7321600.42000000,3314323.88000000,3170970.48000000,2816000.16000000,0,0,0,0,0,0,0,0,0.00000000,0.00000000,0.00000000,0.00000000,0.00000000,0.00000000,0.00000000,0.00000000,0.00000000,20260917,704000.00000000,239360.00000000,0.00000000,0.00000000,0,0,0,0,0,0,0,0,0,0,0,0,0,0,0,,0.00000000,,,0,0,0,0,0,0,,0,0,0,0,0,0,0,0,MOCK_GROUP_22,产业集团22,1,0,12,0,0.00000000,0.00000000,0.00000000,,55,0,1,1,正常,0,20260917
MOCK_TAG_0487,MOCK_CUST_0487,MOCK_ECIF_0487,宁波岳润精密制造正有限公司,91330212700004870U,20110520,存续,工业零部件、自动化设备的研发与制造,43300000.00000000,CNY,16454000.00000000,CNY,私人控股,私营有限责任公司,中型,330000,330200,330212,宁波市鄞州区首南东路567号8幢108室,461,C,34,348,3484,1,0,0,1,0,0,0,0,0,0,0,0,0,郑宇颖,MOCK_PERSON_0487,郑宇颖,MOCK_PERSON_0487,MOCK_ORG_ZJ_NB_08,MOCK_ORG_ZJ_NB,MOCK_ORG_ZJ_NB_08,MOCK_ORG_ZJ_NB,1,1,0,1,0,0,20260409,20250302,20250227,,,1750,15023752.63000000,350,1,1,0,0,0,0,0,0,20250222,1,1,2655202.00000000,5,0,1,0,0,1,0,21641341.06000000,15201031.97000000,15063228.46000000,14722000.72000000,0,0,0,0,0,0,0,0,0.00000000,0.00000000,0.00000000,0.00000000,0.00000000,0.00000000,0.00000000,0.00000000,0.00000000,20260917,3897000.00000000,740430.00000000,0.00000000,0.00000000,0,0,0,0,0,0,0,0,0,0,0,0,0,0,0,C,16887000.00000000,CNY,嘉禾产业投资08,0,0,0,0,0,0,,0,0,0,0,0,0,0,0,,,1,0,12,5,0.00000000,0.00000000,8585.00150286,20260820,461,0,1,0,正常,0,20260917
MOCK_TAG_0488,MOCK_CUST_0488,MOCK_ECIF_0488,宁波岳森供应链正有限公司,91330212700004889Q,20150424,存续,仓储服务、国内货物运输代理,33700000.00000000,CNY,19209000.00000000,CNY,私人控股,私营有限责任公司,中型,330000,330200,330212,宁波市鄞州区首南东路568号1幢109室,198,G,58,582,5821,1,0,0,1,0,0,0,0,0,0,0,0,0,王宇颖,MOCK_PERSON_0488,王宇颖,MOCK_PERSON_0488,MOCK_ORG_ZJ_NB_01,MOCK_ORG_ZJ_NB,MOCK_ORG_ZJ_NB_01,MOCK_ORG_ZJ_NB,1,1,0,1,1,0,20260602,20240830,20240827,20240829,,640,5440002.51000000,160,1,1,1,0,0,0,0,0,20240825,1,1,1810248.00000000,3,0,1,0,0,1,0,27057731.55000000,13001292.25000000,12266496.02000000,10447000.60000000,0,0,0,0,0,0,0,0,0.00000000,0.00000000,0.00000000,0.00000000,0.00000000,0.00000000,0.00000000,0.00000000,0.00000000,20260917,18872000.00000000,12455520.00000000,0.00000000,0.00000000,0,0,0,0,0,0,0,0,0,0,0,0,0,0,0,,0.00000000,,,0,0,0,0,0,0,,0,0,0,0,0,0,0,0,,,1,0,12,4,1344000.90000000,0.00000000,8500.00392188,20260915,198,0,1,1,正常,0,20260917
MOCK_TAG_0489,MOCK_CUST_0489,MOCK_ECIF_0489,杭州岳远食品正有限公司,91330108700004897M,20130915,存续,食品加工、预包装食品销售,800000.00000000,CNY,584000.00000000,CNY,私人控股,私营有限责任公司,小型,330000,330100,330108,杭州市滨江区江陵路569号2幢110室,20,C,14,149,1499,1,0,0,1,0,0,0,0,0,0,0,0,0,陈宇颖,MOCK_PERSON_0489,陈宇颖,MOCK_PERSON_0489,MOCK_ORG_ZJ_HZ_02,MOCK_ORG_ZJ_HZ,MOCK_ORG_ZJ_HZ_02,MOCK_ORG_ZJ_HZ,0,1,0,1,1,0,,20240616,20240613,20240615,,0,0.00000000,0,0,1,1,0,0,0,0,0,20240603,1,1,2295722.00000000,4,0,1,0,0,0,0,504000.66000000,866080.25000000,644708.12000000,644708.12000000,1,0,0,0,0,0,0,0,1152000.00000000,801792.00000000,801792.00000000,350208.00000000,801792.00000000,867225.60000000,801792.00000000,0.00000000,0.00000000,20260917,1232000.00000000,820192.00000000,1152000.00000000,801792.00000000,0,0,0,0,0,0,0,0,0,0,0,0,0,0,0,,0.00000000,,,0,0,0,0,0,0,,0,0,0,0,0,0,0,0,,,1,0,12,0,0.00000000,0.93506494,0.00000000,,20,0,1,1,正常,0,20260917
MOCK_TAG_0490,MOCK_CUST_0490,MOCK_ECIF_0490,上海岳衡商贸正有限公司,9131011270000490XN,20191203,存续,日用百货、五金及电子产品批发,2200000.00000000,CNY,836000.00000000,CNY,私人控股,私营有限责任公司,小型,310000,310100,310112,上海市闵行区联航路570号3幢111室,53,F,51,513,5135,1,0,0,1,0,0,0,0,0,0,0,0,0,杨宇颖,MOCK_PERSON_0490,杨宇颖,MOCK_PERSON_0490,MOCK_ORG_SH_MH_03,MOCK_ORG_SH_MH,MOCK_ORG_SH_MH_03,MOCK_ORG_SH_MH,1,1,0,1,0,1,20260421,20240527,20240524,,20240528,215,1757627.34000000,43,1,1,0,0,0,0,0,0,20240514,1,1,2483432.00000000,4,0,1,0,0,0,0,720720.78000000,500128.14000000,450553.71000000,431415.50000000,1,0,0,0,0,0,0,0,422400.00000000,182476.80000000,182476.80000000,239923.20000000,182476.80000000,193737.33000000,182476.80000000,0.00000000,0.00000000,20260917,950400.00000000,420076.80000000,422400.00000000,182476.80000000,0,1,0,0,0,0,1,0,0,0,0,0,0,0,0,,0.00000000,,,0,0,0,0,0,0,,0,0,0,0,0,0,0,0,,,1,0,12,5,380550.13000000,0.44444444,8175.01088372,20260905,53,0,1,0,正常,0,20260917
MOCK_TAG_0491,MOCK_CUST_0491,MOCK_ECIF_0491,宁波岳昕精密制造正有限公司,913302127000049184,20080718,存续,工业零部件、自动化设备的研发与制造,3400000.00000000,CNY,2380000.00000000,CNY,私人控股,私营有限责任公司,小型,330000,330200,330212,宁波市鄞州区首南东路571号4幢112室,88,C,34,348,3484,1,0,0,1,0,0,0,0,0,0,0,0,0,黄宇颖,MOCK_PERSON_0491,黄宇颖,MOCK_PERSON_0491,MOCK_ORG_ZJ_NB_04,MOCK_ORG_ZJ_NB,MOCK_ORG_ZJ_NB_04,MOCK_ORG_ZJ_NB,1,1,0,1,1,0,20251010,20250801,20250729,20250731,,770,7074555.93000000,70,1,1,1,0,1,0,0,0,20250721,1,1,2505390.00000000,4,0,1,0,0,0,0,2288881.74000000,1221359.39000000,1202557.63000000,1156000.88000000,0,0,0,0,0,0,0,0,0.00000000,0.00000000,0.00000000,0.00000000,0.00000000,0.00000000,0.00000000,0.00000000,0.00000000,20260917,102000.00000000,64260.00000000,0.00000000,0.00000000,0,0,0,0,0,0,0,0,0,0,0,0,0,0,0,,0.00000000,,,0,0,0,0,0,0,,0,0,0,0,0,0,0,0,,,1,0,12,11,0.00000000,0.00000000,9187.73497403,20260825,88,0,1,1,正常,0,20260917
MOCK_TAG_0492,MOCK_CUST_0492,MOCK_ECIF_0492,上海岳途医疗科技正有限公司,91310115700004926W,20100414,存续,医疗器械研发、技术咨询及销售,4500000.00000000,CNY,3735000.00000000,CNY,私人控股,私营有限责任公司,小型,310000,310100,310115,上海市浦东新区金海路572号5幢113室,64,C,35,358,3589,1,1,0,1,0,0,0,0,0,0,0,0,0,徐宇颖,MOCK_PERSON_0492,徐宇颖,MOCK_PERSON_0492,MOCK_ORG_SH_PD_05,MOCK_ORG_SH_PD,MOCK_ORG_SH_PD_05,MOCK_ORG_SH_PD,1,0,0,1,0,0,20251008,,20250113,,,605,7329580.37000000,55,1,1,0,0,0,0,0,0,20250110,1,1,3078938.00000000,5,0,1,0,0,0,0,1530000.10000000,1620470.87000000,1403063.11000000,1403063.11000000,1,0,0,0,0,0,0,0,1728000.00000000,665280.00000000,665280.00000000,1062720.00000000,665280.00000000,755750.77000000,665280.00000000,0.00000000,0.00000000,20260917,3753000.00000000,1799280.00000000,1728000.00000000,665280.00000000,0,0,0,0,0,0,0,0,1,0,0,1,0,0,0,A,900000.00000000,CNY,嘉禾产业投资01,0,0,0,0,0,0,0–19,0,0,0,0,0,0,0,0,,,1,0,12,11,0.00000000,0.46043165,12115.00887603,20260820,64,0,1,0,正常,0,20260917
MOCK_TAG_0493,MOCK_CUST_0493,MOCK_ECIF_0493,苏州朔川信息科技正有限公司,91320571700004934K,20170706,存续,软件开发、信息系统集成及技术咨询,300000.00000000,CNY,165000.00000000,CNY,私人控股,私营有限责任公司,小型,320000,320500,320571,苏州市工业园区星湖街573号6幢114室,86,I,65,651,6513,1,1,0,1,0,0,0,0,0,0,0,0,0,朱宇颖,MOCK_PERSON_0493,钱明博,MOCK_PERSON_0002,MOCK_ORG_JS_SZ_06,MOCK_ORG_JS_SZ,MOCK_ORG_JS_SZ_06,MOCK_ORG_JS_SZ,1,0,0,1,1,0,20251113,,20221014,20221016,,680,9035503.42000000,68,1,1,1,0,0,0,0,0,20221013,1,1,1610854.00000000,3,0,1,0,0,0,0,81000.65000000,86066.93000000,66644.01000000,66644.01000000,1,0,0,0,0,0,0,0,382200.00000000,62451.48000000,62451.48000000,319748.52000000,62451.48000000,67517.76000000,62451.48000000,0.00000000,0.00000000,20260917,418200.00000000,66771.48000000,382200.00000000,62451.48000000,0,0,0,0,0,0,0,0,1,0,0,1,0,0,0,,0.00000000,,,0,0,0,0,0,0,60–79,0,0,0,0,0,0,0,0,MOCK_GROUP_40,产业集团40,1,0,12,10,0.00000000,0.91391679,13287.50502941,20260825,86,0,1,1,正常,0,20260917
MOCK_TAG_0494,MOCK_CUST_0494,MOCK_ECIF_0494,上海朔原食品正有限公司,913101127000049427,20190605,存续,食品加工、预包装食品销售,4800000.00000000,CNY,3312000.00000000,CNY,私人控股,私营有限责任公司,小型,310000,310100,310112,上海市闵行区联航路574号7幢115室,87,C,14,149,1499,1,0,0,1,0,0,0,0,0,0,0,0,0,胡宇颖,MOCK_PERSON_0494,胡宇颖,MOCK_PERSON_0494,MOCK_ORG_SH_MH_07,MOCK_ORG_SH_MH,MOCK_ORG_SH_MH_07,MOCK_ORG_SH_MH,0,1,0,1,0,0,,20260819,20260816,,,0,0.00000000,0,0,1,0,0,0,0,0,0,20260812,1,1,293836.00000000,1,0,1,0,0,0,0,912000.47000000,129784.68000000,92449.36000000,92449.36000000,0,0,0,0,0,0,0,0,0.00000000,0.00000000,0.00000000,0.00000000,0.00000000,0.00000000,0.00000000,0.00000000,0.00000000,20260917,240000.00000000,122400.00000000,0.00000000,0.00000000,0,0,0,0,0,0,0,0,0,0,0,0,0,0,0,,0.00000000,,,0,0,0,0,0,0,,0,0,0,0,0,0,0,0,,,0,0,2,0,0.00000000,0.00000000,0.00000000,,87,0,1,0,正常,0,20260917
MOCK_TAG_0495,MOCK_CUST_0495,MOCK_ECIF_0495,苏州朔辰食品正有限公司,913205717000049509,20240218,存续,食品加工、预包装食品销售,1400000.00000000,CNY,854000.00000000,CNY,私人控股,私营有限责任公司,小型,320000,320500,320571,苏州市工业园区星湖街575号8幢116室,16,C,14,149,1499,1,0,0,1,0,0,0,0,0,0,0,0,0,林宇颖,MOCK_PERSON_0495,林宇颖,MOCK_PERSON_0495,MOCK_ORG_JS_SZ_08,MOCK_ORG_JS_SZ,MOCK_ORG_JS_SZ_08,MOCK_ORG_JS_SZ,1,0,0,0,0,0,20260522,,,,,48,324482.12000000,12,1,0,0,0,0,0,0,0,20250615,1,1,2884524.00000000,5,0,1,0,0,0,0,1278901.42000000,720623.88000000,694554.20000000,630000.70000000,0,0,0,0,0,0,0,0,0.00000000,0.00000000,0.00000000,0.00000000,0.00000000,0.00000000,0.00000000,0.00000000,0.00000000,20260917,112000.00000000,76160.00000000,0.00000000,0.00000000,0,0,0,0,0,0,0,0,0,0,0,0,0,0,0,,0.00000000,,,0,0,0,0,0,0,,0,0,0,0,0,0,0,0,,,1,0,12,4,70980.57000000,0.00000000,6760.04416667,20260910,16,0,0,0,正常,0,20260917
MOCK_TAG_0496,MOCK_CUST_0496,MOCK_ECIF_0496,上海朔宁信息科技正有限公司,91310115700004969A,20090429,存续,软件开发、信息系统集成及技术咨询,2600000.00000000,CNY,858000.00000000,CNY,私人控股,私营有限责任公司,小型,310000,310100,310115,上海市浦东新区金海路576号1幢117室,21,I,65,651,6513,1,1,0,1,0,0,0,0,0,0,0,0,0,何宇颖,MOCK_PERSON_0496,何宇颖,MOCK_PERSON_0496,MOCK_ORG_SH_PD_01,MOCK_ORG_SH_PD,MOCK_ORG_SH_PD_01,MOCK_ORG_SH_PD,0,0,0,1,1,0,,,20230927,20230929,,0,0.00000000,0,0,1,1,0,0,0,0,0,20230920,1,1,2506838.00000000,4,0,1,0,0,0,0,1016600.42000000,1233060.46000000,1050371.91000000,1025124.83000000,1,0,0,0,0,0,0,0,3211000.00000000,0.00000000,0.00000000,3211000.00000000,0.00000000,599617.20000000,0.00000000,0.00000000,0.00000000,20260917,3523000.00000000,40560.00000000,3211000.00000000,0.00000000,0,0,0,0,0,0,0,0,1,0,0,1,0,0,0,,0.00000000,,,0,0,0,0,0,0,60–79,0,0,0,0,0,0,0,0,,,1,0,12,0,0.00000000,0.91143911,0.00000000,,21,0,1,1,正常,0,20260917
MOCK_TAG_0497,MOCK_CUST_0497,MOCK_ECIF_0497,宁波朔知供应链正有限公司,913302127000049777,20220803,存续,仓储服务、国内货物运输代理,3000000.00000000,CNY,2760000.00000000,CNY,私人控股,私营有限责任公司,小型,330000,330200,330212,宁波市鄞州区首南东路577号2幢118室,84,G,58,582,5821,1,0,0,1,0,0,0,0,0,0,0,0,0,赵泽颖,MOCK_PERSON_0497,赵泽颖,MOCK_PERSON_0497,MOCK_ORG_ZJ_NB_02,MOCK_ORG_ZJ_NB,MOCK_ORG_ZJ_NB_02,MOCK_ORG_ZJ_NB,1,1,0,1,0,0,20260701,20240109,20240106,,,243,1995841.60000000,81,1,1,0,0,0,0,0,0,20240102,1,1,1692916.00000000,3,0,1,0,0,0,0,417602.82000000,143788.66000000,136945.58000000,120000.81000000,0,0,0,0,0,0,0,0,0.00000000,0.00000000,0.00000000,0.00000000,0.00000000,0.00000000,0.00000000,0.00000000,0.00000000,20260917,1410000.00000000,423000.00000000,0.00000000,0.00000000,0,0,0,0,0,0,0,0,0,0,0,0,0,0,0,A,1830000.00000000,CNY,嘉禾产业投资06,0,0,0,0,0,0,,0,0,0,0,0,0,0,0,,,1,0,12,3,686880.98000000,0.00000000,8213.33991770,20260910,84,0,1,0,正常,0,20260917
MOCK_TAG_0498,MOCK_CUST_0498,MOCK_ECIF_0498,上海朔禾信息科技正有限公司,91310112700004985L,20070721,存续,软件开发、信息系统集成及技术咨询,700000.00000000,CNY,693000.00000000,CNY,私人控股,私营有限责任公司,小型,310000,310100,310112,上海市闵行区联航路578号3幢119室,8,I,65,651,6513,1,1,0,1,0,0,0,0,0,0,0,0,0,钱泽颖,MOCK_PERSON_0498,何昕颖,MOCK_PERSON_0416,MOCK_ORG_SH_MH_03,MOCK_ORG_SH_MH,MOCK_ORG_SH_MH_03,MOCK_ORG_SH_MH,0,0,0,1,1,0,,,20250223,20250225,,0,0.00000000,0,0,1,1,0,0,0,0,0,20250222,1,1,1857872.00000000,4,0,1,0,0,0,0,357000.84000000,357000.84000000,357000.84000000,357000.84000000,0,0,0,0,0,0,0,0,0.00000000,0.00000000,0.00000000,0.00000000,0.00000000,0.00000000,0.00000000,0.00000000,0.00000000,20260917,441000.00000000,269010.00000000,0.00000000,0.00000000,0,0,0,0,0,0,0,0,1,0,0,1,0,0,0,,0.00000000,,,0,0,0,0,0,0,40–59,0,0,0,0,0,0,0,0,MOCK_GROUP_55,产业集团55,1,0,12,0,0.00000000,0.00000000,0.00000000,,8,0,1,1,正常,0,20260917
MOCK_TAG_0499,MOCK_CUST_0499,MOCK_ECIF_0499,杭州朔润精密制造正有限公司,91330108700004993Y,20060808,存续,工业零部件、自动化设备的研发与制造,4800000.00000000,CNY,2880000.00000000,CNY,私人控股,私营有限责任公司,小型,330000,330100,330108,杭州市滨江区江陵路579号4幢120室,88,C,34,348,3484,1,0,0,1,0,0,0,0,0,0,0,0,0,孙泽颖,MOCK_PERSON_0499,孙泽颖,MOCK_PERSON_0499,MOCK_ORG_ZJ_HZ_04,MOCK_ORG_ZJ_HZ,MOCK_ORG_ZJ_HZ_04,MOCK_ORG_ZJ_HZ,0,0,0,1,0,0,,,20220826,,,0,0.00000000,0,0,1,0,0,0,0,0,0,20220816,1,1,2600608.00000000,5,0,1,0,0,0,0,5801760.76000000,2922818.23000000,2786226.78000000,2448000.32000000,0,0,0,0,0,0,0,0,0.00000000,0.00000000,0.00000000,0.00000000,0.00000000,0.00000000,0.00000000,0.00000000,0.00000000,20260917,816000.00000000,448800.00000000,0.00000000,0.00000000,0,0,0,0,0,0,0,0,0,0,0,0,0,0,0,B,3168000.00000000,CNY,嘉禾产业投资08,0,0,0,0,0,0,,0,0,0,0,0,0,0,0,,,1,0,12,0,0.00000000,0.00000000,0.00000000,,88,0,1,0,正常,0,20260917
MOCK_TAG_0500,MOCK_CUST_0500,MOCK_ECIF_0500,上海朔森供应链正有限公司,91310112700005005G,20191015,存续,仓储服务、国内货物运输代理,4000000.00000000,CNY,1680000.00000000,CNY,私人控股,私营有限责任公司,小型,310000,310100,310112,上海市闵行区联航路580号5幢101室,83,G,58,582,5821,1,0,0,1,0,0,0,0,0,0,0,0,0,李泽颖,MOCK_PERSON_0500,李泽颖,MOCK_PERSON_0500,MOCK_ORG_SH_MH_05,MOCK_ORG_SH_MH,MOCK_ORG_SH_MH_05,MOCK_ORG_SH_MH,1,1,0,1,0,0,20260430,20230717,20230714,,,272,2088962.95000000,68,1,1,0,0,0,0,0,0,20230711,1,1,1421960.00000000,4,0,1,0,0,0,0,2280000.94000000,2040575.93000000,1453560.94000000,1453560.94000000,1,0,0,0,0,0,0,0,4524000.00000000,2438436.00000000,2438436.00000000,2085564.00000000,2438436.00000000,2041185.30000000,2438436.00000000,0.00000000,0.00000000,20260917,6604000.00000000,3124836.00000000,4524000.00000000,2438436.00000000,0,0,0,0,0,0,0,0,0,0,0,0,0,0,0,,0.00000000,,,0,0,0,0,0,0,,0,0,0,0,0,0,0,0,,,1,0,12,4,0.00000000,0.68503937,7680.01084559,20260820,83,0,1,0,正常,0,20260917
MOCK_TAG_0501,MOCK_CUST_0501,MOCK_ECIF_0501,杭州朔远精密制造正有限公司,91330108700005013T,20081112,存续,工业零部件、自动化设备的研发与制造,2600000.00000000,CNY,1534000.00000000,CNY,私人控股,私营有限责任公司,小型,330000,330100,330108,杭州市滨江区江陵路581号6幢102室,68,C,34,348,3484,1,0,0,1,0,0,0,0,0,0,0,0,0,周泽颖,MOCK_PERSON_0501,周泽颖,MOCK_PERSON_0501,MOCK_ORG_ZJ_HZ_06,MOCK_ORG_ZJ_HZ,MOCK_ORG_ZJ_HZ_06,MOCK_ORG_ZJ_HZ,0,1,0,1,0,0,,20260611,20260608,,,0,0.00000000,0,0,1,0,0,1,0,0,0,20260531,1,1,761298.00000000,1,0,1,0,0,0,0,468000.58000000,198000.25000000,141041.27000000,141041.27000000,0,0,0,0,0,0,0,0,0.00000000,0.00000000,0.00000000,0.00000000,0.00000000,0.00000000,0.00000000,0.00000000,0.00000000,20260917,2028000.00000000,1095120.00000000,0.00000000,0.00000000,0,0,0,0,0,0,0,0,0,0,0,0,0,0,0,,0.00000000,,,0,0,0,0,0,0,,0,0,0,0,0,0,0,0,,,0,0,4,0,0.00000000,0.00000000,0.00000000,,68,0,1,0,正常,0,20260917
MOCK_TAG_0502,MOCK_CUST_0502,MOCK_ECIF_0502,上海朔衡医疗科技正有限公司,913101147000050213,20180705,存续,医疗器械研发、技术咨询及销售,22100000.00000000,CNY,8177000.00000000,CNY,私人控股,私营有限责任公司,中型,310000,310100,310114,上海市嘉定区嘉罗公路582号7幢103室,227,C,35,358,3589,1,1,0,1,0,0,0,0,0,0,0,0,0,吴泽颖,MOCK_PERSON_0502,吴泽颖,MOCK_PERSON_0502,MOCK_ORG_SH_JD_07,MOCK_ORG_SH_JD,MOCK_ORG_SH_JD_07,MOCK_ORG_SH_JD,1,1,0,1,1,0,20260613,20230805,20230802,20230804,,441,5287591.79000000,147,1,1,1,0,0,0,0,0,20230726,1,1,2485732.00000000,4,0,1,0,0,1,0,28588562.32000000,12531415.01000000,11596652.01000000,9282000.75000000,0,0,0,0,0,0,0,0,0.00000000,0.00000000,0.00000000,0.00000000,0.00000000,0.00000000,0.00000000,0.00000000,0.00000000,20260917,9061000.00000000,1721590.00000000,0.00000000,0.00000000,0,0,0,0,0,0,0,0,0,0,0,1,0,0,0,,0.00000000,,,0,0,0,0,0,0,60–79,0,0,0,0,0,0,0,0,,,1,0,12,3,0.00000000,0.00000000,11990.00405896,20260825,227,0,1,1,正常,0,20260917
MOCK_TAG_0503,MOCK_CUST_0503,MOCK_ECIF_0503,上海朔昕商贸正有限公司,9131011570000503X9,20110908,存续,日用百货、五金及电子产品批发,4900000.00000000,CNY,3185000.00000000,CNY,私人控股,私营有限责任公司,小型,310000,310100,310115,上海市浦东新区金海路583号8幢104室,78,F,51,513,5135,1,0,0,1,0,0,0,0,0,0,0,0,0,郑泽颖,MOCK_PERSON_0503,郑泽颖,MOCK_PERSON_0503,MOCK_ORG_SH_PD_08,MOCK_ORG_SH_PD,MOCK_ORG_SH_PD_08,MOCK_ORG_SH_PD,0,0,0,1,0,0,,,20250819,,,0,0.00000000,0,0,1,0,0,0,0,0,0,20250813,1,1,2152076.00000000,4,0,1,0,0,0,0,6622842.01000000,3405949.57000000,3300101.33000000,3038000.92000000,0,0,0,0,0,0,0,0,0.00000000,0.00000000,0.00000000,0.00000000,0.00000000,0.00000000,0.00000000,0.00000000,0.00000000,20260917,686000.00000000,336140.00000000,0.00000000,0.00000000,0,0,0,0,0,0,0,0,0,0,0,0,0,0,0,,0.00000000,,,0,0,0,0,0,0,,0,0,0,0,0,0,0,0,,,1,0,12,0,0.00000000,0.00000000,0.00000000,,78,0,1,0,正常,0,20260917
MOCK_TAG_0504,MOCK_CUST_0504,MOCK_ECIF_0504,上海朔途医疗科技正有限公司,913101157000050489,20080711,存续,医疗器械研发、技术咨询及销售,4100000.00000000,CNY,2911000.00000000,CNY,私人控股,私营有限责任公司,小型,310000,310100,310115,上海市浦东新区金海路584号1幢105室,30,C,35,358,3589,1,1,0,1,0,0,0,0,0,0,0,0,0,王泽颖,MOCK_PERSON_0504,王泽颖,MOCK_PERSON_0504,MOCK_ORG_SH_PD_01,MOCK_ORG_SH_PD,MOCK_ORG_SH_PD_01,MOCK_ORG_SH_PD,1,1,0,1,0,0,20251112,20250206,20250203,,,250,2976880.93000000,25,1,1,0,0,0,0,0,0,20250126,1,1,2247264.00000000,4,0,1,0,0,0,0,1442790.80000000,989135.01000000,975863.44000000,943000.52000000,0,0,0,0,0,0,0,0,0.00000000,0.00000000,0.00000000,0.00000000,0.00000000,0.00000000,0.00000000,0.00000000,0.00000000,20260917,861000.00000000,86100.00000000,0.00000000,0.00000000,0,0,0,0,0,0,0,0,1,0,0,1,0,0,0,C,1148000.00000000,CNY,嘉禾产业投资01,0,0,0,0,0,0,60–79,0,0,0,0,0,0,0,0,MOCK_GROUP_26,产业集团26,1,0,12,10,0.00000000,0.00000000,11907.52372000,20260820,30,0,1,0,正常,0,20260917
MOCK_TAG_0505,MOCK_CUST_0505,MOCK_ECIF_0505,上海翊川医疗科技正有限公司,913101157000050564,20191218,存续,医疗器械研发、技术咨询及销售,1200000.00000000,CNY,672000.00000000,CNY,私人控股,私营有限责任公司,小型,310000,310100,310115,上海市浦东新区金海路585号2幢106室,15,C,35,358,3589,1,1,0,1,0,0,0,0,0,0,0,0,0,陈泽颖,MOCK_PERSON_0505,陈泽颖,MOCK_PERSON_0505,MOCK_ORG_SH_PD_02,MOCK_ORG_SH_PD,MOCK_ORG_SH_PD_02,MOCK_ORG_SH_PD,1,0,0,1,0,0,20251006,,20230316,,,99,1181074.11000000,9,1,1,0,0,0,0,0,0,20230310,1,1,1634108.00000000,4,0,1,0,0,0,0,1678322.40000000,762871.56000000,729826.58000000,648000.93000000,0,0,0,0,0,0,0,0,0.00000000,0.00000000,0.00000000,0.00000000,0.00000000,0.00000000,0.00000000,0.00000000,0.00000000,20260917,12000.00000000,1320.00000000,0.00000000,0.00000000,0,0,0,0,0,0,0,0,0,0,0,1,0,0,0,,0.00000000,,,0,0,0,0,0,0,20–39,0,0,0,0,0,0,0,0,,,1,0,12,11,0.00000000,0.00000000,11930.04151515,20260825,15,0,1,0,正常,0,20260917
MOCK_TAG_0506,MOCK_CUST_0506,MOCK_ECIF_0506,杭州翊原商贸正有限公司,913301087000050643,20101011,存续,日用百货、五金及电子产品批发,1700000.00000000,CNY,1088000.00000000,CNY,私人控股,私营有限责任公司,小型,330000,330100,330108,杭州市滨江区江陵路586号3幢107室,69,F,51,513,5135,1,0,0,1,0,0,0,0,0,0,0,0,0,杨泽颖,MOCK_PERSON_0506,杨泽颖,MOCK_PERSON_0506,MOCK_ORG_ZJ_HZ_03,MOCK_ORG_ZJ_HZ,MOCK_ORG_ZJ_HZ_03,MOCK_ORG_ZJ_HZ,0,0,0,1,0,1,,,20220817,,20220821,0,0.00000000,0,0,1,0,0,0,0,0,0,20220808,1,1,2167032.00000000,4,0,1,0,0,0,0,119000.94000000,611543.78000000,435620.22000000,435620.22000000,1,0,0,0,0,0,0,0,1326000.00000000,451370.40000000,451370.40000000,874629.60000000,451370.40000000,612822.12000000,451370.40000000,0.00000000,0.00000000,20260917,1768000.00000000,606070.40000000,1326000.00000000,451370.40000000,0,0,0,0,0,0,0,0,0,0,0,0,0,0,0,,0.00000000,,,0,0,0,0,0,0,,0,0,0,0,0,0,0,0,,,1,0,12,0,0.00000000,0.75000000,0.00000000,,69,0,1,0,正常,0,20260917
MOCK_TAG_0507,MOCK_CUST_0507,MOCK_ECIF_0507,苏州翊辰信息科技正有限公司,91320571700005072M,20190611,存续,软件开发、信息系统集成及技术咨询,1600000.00000000,CNY,1472000.00000000,CNY,私人控股,私营有限责任公司,小型,320000,320500,320571,苏州市工业园区星湖街587号4幢108室,50,I,65,651,6513,1,1,0,1,0,0,0,0,0,0,0,0,0,黄泽颖,MOCK_PERSON_0507,黄泽颖,MOCK_PERSON_0507,MOCK_ORG_JS_SZ_04,MOCK_ORG_JS_SZ,MOCK_ORG_JS_SZ_04,MOCK_ORG_JS_SZ,1,0,0,1,0,0,20260209,,20230518,,,301,3757128.88000000,43,1,1,0,0,0,0,0,0,20230512,1,1,1939728.00000000,4,0,1,0,0,0,0,307200.09000000,456882.91000000,394491.95000000,383997.70000000,1,0,0,0,0,0,0,0,974400.00000000,0.00000000,0.00000000,974400.00000000,0.00000000,202150.52000000,0.00000000,0.00000000,0.00000000,20260917,1086400.00000000,72800.00000000,974400.00000000,0.00000000,0,0,0,0,0,0,0,0,1,0,0,1,0,0,0,,0.00000000,,,0,0,0,0,0,0,60–79,0,0,0,0,0,0,0,0,,,1,0,12,7,0.00000000,0.89690722,12482.15574751,20260820,50,0,1,0,正常,0,20260917
MOCK_TAG_0508,MOCK_CUST_0508,MOCK_ECIF_0508,上海翊宁医疗科技正有限公司,913101147000050806,20090327,存续,医疗器械研发、技术咨询及销售,2300000.00000000,CNY,1955000.00000000,CNY,私人控股,私营有限责任公司,小型,310000,310100,310114,上海市嘉定区嘉罗公路588号5幢109室,55,C,35,358,3589,1,1,0,1,0,0,0,0,0,0,0,0,0,徐泽颖,MOCK_PERSON_0508,徐泽颖,MOCK_PERSON_0508,MOCK_ORG_SH_JD_05,MOCK_ORG_SH_JD,MOCK_ORG_SH_JD_05,MOCK_ORG_SH_JD,0,1,0,1,1,0,,20230824,20230821,20230823,,0,0.00000000,0,0,1,1,0,0,0,0,0,20230815,1,1,2240380.00000000,5,0,1,0,0,0,0,2673290.89000000,2642972.12000000,2099192.87000000,1897204.29000000,1,0,0,0,0,0,0,0,3496000.00000000,1153680.00000000,1153680.00000000,2342320.00000000,1153680.00000000,2156090.77000000,1153680.00000000,0.00000000,0.00000000,20260917,3680000.00000000,1271440.00000000,3496000.00000000,1153680.00000000,0,0,0,0,0,0,0,0,1,0,0,1,0,0,0,,0.00000000,,,0,0,0,0,0,0,20–39,0,0,0,0,0,0,0,0,,,1,0,12,0,0.00000000,0.95000000,0.00000000,,55,0,1,1,正常,0,20260917
MOCK_TAG_0509,MOCK_CUST_0509,MOCK_ECIF_0509,上海翊知食品正有限公司,913101147000050993,20071003,存续,食品加工、预包装食品销售,3200000.00000000,CNY,1568000.00000000,CNY,私人控股,私营有限责任公司,小型,310000,310100,310114,上海市嘉定区嘉罗公路589号6幢110室,84,C,14,149,1499,1,0,0,1,0,0,0,0,0,0,0,0,0,朱泽颖,MOCK_PERSON_0509,朱泽颖,MOCK_PERSON_0509,MOCK_ORG_SH_JD_06,MOCK_ORG_SH_JD,MOCK_ORG_SH_JD_06,MOCK_ORG_SH_JD,1,1,0,1,1,0,20251028,20250508,20250505,20250507,,748,5151516.19000000,68,1,1,1,0,0,0,0,0,20250502,1,1,2440746.00000000,4,0,1,0,0,0,0,96000.27000000,2552947.79000000,1818538.15000000,1818538.15000000,1,0,0,0,0,0,0,0,6272000.00000000,2299315.20000000,2299315.20000000,3972684.80000000,2299315.20000000,2561422.08000000,2299315.20000000,0.00000000,0.00000000,20260917,6720000.00000000,2594995.20000000,6272000.00000000,2299315.20000000,0,0,0,0,0,0,0,0,0,0,0,0,0,0,0,,0.00000000,,,0,0,0,0,0,0,,0,0,0,0,0,0,0,0,,,1,0,12,11,481780.65000000,0.93333333,6887.05372995,20260915,84,0,1,1,正常,0,20260917
MOCK_TAG_0510,MOCK_CUST_0510,MOCK_ECIF_0510,上海翊禾精密制造正有限公司,91310114700005101N,20070803,存续,工业零部件、自动化设备的研发与制造,900000.00000000,CNY,531000.00000000,CNY,私人控股,私营有限责任公司,小型,310000,310100,310114,上海市嘉定区嘉罗公路590号7幢111室,41,C,34,348,3484,1,0,0,1,0,0,0,0,0,0,0,0,0,胡泽颖,MOCK_PERSON_0510,钱昕博,MOCK_PERSON_0082,MOCK_ORG_SH_JD_07,MOCK_ORG_SH_JD,MOCK_ORG_SH_JD_07,MOCK_ORG_SH_JD,0,0,0,1,0,1,,,20250330,,20250403,0,0.00000000,0,0,1,0,0,0,0,0,0,20250325,1,1,2001286.00000000,4,0,1,0,0,0,0,294841.69000000,130119.98000000,123756.87000000,108000.62000000,0,0,0,0,0,0,0,0,0.00000000,0.00000000,0.00000000,0.00000000,0.00000000,0.00000000,0.00000000,0.00000000,0.00000000,20260917,81000.00000000,56700.00000000,0.00000000,0.00000000,0,0,0,0,0,0,0,0,0,0,0,0,0,0,0,,0.00000000,,,0,0,0,0,0,0,,0,0,0,0,0,0,0,0,MOCK_GROUP_02,产业集团02,1,0,12,0,0.00000000,0.00000000,0.00000000,,41,0,1,0,正常,0,20260917
MOCK_TAG_0511,MOCK_CUST_0511,MOCK_ECIF_0511,宁波翊润供应链正有限公司,9133021270000511XY,20130812,存续,仓储服务、国内货物运输代理,10500000.00000000,CNY,9450000.00000000,CNY,私人控股,私营有限责任公司,中型,330000,330200,330212,宁波市鄞州区首南东路591号8幢112室,343,G,58,582,5821,1,0,0,1,0,0,0,0,0,0,0,0,0,林泽颖,MOCK_PERSON_0511,林泽颖,MOCK_PERSON_0511,MOCK_ORG_ZJ_NB_08,MOCK_ORG_ZJ_NB,MOCK_ORG_ZJ_NB_08,MOCK_ORG_ZJ_NB,1,1,0,0,0,0,20250918,20220704,,,,3948,33939646.26000000,329,1,0,0,0,1,0,0,0,20220629,1,1,2131790.00000000,4,0,1,0,0,1,0,6615002.20000000,6531278.42000000,4652417.50000000,4334253.02000000,1,0,0,0,0,0,0,0,15361500.00000000,6757523.85000000,6757523.85000000,8603976.15000000,6757523.85000000,6099307.21000000,6757523.85000000,0.00000000,0.00000000,20260917,22186500.00000000,11535023.85000000,15361500.00000000,6757523.85000000,0,1,0,0,0,0,1,0,0,0,0,0,0,0,0,,0.00000000,,,0,0,0,0,0,0,,0,0,0,0,0,0,0,0,,,1,0,12,12,2895200.83000000,0.69238050,8596.66825228,20260905,343,0,0,0,正常,0,20260917
MOCK_TAG_0512,MOCK_CUST_0512,MOCK_ECIF_0512,宁波翊森商贸正有限公司,91330212700005128Y,20170622,存续,日用百货、五金及电子产品批发,3200000.00000000,CNY,1600000.00000000,CNY,私人控股,私营有限责任公司,小型,330000,330200,330212,宁波市鄞州区首南东路592号1幢113室,30,F,51,513,5135,1,0,0,1,0,0,0,0,0,0,0,0,0,何泽颖,MOCK_PERSON_0512,何泽颖,MOCK_PERSON_0512,MOCK_ORG_ZJ_NB_01,MOCK_ORG_ZJ_NB,MOCK_ORG_ZJ_NB_01,MOCK_ORG_ZJ_NB,1,1,0,1,0,1,20260213,20250125,20250122,,20250126,196,1455304.58000000,28,1,1,0,0,0,0,0,0,20250114,1,1,2565780.00000000,4,0,1,0,0,0,0,925762.20000000,1627842.02000000,1193606.70000000,1164530.47000000,1,0,0,0,0,0,0,0,2432000.00000000,1313766.40000000,1313766.40000000,1118233.60000000,1313766.40000000,1590722.56000000,1313766.40000000,0.00000000,0.00000000,20260917,3328000.00000000,1967846.40000000,2432000.00000000,1313766.40000000,0,0,0,0,0,0,0,0,0,0,0,0,0,0,0,,0.00000000,,,0,0,0,0,0,0,,0,0,0,0,0,0,0,0,,,1,0,12,7,186900.98000000,0.73076923,7425.02336735,20260905,30,0,1,0,正常,0,20260917
MOCK_TAG_0513,MOCK_CUST_0513,MOCK_ECIF_0513,宁波翊远供应链正有限公司,91330212700005136R,20130702,存续,仓储服务、国内货物运输代理,2500000.00000000,CNY,1450000.00000000,CNY,私人控股,私营有限责任公司,小型,330000,330200,330212,宁波市鄞州区首南东路593号2幢114室,61,G,58,582,5821,1,0,0,1,0,0,0,0,0,0,0,0,0,赵景颖,MOCK_PERSON_0513,王涵博,MOCK_PERSON_0152,MOCK_ORG_ZJ_NB_02,MOCK_ORG_ZJ_NB,MOCK_ORG_ZJ_NB_02,MOCK_ORG_ZJ_NB,1,1,0,1,1,0,20260302,20240301,20240227,20240229,,357,2974324.02000000,51,1,1,1,0,0,0,0,0,20240220,1,1,2415194.00000000,4,0,1,0,0,0,0,510000.79000000,229315.74000000,220882.53000000,200000.31000000,0,0,0,0,0,0,0,0,0.00000000,0.00000000,0.00000000,0.00000000,0.00000000,0.00000000,0.00000000,0.00000000,0.00000000,20260917,1975000.00000000,1422000.00000000,0.00000000,0.00000000,0,0,0,0,0,0,0,0,0,0,0,0,0,0,0,,0.00000000,,,0,0,0,0,0,0,,0,0,0,0,0,0,0,0,MOCK_GROUP_30,产业集团30,1,0,12,7,412080.55000000,0.00000000,8331.43983193,20260915,61,0,1,1,正常,0,20260917
MOCK_TAG_0514,MOCK_CUST_0514,MOCK_ECIF_0514,苏州翊衡供应链正有限公司,91320571700005144E,20110619,存续,仓储服务、国内货物运输代理,600000.00000000,CNY,504000.00000000,CNY,私人控股,私营有限责任公司,小型,320000,320500,320571,苏州市工业园区星湖街594号3幢115室,8,G,58,582,5821,1,0,0,1,0,0,0,0,0,0,0,0,0,钱景颖,MOCK_PERSON_0514,钱景颖,MOCK_PERSON_0514,MOCK_ORG_JS_SZ_03,MOCK_ORG_JS_SZ,MOCK_ORG_JS_SZ_03,MOCK_ORG_JS_SZ,0,0,0,0,0,0,,,,,,0,0.00000000,0,0,0,0,0,0,0,0,0,20230810,1,1,2696080.00000000,5,0,1,0,0,0,0,982082.00000000,444955.83000000,423968.76000000,372000.76000000,0,0,0,0,0,0,0,0,0.00000000,0.00000000,0.00000000,0.00000000,0.00000000,0.00000000,0.00000000,0.00000000,0.00000000,20260917,186000.00000000,52080.00000000,0.00000000,0.00000000,0,0,0,0,0,0,0,0,0,0,0,0,0,0,0,,0.00000000,,,0,0,0,0,0,0,,0,0,0,0,0,0,0,0,,,1,0,12,0,0.00000000,0.00000000,0.00000000,,8,0,0,0,正常,0,20260917
MOCK_TAG_0515,MOCK_CUST_0515,MOCK_ECIF_0515,上海翊昕精密制造正有限公司,91310114700005152Y,20130301,存续,工业零部件、自动化设备的研发与制造,4000000.00000000,CNY,1880000.00000000,CNY,私人控股,私营有限责任公司,小型,310000,310100,310114,上海市嘉定区嘉罗公路595号4幢116室,69,C,34,348,3484,1,0,0,1,0,0,0,0,0,0,0,0,0,孙景颖,MOCK_PERSON_0515,吴远博,MOCK_PERSON_0022,MOCK_ORG_SH_JD_04,MOCK_ORG_SH_JD,MOCK_ORG_SH_JD_04,MOCK_ORG_SH_JD,0,1,0,1,1,0,,20240314,20240311,20240313,,0,0.00000000,0,0,1,1,0,0,0,0,0,20240307,1,1,2015936.00000000,4,0,1,0,0,0,0,2520000.12000000,2903330.89000000,2793057.65000000,2793057.65000000,1,0,0,0,0,0,0,0,1764000.00000000,0.00000000,0.00000000,1764000.00000000,0.00000000,383330.77000000,0.00000000,0.00000000,0.00000000,20260917,4684000.00000000,1898000.00000000,1764000.00000000,0.00000000,0,0,0,0,0,0,0,0,0,0,0,0,0,0,0,,0.00000000,,,0,0,0,0,0,0,,0,0,0,0,0,0,0,0,MOCK_GROUP_19,产业集团19,1,0,12,0,0.00000000,0.37660120,0.00000000,,69,0,1,1,正常,0,20260917
MOCK_TAG_0516,MOCK_CUST_0516,MOCK_ECIF_0516,上海翊途商贸正有限公司,91310112700005160W,20061119,存续,日用百货、五金及电子产品批发,4900000.00000000,CNY,3234000.00000000,CNY,私人控股,私营有限责任公司,小型,310000,310100,310112,上海市闵行区联航路596号5幢117室,56,F,51,513,5135,1,0,0,1,0,0,0,0,0,0,0,0,0,李景颖,MOCK_PERSON_0516,李景颖,MOCK_PERSON_0516,MOCK_ORG_SH_MH_05,MOCK_ORG_SH_MH,MOCK_ORG_SH_MH_05,MOCK_ORG_SH_MH,0,0,0,0,1,0,,,,20240607,,0,0.00000000,0,0,0,1,0,0,0,0,0,20240604,1,1,2856660.00000000,5,0,1,0,0,0,0,1715000.75000000,1693340.64000000,1442733.23000000,1442733.23000000,1,0,0,0,0,0,0,0,2352000.00000000,892819.20000000,892819.20000000,1459180.80000000,892819.20000000,871159.09000000,892819.20000000,0.00000000,0.00000000,20260917,2842000.00000000,1172119.20000000,2352000.00000000,892819.20000000,0,0,0,0,0,0,0,0,0,0,0,0,0,0,0,,0.00000000,,,0,0,0,0,0,0,,0,0,0,0,0,0,0,0,,,1,0,12,0,0.00000000,0.82758621,0.00000000,,56,0,0,1,正常,0,20260917
MOCK_TAG_0517,MOCK_CUST_0517,MOCK_ECIF_0517,苏州璟川供应链正有限公司,913205717000051791,20081003,存续,仓储服务、国内货物运输代理,1600000.00000000,CNY,1280000.00000000,CNY,私人控股,私营有限责任公司,小型,320000,320500,320571,苏州市工业园区星湖街597号6幢118室,25,G,58,582,5821,1,0,0,1,0,0,0,0,0,0,0,0,0,周景颖,MOCK_PERSON_0517,周景颖,MOCK_PERSON_0517,MOCK_ORG_JS_SZ_06,MOCK_ORG_JS_SZ,MOCK_ORG_JS_SZ_06,MOCK_ORG_JS_SZ,1,1,0,1,1,0,20250921,20231125,20231122,20231124,,276,2302766.47000000,23,1,1,1,0,0,0,0,0,20231121,1,1,2160246.00000000,4,0,1,0,0,0,0,768000.87000000,745416.16000000,646337.33000000,646337.33000000,1,0,0,0,0,0,0,0,1024000.00000000,367001.60000000,367001.60000000,656998.40000000,367001.60000000,344416.89000000,367001.60000000,0.00000000,0.00000000,20260917,1376000.00000000,423321.60000000,1024000.00000000,367001.60000000,0,0,0,0,0,0,0,0,0,0,0,0,0,0,0,,0.00000000,,,0,0,0,0,0,0,,0,0,0,0,0,0,0,0,,,1,0,12,12,176640.19000000,0.74418605,8343.35677536,20260905,25,0,1,1,正常,0,20260917
MOCK_TAG_0518,MOCK_CUST_0518,MOCK_ECIF_0518,宁波璟原精密制造正有限公司,913302127000051872,20131220,存续,工业零部件、自动化设备的研发与制造,41100000.00000000,CNY,23427000.00000000,CNY,私人控股,私营有限责任公司,中型,330000,330200,330212,宁波市鄞州区首南东路598号7幢119室,183,C,34,348,3484,1,0,0,1,0,0,0,0,0,0,0,0,0,吴景颖,MOCK_PERSON_0518,黄瑞博,MOCK_PERSON_0107,MOCK_ORG_ZJ_NB_07,MOCK_ORG_ZJ_NB,MOCK_ORG_ZJ_NB_07,MOCK_ORG_ZJ_NB,1,0,0,1,1,1,20260504,,20230802,20230804,20230806,524,4576488.14000000,131,1,1,1,0,0,0,0,0,20230731,1,1,1798300.00000000,4,0,1,0,0,1,0,9864000.78000000,12928031.56000000,9209008.78000000,9209008.78000000,1,0,0,0,1,0,0,0,52608000.00000000,14772326.40000000,14772326.40000000,37835673.60000000,14772326.40000000,12946909.74000000,14772326.40000000,0.00000000,0.00000000,20260917,62472000.00000000,17928806.40000000,52608000.00000000,14772326.40000000,0,1,0,0,0,0,1,0,0,0,0,0,0,0,0,,0.00000000,,,0,0,0,0,0,0,,0,0,0,0,0,0,0,0,MOCK_GROUP_29,产业集团29,1,0,12,4,0.00000000,0.84210526,8733.75599237,20260820,183,0,1,1,正常,0,20260917
MOCK_TAG_0519,MOCK_CUST_0519,MOCK_ECIF_0519,杭州璟辰商贸正有限公司,91330108700005195Y,20140525,存续,日用百货、五金及电子产品批发,21400000.00000000,CNY,13054000.00000000,CNY,私人控股,私营有限责任公司,中型,330000,330100,330108,杭州市滨江区江陵路599号8幢120室,271,F,51,513,5135,1,0,0,1,0,0,0,0,0,0,0,0,0,郑景颖,MOCK_PERSON_0519,郑景颖,MOCK_PERSON_0519,MOCK_ORG_ZJ_HZ_08,MOCK_ORG_ZJ_HZ,MOCK_ORG_ZJ_HZ_08,MOCK_ORG_ZJ_HZ,0,1,0,1,1,0,,20250226,20250223,20250225,,0,0.00000000,0,0,1,1,0,0,0,0,0,20250218,1,1,2470204.00000000,5,0,1,0,0,1,0,8988000.49000000,12096394.61000000,8616609.86000000,8616609.86000000,1,0,0,0,0,0,0,0,23647000.00000000,9988492.80000000,9988492.80000000,13658507.20000000,9988492.80000000,12100242.66000000,9988492.80000000,0.00000000,0.00000000,20260917,28355000.00000000,12483732.80000000,23647000.00000000,9988492.80000000,0,1,0,0,0,0,0,0,0,0,0,0,0,0,0,,0.00000000,,,0,0,0,0,0,0,,0,0,0,0,0,0,0,0,,,1,0,12,0,0.00000000,0.83396226,0.00000000,,271,0,1,1,正常,0,20260917
MOCK_TAG_0520,MOCK_CUST_0520,MOCK_ECIF_0520,宁波璟宁精密制造正有限公司,91330212700005208J,20230623,存续,工业零部件、自动化设备的研发与制造,31600000.00000000,CNY,20224000.00000000,CNY,私人控股,私营有限责任公司,中型,330000,330200,330212,宁波市鄞州区首南东路600号1幢101室,218,C,34,348,3484,1,0,0,1,0,0,0,0,0,0,0,0,0,王景颖,MOCK_PERSON_0520,王景颖,MOCK_PERSON_0520,MOCK_ORG_ZJ_NB_01,MOCK_ORG_ZJ_NB,MOCK_ORG_ZJ_NB_01,MOCK_ORG_ZJ_NB,1,1,0,0,0,1,20260112,20250526,,,20250527,1672,15624321.53000000,209,1,0,0,0,0,0,0,0,20250514,1,1,1992218.00000000,4,0,1,0,0,1,0,8295001.54000000,13270870.66000000,10816784.83000000,10487971.62000000,1,0,0,0,0,0,0,0,22941600.00000000,0.00000000,0.00000000,22941600.00000000,0.00000000,8069266.62000000,0.00000000,0.00000000,0.00000000,20260917,30841600.00000000,5530000.00000000,22941600.00000000,0.00000000,0,0,0,0,0,0,0,0,0,0,0,0,0,0,0,,0.00000000,,,0,0,0,0,0,0,,0,0,0,0,0,0,0,0,,,1,0,12,8,0.00000000,0.74385246,9344.68991029,20260820,218,0,0,0,正常,0,20260917
MOCK_TAG_0521,MOCK_CUST_0521,MOCK_ECIF_0521,苏州璟知医疗科技正有限公司,913205717000052167,20120912,存续,医疗器械研发、技术咨询及销售,2800000.00000000,CNY,2380000.00000000,CNY,私人控股,私营有限责任公司,小型,320000,320500,320571,苏州市工业园区星湖街601号2幢102室,39,C,35,358,3589,1,1,0,1,0,0,0,0,0,0,0,0,0,陈景颖,MOCK_PERSON_0521,陈景颖,MOCK_PERSON_0521,MOCK_ORG_JS_SZ_02,MOCK_ORG_JS_SZ,MOCK_ORG_JS_SZ_02,MOCK_ORG_JS_SZ,1,1,0,1,0,0,20251003,20240210,20240207,,,385,4818280.96000000,35,1,1,0,0,1,0,0,0,20240130,1,1,2419342.00000000,4,0,1,0,0,0,0,2870000.33000000,2144886.32000000,1695404.00000000,1638560.16000000,1,0,0,0,0,0,0,0,4088000.00000000,817600.00000000,817600.00000000,3270400.00000000,817600.00000000,1482686.15000000,817600.00000000,0.00000000,0.00000000,20260917,6104000.00000000,2168320.00000000,4088000.00000000,817600.00000000,0,0,0,0,0,0,0,0,1,0,0,1,0,0,0,,0.00000000,,,0,0,0,0,0,0,40–59,0,0,0,0,0,0,0,0,,,1,0,12,11,0.00000000,0.66972477,12515.01548052,20260820,39,0,1,0,正常,0,20260917
MOCK_TAG_0522,MOCK_CUST_0522,MOCK_ECIF_0522,苏州璟禾食品正股份有限公司,913205717000052242,20070527,存续,食品加工、预包装食品销售,146300000.00000000,CNY,119966000.00000000,CNY,私人控股,私营股份有限公司,大型,320000,320500,320571,苏州市工业园区星湖街602号3幢103室,1225,C,14,149,1499,1,0,0,1,0,0,0,0,0,0,0,0,0,杨景颖,MOCK_PERSON_0522,杨景颖,MOCK_PERSON_0522,MOCK_ORG_JS_SZ_03,MOCK_ORG_JS_SZ,MOCK_ORG_JS_SZ_03,MOCK_ORG_JS_SZ,0,1,0,1,1,0,,20240908,20240905,20240907,,0,0.00000000,0,0,1,1,0,0,0,0,0,20240904,1,1,2497854.00000000,5,0,1,0,0,0,0,58007952.68000000,25110933.16000000,23358459.49000000,19019000.88000000,0,0,0,0,0,0,0,0,0.00000000,0.00000000,0.00000000,0.00000000,0.00000000,0.00000000,0.00000000,0.00000000,0.00000000,20260917,62909000.00000000,8807260.00000000,0.00000000,0.00000000,0,0,0,0,0,0,0,0,0,0,0,0,0,0,0,,0.00000000,,,1,0,0,0,0,0,,0,0,0,0,0,0,0,0,,,1,0,12,0,0.00000000,0.00000000,0.00000000,,1225,0,1,1,正常,0,20260917
MOCK_TAG_0523,MOCK_CUST_0523,MOCK_ECIF_0523,苏州璟润信息科技正有限公司,91320571700005232W,20170901,存续,软件开发、信息系统集成及技术咨询,2800000.00000000,CNY,2632000.00000000,CNY,私人控股,私营有限责任公司,小型,320000,320500,320571,苏州市工业园区星湖街603号4幢104室,67,I,65,651,6513,1,1,0,1,0,0,0,0,0,0,0,0,0,黄景颖,MOCK_PERSON_0523,胡文博,MOCK_PERSON_0078,MOCK_ORG_JS_SZ_04,MOCK_ORG_JS_SZ,MOCK_ORG_JS_SZ_04,MOCK_ORG_JS_SZ,1,1,0,1,1,0,20260421,20241215,20241212,20241214,,325,3859376.66000000,65,1,1,1,0,0,0,0,0,20241204,1,1,1721238.00000000,3,0,1,0,0,0,0,1820001.15000000,1533000.97000000,1510850.27000000,1456000.92000000,0,0,0,0,0,0,0,0,0.00000000,0.00000000,0.00000000,0.00000000,0.00000000,0.00000000,0.00000000,0.00000000,0.00000000,20260917,224000.00000000,120960.00000000,0.00000000,0.00000000,0,0,0,0,0,0,0,0,1,0,0,1,0,0,0,,0.00000000,,,0,0,0,0,0,0,0–19,0,0,0,0,0,0,0,0,MOCK_GROUP_25,产业集团25,1,0,12,5,698750.13000000,0.00000000,11875.00510769,20260905,67,0,1,1,正常,0,20260917
MOCK_TAG_0524,MOCK_CUST_0524,MOCK_ECIF_0524,苏州璟森医疗科技正有限公司,91320571700005240P,20170330,存续,医疗器械研发、技术咨询及销售,3200000.00000000,CNY,2464000.00000000,CNY,私人控股,私营有限责任公司,小型,320000,320500,320571,苏州市工业园区星湖街604号5幢105室,73,C,35,358,3589,1,1,0,1,0,0,0,0,0,0,0,0,0,徐景颖,MOCK_PERSON_0524,徐景颖,MOCK_PERSON_0524,MOCK_ORG_JS_SZ_05,MOCK_ORG_JS_SZ,MOCK_ORG_JS_SZ_05,MOCK_ORG_JS_SZ,1,0,0,1,1,0,20251008,,20241011,20241013,,704,8300167.45000000,64,1,1,1,0,0,0,0,0,20241003,1,1,2554498.00000000,4,0,1,0,0,0,0,320000.29000000,713027.24000000,599964.70000000,599964.70000000,1,0,0,0,0,0,0,0,3942400.00000000,0.00000000,0.00000000,3942400.00000000,0.00000000,393026.95000000,0.00000000,0.00000000,0.00000000,20260917,5030400.00000000,272000.00000000,3942400.00000000,0.00000000,0,1,0,0,0,0,0,0,1,0,0,1,0,0,0,,0.00000000,,,0,0,0,0,0,0,40–59,0,0,0,0,0,0,0,0,,,1,0,12,11,0.00000000,0.78371501,11790.01058239,20260825,73,0,1,1,正常,0,20260917
MOCK_TAG_0525,MOCK_CUST_0525,MOCK_ECIF_0525,上海璟远食品正有限公司,91310112700005259D,20070104,存续,食品加工、预包装食品销售,5300000.00000000,CNY,2279000.00000000,CNY,私人控股,私营有限责任公司,中型,310000,310100,310112,上海市闵行区联航路605号6幢106室,138,C,14,149,1499,1,0,0,1,0,0,0,0,0,0,0,0,0,朱景颖,MOCK_PERSON_0525,朱景颖,MOCK_PERSON_0525,MOCK_ORG_SH_MH_06,MOCK_ORG_SH_MH,MOCK_ORG_SH_MH_06,MOCK_ORG_SH_MH,0,0,0,1,1,0,,,20230327,20230329,,0,0.00000000,0,0,1,1,0,0,0,0,0,20230326,1,1,1839924.00000000,4,0,1,0,0,1,0,2756000.13000000,2756000.13000000,2756000.13000000,2756000.13000000,0,0,0,0,0,0,0,0,0.00000000,0.00000000,0.00000000,0.00000000,0.00000000,0.00000000,0.00000000,0.00000000,0.00000000,20260917,3551000.00000000,2237130.00000000,0.00000000,0.00000000,0,0,0,0,0,0,0,0,0,0,0,0,0,0,0,,0.00000000,,,0,0,0,0,0,0,,0,0,0,0,0,0,0,0,,,1,0,12,0,0.00000000,0.00000000,0.00000000,,138,0,1,1,正常,0,20260917
MOCK_TAG_0526,MOCK_CUST_0526,MOCK_ECIF_0526,上海璟衡信息科技正有限公司,913101127000052678,20090315,存续,软件开发、信息系统集成及技术咨询,3600000.00000000,CNY,3420000.00000000,CNY,私人控股,私营有限责任公司,小型,310000,310100,310112,上海市闵行区联航路606号7幢107室,36,I,65,651,6513,1,1,0,1,0,0,0,0,0,0,0,0,0,胡景颖,MOCK_PERSON_0526,胡景颖,MOCK_PERSON_0526,MOCK_ORG_SH_MH_07,MOCK_ORG_SH_MH,MOCK_ORG_SH_MH_07,MOCK_ORG_SH_MH,1,1,0,1,0,0,20250923,20231011,20231008,,,384,5042004.61000000,32,1,1,0,0,0,0,0,0,20230929,1,1,2491408.00000000,4,0,1,0,0,0,0,1368000.65000000,1368000.65000000,1368000.65000000,1368000.65000000,0,0,0,0,0,0,0,0,0.00000000,0.00000000,0.00000000,0.00000000,0.00000000,0.00000000,0.00000000,0.00000000,0.00000000,20260917,2448000.00000000,269280.00000000,0.00000000,0.00000000,0,0,0,0,0,0,0,0,0,0,0,1,0,0,0,A,1476000.00000000,CNY,嘉禾产业投资11,0,0,0,0,0,0,20–39,0,0,0,0,0,0,0,0,,,1,0,12,12,472000.37000000,0.00000000,13130.22033854,20260905,36,0,1,0,正常,0,20260917
MOCK_TAG_0527,MOCK_CUST_0527,MOCK_ECIF_0527,上海璟昕医疗科技正有限公司,91310115700005275E,20161210,存续,医疗器械研发、技术咨询及销售,4000000.00000000,CNY,3040000.00000000,CNY,私人控股,私营有限责任公司,小型,310000,310100,310115,上海市浦东新区金海路607号8幢108室,20,C,35,358,3589,1,1,0,1,0,0,0,0,0,0,0,0,0,林景颖,MOCK_PERSON_0527,林景颖,MOCK_PERSON_0527,MOCK_ORG_SH_PD_08,MOCK_ORG_SH_PD,MOCK_ORG_SH_PD_08,MOCK_ORG_SH_PD,0,0,0,1,0,0,,,20260729,,,0,0.00000000,0,0,1,0,0,0,0,0,0,20260724,1,1,449008.00000000,1,0,1,0,0,0,0,560000.17000000,120615.42000000,85917.83000000,85917.83000000,0,0,0,0,0,0,0,0,0.00000000,0.00000000,0.00000000,0.00000000,0.00000000,0.00000000,0.00000000,0.00000000,0.00000000,20260917,880000.00000000,149600.00000000,0.00000000,0.00000000,0,0,0,0,0,0,0,0,1,0,0,1,0,0,0,,0.00000000,,,0,0,0,0,0,0,60–79,0,0,0,0,0,0,0,0,,,0,0,2,0,0.00000000,0.00000000,0.00000000,,20,0,1,0,正常,0,20260917
MOCK_TAG_0528,MOCK_CUST_0528,MOCK_ECIF_0528,上海璟途供应链正有限公司,913101157000052839,20210726,存续,仓储服务、国内货物运输代理,1900000.00000000,CNY,1026000.00000000,CNY,私人控股,私营有限责任公司,小型,310000,310100,310115,上海市浦东新区金海路608号1幢109室,25,G,58,582,5821,1,0,0,1,0,0,0,0,0,0,0,0,0,何景颖,MOCK_PERSON_0528,何景颖,MOCK_PERSON_0528,MOCK_ORG_SH_PD_01,MOCK_ORG_SH_PD,MOCK_ORG_SH_PD_01,MOCK_ORG_SH_PD,0,0,0,1,0,0,,,20240106,,,0,0.00000000,0,0,1,0,0,0,0,0,0,20240105,1,1,2414352.00000000,5,0,1,0,0,0,0,1963841.35000000,803776.55000000,747457.39000000,608000.42000000,0,0,0,0,0,0,0,0,0.00000000,0.00000000,0.00000000,0.00000000,0.00000000,0.00000000,0.00000000,0.00000000,0.00000000,20260917,1520000.00000000,1064000.00000000,0.00000000,0.00000000,0,0,0,0,0,0,0,0,0,0,0,0,0,0,0,,0.00000000,,,0,0,0,0,0,0,,0,0,0,0,0,0,0,0,,,1,0,12,0,0.00000000,0.00000000,0.00000000,,25,0,1,0,正常,0,20260917
MOCK_TAG_0529,MOCK_CUST_0529,MOCK_ECIF_0529,苏州珩川商贸正有限公司,913205717000052910,20170515,存续,日用百货、五金及电子产品批发,4200000.00000000,CNY,3402000.00000000,CNY,私人控股,私营有限责任公司,小型,320000,320500,320571,苏州市工业园区星湖街609号2幢110室,52,F,51,513,5135,1,0,0,1,0,0,0,0,0,0,0,0,0,赵承颖,MOCK_PERSON_0529,赵承颖,MOCK_PERSON_0529,MOCK_ORG_JS_SZ_02,MOCK_ORG_JS_SZ,MOCK_ORG_JS_SZ_02,MOCK_ORG_JS_SZ,0,1,0,1,1,1,,20250406,20250403,20250405,20250407,0,0.00000000,0,0,1,1,0,0,0,0,0,20250331,1,1,1839882.00000000,4,0,1,0,0,0,0,1829520.12000000,797056.67000000,785245.86000000,756000.05000000,0,0,0,0,0,0,0,0,0.00000000,0.00000000,0.00000000,0.00000000,0.00000000,0.00000000,0.00000000,0.00000000,0.00000000,20260917,2940000.00000000,1499400.00000000,0.00000000,0.00000000,0,0,0,0,0,0,0,0,0,0,0,0,0,0,0,,0.00000000,,,0,0,0,0,0,0,,0,0,0,0,0,0,0,0,,,1,0,12,0,0.00000000,0.00000000,0.00000000,,52,0,1,1,正常,0,20260917
MOCK_TAG_0530,MOCK_CUST_0530,MOCK_ECIF_0530,上海珩原精密制造正有限公司,91310115700005304R,20240312,存续,工业零部件、自动化设备的研发与制造,2100000.00000000,CNY,903000.00000000,CNY,私人控股,私营有限责任公司,小型,310000,310100,310115,上海市浦东新区金海路610号3幢111室,11,C,34,348,3484,1,0,0,1,0,0,0,0,0,0,0,0,0,钱承颖,MOCK_PERSON_0530,钱承颖,MOCK_PERSON_0530,MOCK_ORG_SH_PD_03,MOCK_ORG_SH_PD,MOCK_ORG_SH_PD_03,MOCK_ORG_SH_PD,0,0,0,1,1,1,,,20250425,20250427,20250429,0,0.00000000,0,0,1,1,0,0,0,0,0,20250424,1,1,2178702.00000000,4,0,1,0,0,0,0,483000.89000000,466655.90000000,440867.81000000,440867.81000000,1,0,0,0,1,0,0,0,510300.00000000,105989.31000000,105989.31000000,404310.69000000,105989.31000000,89644.32000000,105989.31000000,0.00000000,0.00000000,20260917,1938300.00000000,562949.31000000,510300.00000000,105989.31000000,0,0,0,0,0,0,0,0,0,0,0,0,0,0,0,B,672000.00000000,CNY,嘉禾产业投资03,0,0,0,0,0,0,,0,0,0,0,0,0,0,0,,,1,0,12,0,0.00000000,0.26327194,0.00000000,,11,0,1,1,正常,0,20260917
MOCK_TAG_0531,MOCK_CUST_0531,MOCK_ECIF_0531,上海珩辰医疗科技正有限公司,913101147000053126,20100730,存续,医疗器械研发、技术咨询及销售,3700000.00000000,CNY,2294000.00000000,CNY,私人控股,私营有限责任公司,小型,310000,310100,310114,上海市嘉定区嘉罗公路611号4幢112室,47,C,35,358,3589,1,1,0,1,0,0,0,0,0,0,0,0,0,孙承颖,MOCK_PERSON_0531,孙承颖,MOCK_PERSON_0531,MOCK_ORG_SH_JD_04,MOCK_ORG_SH_JD,MOCK_ORG_SH_JD_04,MOCK_ORG_SH_JD,0,1,0,1,0,0,,20231211,20231208,,,0,0.00000000,0,0,1,0,0,1,0,0,0,20231207,1,1,2145550.00000000,4,0,1,0,0,0,0,6471302.47000000,2474481.25000000,2326767.68000000,1961000.75000000,0,0,0,0,0,0,0,0,0.00000000,0.00000000,0.00000000,0.00000000,0.00000000,0.00000000,0.00000000,0.00000000,0.00000000,20260917,962000.00000000,432900.00000000,0.00000000,0.00000000,0,0,0,0,0,0,0,0,0,0,0,1,0,0,0,,0.00000000,,,0,0,0,0,0,0,20–39,0,0,0,0,0,0,0,0,,,1,0,12,0,0.00000000,0.00000000,0.00000000,,47,0,1,0,正常,0,20260917
MOCK_TAG_0532,MOCK_CUST_0532,MOCK_ECIF_0532,杭州珩宁供应链正有限公司,91330108700005320K,20090225,存续,仓储服务、国内货物运输代理,3400000.00000000,CNY,3196000.00000000,CNY,私人控股,私营有限责任公司,小型,330000,330100,330108,杭州市滨江区江陵路612号5幢113室,28,G,58,582,5821,1,0,0,1,0,0,0,0,0,0,0,0,0,李承颖,MOCK_PERSON_0532,李承颖,MOCK_PERSON_0532,MOCK_ORG_ZJ_HZ_05,MOCK_ORG_ZJ_HZ,MOCK_ORG_ZJ_HZ_05,MOCK_ORG_ZJ_HZ,0,0,0,1,0,0,,,20230711,,,0,0.00000000,0,0,1,0,0,0,0,0,0,20230710,1,1,1922290.00000000,4,0,1,0,0,0,0,3799841.75000000,2137433.50000000,1522555.37000000,1255611.47000000,1,0,0,0,0,0,0,0,4345200.00000000,2572358.40000000,2572358.40000000,1772841.60000000,2572358.40000000,1766825.17000000,2572358.40000000,0.00000000,0.00000000,20260917,6895200.00000000,4459358.40000000,4345200.00000000,2572358.40000000,0,1,0,0,0,0,1,0,0,0,0,0,0,0,0,,0.00000000,,,0,0,0,0,0,0,,0,0,0,0,0,0,0,0,,,1,0,12,0,0.00000000,0.63017751,0.00000000,,28,0,1,0,正常,0,20260917
MOCK_TAG_0533,MOCK_CUST_0533,MOCK_ECIF_0533,宁波珩知医疗科技正有限公司,91330212700005339E,20190921,存续,医疗器械研发、技术咨询及销售,34100000.00000000,CNY,10571000.00000000,CNY,私人控股,私营有限责任公司,中型,330000,330200,330212,宁波市鄞州区首南东路613号6幢114室,302,C,35,358,3589,1,1,0,1,0,0,0,0,0,0,0,0,0,周承颖,MOCK_PERSON_0533,周承颖,MOCK_PERSON_0533,MOCK_ORG_ZJ_NB_06,MOCK_ORG_ZJ_NB,MOCK_ORG_ZJ_NB_06,MOCK_ORG_ZJ_NB,0,0,0,1,1,0,,,20241027,20241029,,0,0.00000000,0,0,1,1,0,0,0,0,0,20241024,1,1,2165114.00000000,4,1,1,0,0,1,0,0.00000000,122.98000000,123.11000000,123.11000000,0,0,0,0,0,0,0,0,0.00000000,0.00000000,0.00000000,0.00000000,0.00000000,0.00000000,0.00000000,0.00000000,0.00000000,20260917,25575000.00000000,8439750.00000000,0.00000000,0.00000000,0,0,0,0,0,0,0,0,1,0,0,1,0,0,0,,0.00000000,,,0,0,0,0,0,0,60–79,0,0,0,0,0,0,0,0,,,1,0,12,0,0.00000000,0.00000000,0.00000000,,302,0,1,1,正常,0,20260917
MOCK_TAG_0534,MOCK_CUST_0534,MOCK_ECIF_0534,杭州珩禾供应链正有限公司,91330108700005347B,20140629,存续,仓储服务、国内货物运输代理,2700000.00000000,CNY,2106000.00000000,CNY,私人控股,私营有限责任公司,小型,330000,330100,330108,杭州市滨江区江陵路614号7幢115室,17,G,58,582,5821,1,0,0,1,0,0,0,0,0,0,0,0,0,吴承颖,MOCK_PERSON_0534,吴承颖,MOCK_PERSON_0534,MOCK_ORG_ZJ_HZ_07,MOCK_ORG_ZJ_HZ,MOCK_ORG_ZJ_HZ_07,MOCK_ORG_ZJ_HZ,0,0,0,0,1,0,,,,20250514,,0,0.00000000,0,0,0,1,0,0,0,0,0,20250508,1,1,1821130.00000000,4,0,1,0,0,0,0,513000.76000000,1594709.33000000,1135957.33000000,1135957.33000000,1,0,0,0,0,0,0,0,2786400.00000000,1895866.56000000,1895866.56000000,890533.44000000,1895866.56000000,1600028.04000000,1895866.56000000,0.00000000,0.00000000,20260917,3920400.00000000,2190706.56000000,2786400.00000000,1895866.56000000,0,0,0,0,0,0,0,0,0,0,0,0,0,0,0,,0.00000000,,,0,0,0,0,0,0,,0,0,0,0,0,0,0,0,MOCK_GROUP_07,产业集团07,1,0,12,0,0.00000000,0.71074380,0.00000000,,17,0,0,1,正常,0,20260917
MOCK_TAG_0535,MOCK_CUST_0535,MOCK_ECIF_0535,杭州珩润信息科技正有限公司,913301087000053556,20100116,存续,软件开发、信息系统集成及技术咨询,2300000.00000000,CNY,1265000.00000000,CNY,私人控股,私营有限责任公司,小型,330000,330100,330108,杭州市滨江区江陵路615号8幢116室,31,I,65,651,6513,1,1,0,1,0,0,0,0,0,0,0,0,0,郑承颖,MOCK_PERSON_0535,郑承颖,MOCK_PERSON_0535,MOCK_ORG_ZJ_HZ_08,MOCK_ORG_ZJ_HZ,MOCK_ORG_ZJ_HZ_08,MOCK_ORG_ZJ_HZ,0,1,0,0,0,0,,20260812,,,,0,0.00000000,0,0,0,0,0,0,0,0,0,20260806,1,1,481196.00000000,1,0,1,0,0,0,0,1127000.67000000,186388.57000000,132769.94000000,132769.94000000,0,0,0,0,0,0,0,0,0.00000000,0.00000000,0.00000000,0.00000000,0.00000000,0.00000000,0.00000000,0.00000000,0.00000000,20260917,92000.00000000,47840.00000000,0.00000000,0.00000000,0,0,0,0,0,0,0,0,1,0,0,1,0,0,0,C,1380000.00000000,CNY,嘉禾产业投资08,0,0,0,0,0,0,0–19,0,0,0,0,0,0,0,0,,,0,0,2,0,0.00000000,0.00000000,0.00000000,,31,0,0,0,正常,0,20260917
MOCK_TAG_0536,MOCK_CUST_0536,MOCK_ECIF_0536,上海珩森信息科技正有限公司,91310115700005363W,20220717,存续,软件开发、信息系统集成及技术咨询,700000.00000000,CNY,623000.00000000,CNY,私人控股,私营有限责任公司,小型,310000,310100,310115,上海市浦东新区金海路616号1幢117室,20,I,65,651,6513,1,1,0,1,0,0,0,0,0,0,0,0,0,王承颖,MOCK_PERSON_0536,王承颖,MOCK_PERSON_0536,MOCK_ORG_SH_PD_01,MOCK_ORG_SH_PD,MOCK_ORG_SH_PD_01,MOCK_ORG_SH_PD,0,1,0,0,0,0,,20231129,,,,0,0.00000000,0,0,0,0,0,0,0,0,0,20231119,1,1,2328640.00000000,5,0,1,0,0,0,0,343000.64000000,405080.61000000,387221.99000000,387221.99000000,1,0,0,0,0,0,0,0,515900.00000000,0.00000000,0.00000000,515900.00000000,0.00000000,62079.97000000,0.00000000,0.00000000,0.00000000,20260917,788900.00000000,38220.00000000,515900.00000000,0.00000000,0,0,0,0,0,0,0,0,0,0,0,1,0,0,0,,0.00000000,,,0,0,0,0,0,0,60–79,0,0,0,0,0,0,0,0,,,1,0,12,0,0.00000000,0.65394854,0.00000000,,20,0,0,0,正常,0,20260917
MOCK_TAG_0537,MOCK_CUST_0537,MOCK_ECIF_0537,上海珩远食品正有限公司,91310115700005371P,20150412,存续,食品加工、预包装食品销售,2300000.00000000,CNY,1150000.00000000,CNY,私人控股,私营有限责任公司,小型,310000,310100,310115,上海市浦东新区金海路617号2幢118室,67,C,14,149,1499,1,0,0,1,0,0,0,0,0,0,0,0,0,陈承颖,MOCK_PERSON_0537,陈承颖,MOCK_PERSON_0537,MOCK_ORG_SH_PD_02,MOCK_ORG_SH_PD,MOCK_ORG_SH_PD_02,MOCK_ORG_SH_PD,0,1,0,1,0,0,,20240202,20240130,,,0,0.00000000,0,0,1,0,0,0,0,0,0,20240123,1,1,1902426.00000000,4,0,1,0,0,0,0,1219000.00000000,1254993.16000000,1187115.65000000,1187115.65000000,1,0,0,0,0,0,0,0,579600.00000000,199962.00000000,199962.00000000,379638.00000000,199962.00000000,235955.16000000,199962.00000000,0.00000000,0.00000000,20260917,1384600.00000000,417312.00000000,579600.00000000,199962.00000000,0,0,0,0,0,0,0,0,0,0,0,0,0,0,0,,0.00000000,,,0,0,0,0,0,0,,0,0,0,0,0,0,0,0,,,1,0,12,0,0.00000000,0.41860465,0.00000000,,67,0,1,0,正常,0,20260917
MOCK_TAG_0538,MOCK_CUST_0538,MOCK_ECIF_0538,上海珩衡供应链正有限公司,9131011470000538X1,20220131,存续,仓储服务、国内货物运输代理,1200000.00000000,CNY,672000.00000000,CNY,私人控股,私营有限责任公司,小型,310000,310100,310114,上海市嘉定区嘉罗公路618号3幢119室,30,G,58,582,5821,1,0,0,1,0,0,0,0,0,0,0,0,0,杨承颖,MOCK_PERSON_0538,胡思颖,MOCK_PERSON_0366,MOCK_ORG_SH_JD_03,MOCK_ORG_SH_JD,MOCK_ORG_SH_JD_03,MOCK_ORG_SH_JD,0,1,0,1,0,0,,20230728,20230725,,,0,0.00000000,0,0,1,0,0,0,0,0,0,20230721,1,1,2937022.00000000,5,0,1,0,0,0,0,528000.46000000,474911.69000000,384202.96000000,384202.96000000,1,0,0,0,0,0,0,0,1497600.00000000,368409.60000000,368409.60000000,1129190.40000000,368409.60000000,315320.83000000,368409.60000000,0.00000000,0.00000000,20260917,2289600.00000000,574329.60000000,1497600.00000000,368409.60000000,0,0,0,0,0,0,0,0,0,0,0,0,0,0,0,,0.00000000,,,0,0,0,0,0,0,,0,0,0,0,0,0,0,0,MOCK_GROUP_53,产业集团53,1,0,12,0,0.00000000,0.65408805,0.00000000,,30,0,1,0,正常,0,20260917
MOCK_TAG_0539,MOCK_CUST_0539,MOCK_ECIF_0539,苏州珩昕精密制造正有限公司,91320571700005398B,20190502,存续,工业零部件、自动化设备的研发与制造,1900000.00000000,CNY,988000.00000000,CNY,私人控股,私营有限责任公司,小型,320000,320500,320571,苏州市工业园区星湖街619号4幢120室,25,C,34,348,3484,1,0,0,1,0,0,0,0,0,0,0,0,0,黄承颖,MOCK_PERSON_0539,黄承颖,MOCK_PERSON_0539,MOCK_ORG_JS_SZ_04,MOCK_ORG_JS_SZ,MOCK_ORG_JS_SZ_04,MOCK_ORG_JS_SZ,1,0,0,1,0,1,20251005,,20230512,,20230516,253,2283446.16000000,23,1,1,0,0,0,0,0,0,20230505,1,1,1803430.00000000,4,0,1,0,0,0,0,852721.21000000,669058.18000000,662425.27000000,646000.92000000,0,0,0,0,0,0,0,0,0.00000000,0.00000000,0.00000000,0.00000000,0.00000000,0.00000000,0.00000000,0.00000000,0.00000000,20260917,741000.00000000,318630.00000000,0.00000000,0.00000000,0,0,0,0,0,0,0,0,0,0,0,0,0,0,0,,0.00000000,,,0,0,0,0,0,0,,0,0,0,0,0,0,0,0,,,1,0,12,11,0.00000000,0.00000000,9025.47889328,20260825,25,0,1,0,正常,0,20260917
MOCK_TAG_0540,MOCK_CUST_0540,MOCK_ECIF_0540,上海珩途供应链正有限公司,91310114700005400L,20160913,存续,仓储服务、国内货物运输代理,4700000.00000000,CNY,4559000.00000000,CNY,私人控股,私营有限责任公司,小型,310000,310100,310114,上海市嘉定区嘉罗公路620号5幢101室,45,G,58,582,5821,1,0,0,1,0,0,0,0,0,0,0,0,0,徐承颖,MOCK_PERSON_0540,徐承颖,MOCK_PERSON_0540,MOCK_ORG_SH_JD_05,MOCK_ORG_SH_JD,MOCK_ORG_SH_JD_05,MOCK_ORG_SH_JD,1,1,0,1,1,0,20260424,20250124,20250121,20250123,,210,1710242.84000000,42,1,1,1,0,0,0,0,0,20250112,1,1,2179724.00000000,4,0,1,0,0,0,0,1457000.81000000,2977611.72000000,2234634.27000000,2234634.27000000,1,0,0,0,0,0,0,0,5315700.00000000,2280435.30000000,2280435.30000000,3035264.70000000,2280435.30000000,2980778.78000000,2280435.30000000,0.00000000,0.00000000,20260917,6913700.00000000,2791795.30000000,5315700.00000000,2280435.30000000,0,0,0,0,0,0,0,0,0,0,0,0,0,0,0,C,3102000.00000000,CNY,嘉禾产业投资01,0,0,0,0,0,0,,0,0,0,0,0,0,0,0,,,1,0,12,5,305760.16000000,0.76886472,8144.01352381,20260905,45,0,1,1,正常,0,20260917
MOCK_TAG_0541,MOCK_CUST_0541,MOCK_ECIF_0541,宁波颂川食品正有限公司,913302127000054192,20160116,存续,食品加工、预包装食品销售,4900000.00000000,CNY,3920000.00000000,CNY,私人控股,私营有限责任公司,小型,330000,330200,330212,宁波市鄞州区首南东路621号6幢102室,8,C,14,149,1499,1,0,0,1,0,0,0,0,0,0,0,0,0,朱承颖,MOCK_PERSON_0541,朱承颖,MOCK_PERSON_0541,MOCK_ORG_ZJ_NB_06,MOCK_ORG_ZJ_NB,MOCK_ORG_ZJ_NB_06,MOCK_ORG_ZJ_NB,1,1,0,1,0,0,20251231,20230714,20230711,,,48,339890.22000000,6,1,1,0,0,1,0,0,0,20230701,1,1,1553438.00000000,3,0,1,0,0,0,0,3656380.70000000,2314832.05000000,2226853.08000000,2009000.38000000,0,0,0,0,0,0,0,0,0.00000000,0.00000000,0.00000000,0.00000000,0.00000000,0.00000000,0.00000000,0.00000000,0.00000000,20260917,637000.00000000,203840.00000000,0.00000000,0.00000000,0,0,0,0,0,0,0,0,0,0,0,0,0,0,0,A,3087000.00000000,CNY,嘉禾产业投资02,0,0,0,0,0,0,,0,0,0,0,0,0,0,0,,,1,0,12,8,0.00000000,0.00000000,7081.04625000,20260820,8,0,1,0,正常,0,20260917
MOCK_TAG_0542,MOCK_CUST_0542,MOCK_ECIF_0542,宁波颂原商贸正有限公司,91330212700005427W,20220629,存续,日用百货、五金及电子产品批发,40600000.00000000,CNY,32886000.00000000,CNY,私人控股,私营有限责任公司,中型,330000,330200,330212,宁波市鄞州区首南东路622号7幢103室,480,F,51,513,5135,1,0,0,1,0,0,0,0,0,0,0,0,0,胡承颖,MOCK_PERSON_0542,胡承颖,MOCK_PERSON_0542,MOCK_ORG_ZJ_NB_07,MOCK_ORG_ZJ_NB,MOCK_ORG_ZJ_NB_07,MOCK_ORG_ZJ_NB,1,0,0,1,1,1,20251007,,20240814,20240816,20240818,3641,29094905.92000000,331,1,1,1,0,0,0,0,0,20240810,1,1,2340262.00000000,4,0,1,0,0,1,0,37790481.39000000,22827756.84000000,22334183.18000000,21112000.78000000,0,0,0,0,0,0,0,0,0.00000000,0.00000000,0.00000000,0.00000000,0.00000000,0.00000000,0.00000000,0.00000000,0.00000000,20260917,21924000.00000000,8331120.00000000,0.00000000,0.00000000,0,0,0,0,0,0,0,0,0,0,0,0,0,0,0,,0.00000000,,,0,0,0,0,0,0,,0,0,0,0,0,0,0,0,,,1,0,12,11,0.00000000,0.00000000,7990.91071684,20260820,480,0,1,1,正常,0,20260917
MOCK_TAG_0543,MOCK_CUST_0543,MOCK_ECIF_0543,上海颂辰食品正有限公司,91310115700005435M,20170503,存续,食品加工、预包装食品销售,4400000.00000000,CNY,2420000.00000000,CNY,私人控股,私营有限责任公司,小型,310000,310100,310115,上海市浦东新区金海路623号8幢104室,62,C,14,149,1499,1,0,0,1,0,0,0,0,0,0,0,0,0,林承颖,MOCK_PERSON_0543,陈安博,MOCK_PERSON_0121,MOCK_ORG_SH_PD_08,MOCK_ORG_SH_PD,MOCK_ORG_SH_PD_08,MOCK_ORG_SH_PD,0,0,0,0,0,0,,,,,,0,0.00000000,0,0,0,0,0,0,0,0,0,20230729,1,1,1995530.00000000,4,0,1,0,0,0,0,1461680.70000000,521659.17000000,510825.78000000,484000.23000000,0,0,0,0,0,0,0,0,0.00000000,0.00000000,0.00000000,0.00000000,0.00000000,0.00000000,0.00000000,0.00000000,0.00000000,20260917,88000.00000000,60720.00000000,0.00000000,0.00000000,0,0,0,0,0,0,0,0,0,0,0,0,0,0,0,,0.00000000,,,0,0,0,0,0,0,,0,0,0,0,0,0,0,0,MOCK_GROUP_28,产业集团28,1,0,12,0,0.00000000,0.00000000,0.00000000,,62,0,0,0,正常,0,20260917
MOCK_TAG_0544,MOCK_CUST_0544,MOCK_ECIF_0544,杭州颂宁精密制造正有限公司,91330108700005443L,20071119,存续,工业零部件、自动化设备的研发与制造,2200000.00000000,CNY,792000.00000000,CNY,私人控股,私营有限责任公司,小型,330000,330100,330108,杭州市滨江区江陵路624号1幢105室,27,C,34,348,3484,1,0,0,1,0,0,0,0,0,0,0,0,0,何承颖,MOCK_PERSON_0544,何承颖,MOCK_PERSON_0544,MOCK_ORG_ZJ_HZ_01,MOCK_ORG_ZJ_HZ,MOCK_ORG_ZJ_HZ_01,MOCK_ORG_ZJ_HZ,0,0,0,1,1,0,,,20221123,20221125,,0,0.00000000,0,0,1,1,0,0,0,0,0,20221115,1,1,2209804.00000000,4,0,1,0,0,0,0,869441.09000000,422955.61000000,402543.85000000,352000.44000000,0,0,0,0,0,0,0,0,0.00000000,0.00000000,0.00000000,0.00000000,0.00000000,0.00000000,0.00000000,0.00000000,0.00000000,20260917,396000.00000000,201960.00000000,0.00000000,0.00000000,0,0,0,0,0,0,0,0,0,0,0,0,0,0,0,,0.00000000,,,0,0,0,0,0,0,,0,0,0,0,0,0,0,0,,,1,0,12,0,0.00000000,0.00000000,0.00000000,,27,0,1,1,正常,0,20260917
MOCK_TAG_0545,MOCK_CUST_0545,MOCK_ECIF_0545,宁波颂知精密制造正有限公司,91330212700005451D,20240307,存续,工业零部件、自动化设备的研发与制造,1100000.00000000,CNY,935000.00000000,CNY,私人控股,私营有限责任公司,小型,330000,330200,330212,宁波市鄞州区首南东路625号2幢106室,86,C,34,348,3484,1,0,0,1,0,0,0,0,0,0,0,0,0,赵启颖,MOCK_PERSON_0545,赵启颖,MOCK_PERSON_0545,MOCK_ORG_ZJ_NB_02,MOCK_ORG_ZJ_NB,MOCK_ORG_ZJ_NB_02,MOCK_ORG_ZJ_NB,0,1,0,1,0,0,,20260707,20260704,,,0,0.00000000,0,0,1,0,0,0,0,0,0,20260702,1,1,545732.00000000,1,0,1,0,0,0,0,462000.91000000,138600.27000000,98728.96000000,98728.96000000,0,0,0,0,0,0,0,0,0.00000000,0.00000000,0.00000000,0.00000000,0.00000000,0.00000000,0.00000000,0.00000000,0.00000000,20260917,352000.00000000,140800.00000000,0.00000000,0.00000000,0,0,0,0,0,0,0,0,0,0,0,0,0,0,0,,0.00000000,,,0,0,0,0,0,0,,0,0,0,0,0,0,0,0,,,0,0,3,0,0.00000000,0.00000000,0.00000000,,86,0,1,0,正常,0,20260917
MOCK_TAG_0546,MOCK_CUST_0546,MOCK_ECIF_0546,上海颂禾精密制造正有限公司,9131011570000546X3,20120713,存续,工业零部件、自动化设备的研发与制造,2800000.00000000,CNY,2632000.00000000,CNY,私人控股,私营有限责任公司,小型,310000,310100,310115,上海市浦东新区金海路626号3幢107室,44,C,34,348,3484,1,0,0,1,0,0,0,0,0,0,0,0,0,钱启颖,MOCK_PERSON_0546,何远博,MOCK_PERSON_0032,MOCK_ORG_SH_PD_03,MOCK_ORG_SH_PD,MOCK_ORG_SH_PD_03,MOCK_ORG_SH_PD,0,1,0,1,1,1,,20260818,20260815,20260817,20260819,0,0.00000000,0,0,1,1,0,0,0,0,0,20260805,1,1,261288.00000000,1,1,1,0,0,0,0,0.00000000,20.42000000,14.54000000,14.54000000,0,0,0,0,0,0,0,0,0.00000000,0.00000000,0.00000000,0.00000000,0.00000000,0.00000000,0.00000000,0.00000000,0.00000000,20260917,1736000.00000000,572880.00000000,0.00000000,0.00000000,0,0,0,0,0,0,0,0,0,0,0,0,0,0,0,,0.00000000,,,0,0,0,0,0,0,,0,0,0,0,0,0,0,0,MOCK_GROUP_56,产业集团56,0,0,2,0,0.00000000,0.00000000,0.00000000,,44,0,1,1,正常,0,20260917
MOCK_TAG_0547,MOCK_CUST_0547,MOCK_ECIF_0547,杭州颂润食品正有限公司,913301087000054787,20180917,存续,食品加工、预包装食品销售,2800000.00000000,CNY,2212000.00000000,CNY,私人控股,私营有限责任公司,小型,330000,330100,330108,杭州市滨江区江陵路627号4幢108室,77,C,14,149,1499,1,0,0,1,0,0,0,0,0,0,0,0,0,孙启颖,MOCK_PERSON_0547,孙启颖,MOCK_PERSON_0547,MOCK_ORG_ZJ_HZ_04,MOCK_ORG_ZJ_HZ,MOCK_ORG_ZJ_HZ_04,MOCK_ORG_ZJ_HZ,1,1,0,1,1,0,20251203,20250810,20250807,20250809,,540,3948754.83000000,60,1,1,1,0,0,0,0,0,20250729,1,1,2709052.00000000,5,0,1,0,0,0,0,868000.02000000,711630.79000000,708284.95000000,700000.02000000,0,0,0,0,0,0,0,0,0.00000000,0.00000000,0.00000000,0.00000000,0.00000000,0.00000000,0.00000000,0.00000000,0.00000000,20260917,952000.00000000,504560.00000000,0.00000000,0.00000000,0,0,0,0,0,0,0,0,0,0,0,0,0,0,0,,0.00000000,,,0,0,0,0,0,0,,0,0,0,0,0,0,0,0,,,1,0,12,9,0.00000000,0.00000000,7312.50894444,20260820,77,0,1,1,正常,0,20260917
MOCK_TAG_0548,MOCK_CUST_0548,MOCK_ECIF_0548,苏州颂森医疗科技正有限公司,91320571700005486R,20190117,存续,医疗器械研发、技术咨询及销售,2100000.00000000,CNY,1974000.00000000,CNY,私人控股,私营有限责任公司,小型,320000,320500,320571,苏州市工业园区星湖街628号5幢109室,53,C,35,358,3589,1,1,0,1,0,0,0,0,0,0,0,0,0,李启颖,MOCK_PERSON_0548,李启颖,MOCK_PERSON_0548,MOCK_ORG_JS_SZ_05,MOCK_ORG_JS_SZ,MOCK_ORG_JS_SZ_05,MOCK_ORG_JS_SZ,1,0,0,1,0,0,20251022,,20231115,,,495,5892981.82000000,45,1,1,0,0,0,0,0,0,20231105,1,1,1871168.00000000,4,0,1,0,0,0,0,1050000.30000000,1107078.73000000,1037547.16000000,1037547.16000000,1,0,0,0,0,0,0,0,1020600.00000000,184626.54000000,184626.54000000,835973.46000000,184626.54000000,241704.97000000,184626.54000000,0.00000000,0.00000000,20260917,2595600.00000000,420876.54000000,1020600.00000000,184626.54000000,0,0,0,0,0,0,0,0,1,0,0,1,0,0,0,,0.00000000,,,0,0,0,0,0,0,60–79,0,0,0,0,0,0,0,0,,,1,0,12,11,584100.50000000,0.39320388,11905.01377778,20260905,53,0,1,0,正常,0,20260917
MOCK_TAG_0549,MOCK_CUST_0549,MOCK_ECIF_0549,宁波颂远食品正有限公司,91330212700005494T,20150522,存续,食品加工、预包装食品销售,292300000.00000000,CNY,257224000.00000000,CNY,私人控股,私营有限责任公司,大型,330000,330200,330212,宁波市鄞州区首南东路629号6幢110室,2352,C,14,149,1499,1,0,0,1,0,0,0,0,0,0,0,0,0,周启颖,MOCK_PERSON_0549,周启颖,MOCK_PERSON_0549,MOCK_ORG_ZJ_NB_06,MOCK_ORG_ZJ_NB,MOCK_ORG_ZJ_NB_06,MOCK_ORG_ZJ_NB,1,0,0,1,1,0,20260207,,20250815,20250817,,16464,108850563.34000000,2352,1,1,1,0,0,0,0,0,20250814,1,1,2700958.00000000,4,0,1,0,0,0,0,58460000.54000000,55274637.46000000,49806806.44000000,49806806.44000000,1,0,0,0,0,0,0,0,108151000.00000000,22192585.20000000,22192585.20000000,85958414.80000000,22192585.20000000,19007222.12000000,22192585.20000000,0.00000000,0.00000000,20260917,233840000.00000000,90064645.20000000,108151000.00000000,22192585.20000000,0,0,0,0,0,0,0,0,0,0,0,0,0,0,0,B,187072000.00000000,CNY,嘉禾产业投资10,0,0,0,0,0,0,,0,0,0,0,0,0,0,0,,,1,0,12,7,0.00000000,0.46250000,6611.42877430,20260820,2352,0,1,1,正常,0,20260917
MOCK_TAG_0550,MOCK_CUST_0550,MOCK_ECIF_0550,苏州颂衡医疗科技正有限公司,91320571700005507A,20070614,存续,医疗器械研发、技术咨询及销售,36800000.00000000,CNY,27600000.00000000,CNY,私人控股,私营有限责任公司,中型,320000,320500,320571,苏州市工业园区星湖街630号7幢111室,386,C,35,358,3589,1,1,0,1,0,0,0,0,0,0,0,0,0,吴启颖,MOCK_PERSON_0550,朱和博,MOCK_PERSON_0317,MOCK_ORG_JS_SZ_07,MOCK_ORG_JS_SZ,MOCK_ORG_JS_SZ_07,MOCK_ORG_JS_SZ,0,0,0,0,1,0,,,,20231018,,0,0.00000000,0,0,0,1,0,0,0,0,0,20231010,1,1,2136280.00000000,4,0,1,0,0,1,0,23552000.47000000,48256809.54000000,34374713.65000000,34374713.65000000,1,0,0,0,0,0,0,0,64032000.00000000,42741360.00000000,42741360.00000000,21290640.00000000,42741360.00000000,48330614.77000000,42741360.00000000,0.00000000,0.00000000,20260917,65872000.00000000,43992560.00000000,64032000.00000000,42741360.00000000,0,0,0,0,0,0,0,0,1,0,0,1,0,0,0,,0.00000000,,,0,0,0,0,0,0,20–39,0,0,0,0,0,0,0,0,MOCK_GROUP_50,产业集团50,1,0,12,0,0.00000000,0.97206704,0.00000000,,386,0,0,1,正常,0,20260917
MOCK_TAG_0551,MOCK_CUST_0551,MOCK_ECIF_0551,上海颂昕食品正有限公司,91310112700005515X,20220216,存续,食品加工、预包装食品销售,4400000.00000000,CNY,4004000.00000000,CNY,私人控股,私营有限责任公司,小型,310000,310100,310112,上海市闵行区联航路631号8幢112室,84,C,14,149,1499,1,0,0,1,0,0,0,0,0,0,0,0,0,郑启颖,MOCK_PERSON_0551,郑启颖,MOCK_PERSON_0551,MOCK_ORG_SH_MH_08,MOCK_ORG_SH_MH,MOCK_ORG_SH_MH_08,MOCK_ORG_SH_MH,0,1,0,1,0,0,,20250702,20250629,,,0,0.00000000,0,0,1,0,0,1,0,0,0,20250620,1,1,2537994.00000000,4,0,1,0,0,0,0,308000.44000000,1849400.99000000,1568348.01000000,1568348.01000000,1,0,0,0,0,0,0,0,4294400.00000000,0.00000000,0.00000000,4294400.00000000,0.00000000,1541400.55000000,0.00000000,0.00000000,0.00000000,20260917,5482400.00000000,368280.00000000,4294400.00000000,0.00000000,0,0,0,0,0,0,0,0,0,0,0,0,0,0,0,,0.00000000,,,0,0,0,0,0,0,,0,0,0,0,0,0,0,0,,,1,0,12,0,0.00000000,0.78330658,0.00000000,,84,0,1,0,正常,0,20260917
MOCK_TAG_0552,MOCK_CUST_0552,MOCK_ECIF_0552,苏州颂途食品正有限公司,913205717000055230,20080613,存续,食品加工、预包装食品销售,4500000.00000000,CNY,3195000.00000000,CNY,私人控股,私营有限责任公司,小型,320000,320500,320571,苏州市工业园区星湖街632号1幢113室,58,C,14,149,1499,1,0,0,1,0,0,0,0,0,0,0,0,0,王启颖,MOCK_PERSON_0552,王启颖,MOCK_PERSON_0552,MOCK_ORG_JS_SZ_01,MOCK_ORG_JS_SZ,MOCK_ORG_JS_SZ_01,MOCK_ORG_JS_SZ,0,0,0,1,1,0,,,20230929,20231001,,0,0.00000000,0,0,1,1,0,0,0,0,0,20230926,1,1,1867062.00000000,4,0,1,0,0,0,0,2790000.03000000,3029622.69000000,2387968.31000000,2387968.31000000,1,0,0,0,0,0,0,0,2988000.00000000,2235621.60000000,2235621.60000000,752378.40000000,2235621.60000000,2475244.26000000,2235621.60000000,0.00000000,0.00000000,20260917,3933000.00000000,2887671.60000000,2988000.00000000,2235621.60000000,0,0,0,0,0,0,0,0,0,0,0,0,0,0,0,,0.00000000,,,0,0,0,0,0,0,,0,0,0,0,0,0,0,0,,,1,0,12,0,0.00000000,0.75972540,0.00000000,,58,0,1,1,正常,0,20260917
MOCK_TAG_0553,MOCK_CUST_0553,MOCK_ECIF_0553,宁波澜川商贸正有限公司,913302127000055311,20090709,存续,日用百货、五金及电子产品批发,3100000.00000000,CNY,1953000.00000000,CNY,私人控股,私营有限责任公司,小型,330000,330200,330212,宁波市鄞州区首南东路633号2幢114室,58,F,51,513,5135,1,0,0,1,0,0,0,0,0,0,0,0,0,何远颖,MOCK_PERSON_0352,王文博,MOCK_PERSON_0072,MOCK_ORG_ZJ_NB_02,MOCK_ORG_ZJ_NB,MOCK_ORG_ZJ_NB_02,MOCK_ORG_ZJ_NB,0,0,0,1,1,0,,,20220610,20220612,,0,0.00000000,0,0,1,1,0,0,0,0,0,20220603,1,1,2178994.00000000,4,0,1,0,0,0,0,1668420.52000000,895967.05000000,843332.75000000,713000.22000000,0,0,0,0,0,0,0,0,0.00000000,0.00000000,0.00000000,0.00000000,0.00000000,0.00000000,0.00000000,0.00000000,0.00000000,20260917,1271000.00000000,292330.00000000,0.00000000,0.00000000,0,0,0,0,0,0,0,0,0,0,0,0,0,0,0,,0.00000000,,,0,0,0,0,0,0,,0,0,0,0,0,0,0,0,MOCK_GROUP_03,产业集团03,1,0,12,0,0.00000000,0.00000000,0.00000000,,58,0,1,1,正常,0,20260917
MOCK_TAG_0554,MOCK_CUST_0554,MOCK_ECIF_0554,杭州澜原供应链正有限公司,9133010870000554XT,20170118,存续,仓储服务、国内货物运输代理,4000000.00000000,CNY,3720000.00000000,CNY,私人控股,私营有限责任公司,小型,330000,330100,330108,杭州市滨江区江陵路634号3幢115室,9,G,58,582,5821,1,0,0,1,0,0,0,0,0,0,0,0,0,杨启颖,MOCK_PERSON_0554,杨启颖,MOCK_PERSON_0554,MOCK_ORG_ZJ_HZ_03,MOCK_ORG_ZJ_HZ,MOCK_ORG_ZJ_HZ_03,MOCK_ORG_ZJ_HZ,1,0,0,1,1,0,20260531,,20250806,20250808,,28,243041.85000000,7,1,1,1,0,0,0,0,0,20250729,1,1,2589720.00000000,4,0,1,0,0,0,0,200000.07000000,748796.86000000,533389.55000000,533389.55000000,1,0,0,0,0,0,0,0,1460000.00000000,383688.00000000,383688.00000000,1076312.00000000,383688.00000000,749503.35000000,383688.00000000,0.00000000,0.00000000,20260917,2460000.00000000,813688.00000000,1460000.00000000,383688.00000000,0,0,0,0,0,0,0,0,0,0,0,0,0,0,0,,0.00000000,,,0,0,0,0,0,0,,0,0,0,0,0,0,0,0,,,1,0,12,4,57120.52000000,0.59349593,8680.06607143,20260915,9,0,1,1,正常,0,20260917
MOCK_TAG_0555,MOCK_CUST_0555,MOCK_ECIF_0555,上海澜辰信息科技正有限公司,91310112700005558B,20220717,存续,软件开发、信息系统集成及技术咨询,1200000.00000000,CNY,1140000.00000000,CNY,私人控股,私营有限责任公司,小型,310000,310100,310112,上海市闵行区联航路635号4幢116室,30,I,65,651,6513,1,1,0,1,0,0,0,0,0,0,0,0,0,黄启颖,MOCK_PERSON_0555,黄启颖,MOCK_PERSON_0555,MOCK_ORG_SH_MH_04,MOCK_ORG_SH_MH,MOCK_ORG_SH_MH_04,MOCK_ORG_SH_MH,0,1,0,1,0,0,,20250624,20250621,,,0,0.00000000,0,0,1,0,0,0,0,0,0,20250615,1,1,2285572.00000000,4,0,1,0,0,0,0,504000.63000000,504000.63000000,504000.63000000,504000.63000000,0,0,0,0,0,0,0,0,0.00000000,0.00000000,0.00000000,0.00000000,0.00000000,0.00000000,0.00000000,0.00000000,0.00000000,20260917,480000.00000000,292800.00000000,0.00000000,0.00000000,0,0,0,0,0,0,0,0,0,0,0,1,0,0,0,,0.00000000,,,0,0,0,0,0,0,0–19,0,0,0,0,0,0,0,0,,,1,0,12,0,0.00000000,0.00000000,0.00000000,,30,0,1,0,正常,0,20260917
MOCK_TAG_0556,MOCK_CUST_0556,MOCK_ECIF_0556,宁波澜宁供应链正有限公司,91330212700005566K,20120117,存续,仓储服务、国内货物运输代理,300000.00000000,CNY,231000.00000000,CNY,私人控股,私营有限责任公司,小型,330000,330200,330212,宁波市鄞州区首南东路636号5幢117室,83,G,58,582,5821,1,0,0,1,0,0,0,0,0,0,0,0,0,徐启颖,MOCK_PERSON_0556,徐启颖,MOCK_PERSON_0556,MOCK_ORG_ZJ_NB_05,MOCK_ORG_ZJ_NB,MOCK_ORG_ZJ_NB_05,MOCK_ORG_ZJ_NB,0,1,0,1,0,0,,20250322,20250319,,,0,0.00000000,0,0,1,0,0,0,0,0,0,20250312,1,1,1729110.00000000,4,0,1,0,0,0,0,12000.82000000,365391.38000000,260278.79000000,260278.79000000,1,0,0,0,0,0,0,0,504000.00000000,300535.20000000,300535.20000000,203464.80000000,300535.20000000,366501.12000000,300535.20000000,0.00000000,0.00000000,20260917,717000.00000000,415555.20000000,504000.00000000,300535.20000000,0,0,0,0,0,0,0,0,0,0,0,0,0,0,0,,0.00000000,,,0,0,0,0,0,0,,0,0,0,0,0,0,0,0,MOCK_GROUP_20,产业集团20,1,0,12,0,0.00000000,0.70292887,0.00000000,,83,0,1,0,正常,0,20260917
MOCK_TAG_0557,MOCK_CUST_0557,MOCK_ECIF_0557,上海澜知食品正有限公司,91310115700005574C,20160123,存续,食品加工、预包装食品销售,123200000.00000000,CNY,121968000.00000000,CNY,私人控股,私营有限责任公司,大型,310000,310100,310115,上海市浦东新区金海路637号6幢118室,1412,C,14,149,1499,1,0,0,1,0,0,0,0,0,0,0,0,0,朱启颖,MOCK_PERSON_0557,朱启颖,MOCK_PERSON_0557,MOCK_ORG_SH_PD_06,MOCK_ORG_SH_PD,MOCK_ORG_SH_PD_06,MOCK_ORG_SH_PD,0,0,0,1,1,0,,,20240725,20240727,,0,0.00000000,0,0,1,1,0,0,0,0,0,20240716,1,1,2067318.00000000,4,0,1,0,0,0,0,60368000.82000000,60368000.82000000,60368000.82000000,60368000.82000000,0,0,0,0,0,0,0,0,0.00000000,0.00000000,0.00000000,0.00000000,0.00000000,0.00000000,0.00000000,0.00000000,0.00000000,20260917,59136000.00000000,37255680.00000000,0.00000000,0.00000000,0,0,0,0,0,0,0,0,0,0,0,0,0,0,0,,0.00000000,,,0,0,0,0,0,0,,0,0,0,0,0,0,0,0,,,1,0,12,0,0.00000000,0.00000000,0.00000000,,1412,0,1,1,正常,0,20260917
MOCK_TAG_0558,MOCK_CUST_0558,MOCK_ECIF_0558,上海澜禾供应链正有限公司,91310112700005582U,20041231,存续,仓储服务、国内货物运输代理,1900000.00000000,CNY,646000.00000000,CNY,私人控股,私营有限责任公司,小型,310000,310100,310112,上海市闵行区联航路638号7幢119室,68,G,58,582,5821,1,0,0,1,0,0,0,0,0,0,0,0,0,胡启颖,MOCK_PERSON_0558,李明博,MOCK_PERSON_0004,MOCK_ORG_SH_MH_07,MOCK_ORG_SH_MH,MOCK_ORG_SH_MH_07,MOCK_ORG_SH_MH,0,0,0,1,1,0,,,20220626,20220628,,0,0.00000000,0,0,1,1,0,0,0,0,0,20220625,1,1,2747834.00000000,5,0,1,0,0,0,0,2032241.05000000,1201420.31000000,1161888.60000000,1064000.55000000,0,0,0,0,0,0,0,0,0.00000000,0.00000000,0.00000000,0.00000000,0.00000000,0.00000000,0.00000000,0.00000000,0.00000000,20260917,19000.00000000,12730.00000000,0.00000000,0.00000000,0,0,0,0,0,0,0,0,0,0,0,0,0,0,0,,0.00000000,,,0,0,0,0,0,0,,0,0,0,0,0,0,0,0,MOCK_GROUP_31,产业集团31,1,0,12,0,0.00000000,0.00000000,0.00000000,,68,0,1,1,正常,0,20260917
MOCK_TAG_0559,MOCK_CUST_0559,MOCK_ECIF_0559,上海澜润精密制造正有限公司,913101157000055902,20090612,存续,工业零部件、自动化设备的研发与制造,4300000.00000000,CNY,3268000.00000000,CNY,私人控股,私营有限责任公司,小型,310000,310100,310115,上海市浦东新区金海路639号8幢120室,60,C,34,348,3484,1,0,0,1,0,0,0,0,0,0,0,0,0,林启颖,MOCK_PERSON_0559,林启颖,MOCK_PERSON_0559,MOCK_ORG_SH_PD_08,MOCK_ORG_SH_PD,MOCK_ORG_SH_PD_08,MOCK_ORG_SH_PD,1,1,0,1,0,1,20251031,20240420,20240417,,20240421,572,5078583.76000000,52,1,1,0,0,0,0,0,0,20240412,1,1,2085074.00000000,4,1,1,0,0,0,0,0.00000000,122.98000000,123.11000000,123.11000000,0,0,0,0,0,0,0,0,0.00000000,0.00000000,0.00000000,0.00000000,0.00000000,0.00000000,0.00000000,0.00000000,0.00000000,20260917,3053000.00000000,1465440.00000000,0.00000000,0.00000000,0,0,0,0,0,0,0,0,0,0,0,0,0,0,0,,0.00000000,,,0,0,0,0,0,0,,0,0,0,0,0,0,0,0,,,1,0,12,11,468520.39000000,0.00000000,8878.64293706,20260910,60,0,1,0,正常,0,20260917
MOCK_TAG_0560,MOCK_CUST_0560,MOCK_ECIF_0560,上海澜森医疗科技正有限公司,91310115700005603P,20060318,存续,医疗器械研发、技术咨询及销售,1200000.00000000,CNY,792000.00000000,CNY,私人控股,私营有限责任公司,小型,310000,310100,310115,上海市浦东新区金海路640号1幢101室,39,C,35,358,3589,1,1,0,1,0,0,0,0,0,0,0,0,0,何启颖,MOCK_PERSON_0560,何启颖,MOCK_PERSON_0560,MOCK_ORG_SH_PD_01,MOCK_ORG_SH_PD,MOCK_ORG_SH_PD_01,MOCK_ORG_SH_PD,0,1,0,0,0,0,,20221219,,,,0,0.00000000,0,0,0,0,0,0,0,0,0,20221209,1,1,2327964.00000000,4,0,1,0,0,0,0,423362.15000000,231860.23000000,174244.75000000,158665.06000000,1,0,0,0,0,0,0,0,864000.00000000,114480.00000000,114480.00000000,749520.00000000,114480.00000000,180468.00000000,114480.00000000,0.00000000,0.00000000,20260917,1056000.00000000,220080.00000000,864000.00000000,114480.00000000,0,1,0,0,0,0,1,0,1,0,0,1,0,0,0,A,336000.00000000,CNY,嘉禾产业投资09,0,0,0,0,0,0,0–19,0,0,0,0,0,0,0,0,,,1,0,12,0,0.00000000,0.81818182,0.00000000,,39,0,0,0,正常,0,20260917
MOCK_TAG_0561,MOCK_CUST_0561,MOCK_ECIF_0561,宁波澜远食品正有限公司,91330212700005611L,20131026,存续,食品加工、预包装食品销售,44200000.00000000,CNY,17680000.00000000,CNY,私人控股,私营有限责任公司,中型,330000,330200,330212,宁波市鄞州区首南东路641号2幢102室,288,C,14,149,1499,1,0,0,1,0,0,0,0,0,0,0,0,0,赵博颖,MOCK_PERSON_0561,赵博颖,MOCK_PERSON_0561,MOCK_ORG_ZJ_NB_02,MOCK_ORG_ZJ_NB,MOCK_ORG_ZJ_NB_02,MOCK_ORG_ZJ_NB,0,1,0,1,0,0,,20250201,20250129,,,0,0.00000000,0,0,1,0,0,1,0,0,0,20250126,1,1,1635764.00000000,3,0,1,0,0,1,0,10608000.69000000,15866440.69000000,14353738.77000000,14353738.77000000,1,0,0,0,0,0,0,0,36951200.00000000,0.00000000,0.00000000,36951200.00000000,0.00000000,5258440.00000000,0.00000000,0.00000000,0.00000000,20260917,51537200.00000000,8897460.00000000,36951200.00000000,0.00000000,0,0,0,0,0,0,0,0,0,0,0,0,0,0,0,,0.00000000,,,0,0,0,0,0,0,,0,0,0,0,0,0,0,0,MOCK_GROUP_35,产业集团35,1,0,12,0,0.00000000,0.71698113,0.00000000,,288,0,1,0,正常,0,20260917
MOCK_TAG_0562,MOCK_CUST_0562,MOCK_ECIF_0562,杭州澜衡信息科技正有限公司,9133010870000562XE,20060225,存续,软件开发、信息系统集成及技术咨询,29200000.00000000,CNY,21608000.00000000,CNY,私人控股,私营有限责任公司,中型,330000,330100,330108,杭州市滨江区江陵路642号3幢103室,222,I,65,651,6513,1,1,0,1,0,0,0,0,0,0,0,0,0,钱博颖,MOCK_PERSON_0562,钱博颖,MOCK_PERSON_0562,MOCK_ORG_ZJ_HZ_03,MOCK_ORG_ZJ_HZ,MOCK_ORG_ZJ_HZ_03,MOCK_ORG_ZJ_HZ,1,1,0,1,1,0,20250927,20230808,20230805,20230807,,2076,28307131.46000000,173,1,1,1,0,0,0,0,0,20230730,1,1,2338656.00000000,4,0,1,0,0,1,0,10818600.35000000,5912887.88000000,5807920.19000000,5548000.18000000,0,0,0,0,0,0,0,0,0.00000000,0.00000000,0.00000000,0.00000000,0.00000000,0.00000000,0.00000000,0.00000000,0.00000000,20260917,17228000.00000000,5857520.00000000,0.00000000,0.00000000,0,0,0,0,0,0,0,0,1,0,0,1,0,0,0,,0.00000000,,,0,0,0,0,0,0,0–19,0,0,0,0,0,0,0,0,,,1,0,12,12,2119250.92000000,0.00000000,13635.41977842,20260905,222,0,1,1,正常,0,20260917
MOCK_TAG_0563,MOCK_CUST_0563,MOCK_ECIF_0563,宁波澜昕精密制造正有限公司,91330212700005638C,20191219,存续,工业零部件、自动化设备的研发与制造,1800000.00000000,CNY,702000.00000000,CNY,私人控股,私营有限责任公司,小型,330000,330200,330212,宁波市鄞州区首南东路643号4幢104室,51,C,34,348,3484,1,0,0,1,0,0,0,0,0,0,0,0,0,孙博颖,MOCK_PERSON_0563,林思颖,MOCK_PERSON_0367,MOCK_ORG_ZJ_NB_04,MOCK_ORG_ZJ_NB,MOCK_ORG_ZJ_NB_04,MOCK_ORG_ZJ_NB,0,1,0,0,1,0,,20240831,,20240830,,0,0.00000000,0,0,0,1,0,0,0,0,0,20240827,1,1,2114878.00000000,4,0,1,0,0,0,0,828000.57000000,1062974.54000000,886983.98000000,886983.98000000,1,0,0,0,1,0,0,0,1555200.00000000,547430.40000000,547430.40000000,1007769.60000000,547430.40000000,782404.37000000,547430.40000000,0.00000000,0.00000000,20260917,2995200.00000000,1339430.40000000,1555200.00000000,547430.40000000,0,0,0,0,0,0,0,0,0,0,0,0,0,0,0,,0.00000000,,,0,0,0,0,0,0,,0,0,0,0,0,0,0,0,MOCK_GROUP_59,产业集团59,1,0,12,0,0.00000000,0.51923077,0.00000000,,51,0,0,1,正常,0,20260917
MOCK_TAG_0564,MOCK_CUST_0564,MOCK_ECIF_0564,上海澜途医疗科技正有限公司,91310114700005646N,20130511,存续,医疗器械研发、技术咨询及销售,21100000.00000000,CNY,15825000.00000000,CNY,私人控股,私营有限责任公司,中型,310000,310100,310114,上海市嘉定区嘉罗公路644号5幢105室,486,C,35,358,3589,1,1,0,1,0,0,0,0,0,0,0,0,0,李博颖,MOCK_PERSON_0564,李博颖,MOCK_PERSON_0564,MOCK_ORG_SH_JD_05,MOCK_ORG_SH_JD,MOCK_ORG_SH_JD_05,MOCK_ORG_SH_JD,0,1,0,1,0,0,,20230212,20230209,,,0,0.00000000,0,0,1,0,0,0,0,0,0,20230202,1,1,1563110.00000000,3,0,1,0,0,1,0,7807000.90000000,6480312.31000000,4616112.88000000,4616112.88000000,1,0,0,0,0,0,0,0,18800100.00000000,9791092.08000000,9791092.08000000,9009007.92000000,9791092.08000000,6487943.43000000,9791092.08000000,0.00000000,0.00000000,20260917,28928100.00000000,14449972.08000000,18800100.00000000,9791092.08000000,0,0,0,0,0,0,0,0,1,0,0,1,0,0,0,,0.00000000,,,0,0,0,0,0,0,20–39,0,0,0,0,0,0,0,0,,,1,0,12,0,0.00000000,0.64989059,0.00000000,,486,0,1,0,正常,0,20260917
MOCK_TAG_0565,MOCK_CUST_0565,MOCK_ECIF_0565,杭州屿川食品正有限公司,913301087000056544,20170813,存续,食品加工、预包装食品销售,37000000.00000000,CNY,26270000.00000000,CNY,私人控股,私营有限责任公司,中型,330000,330100,330108,杭州市滨江区江陵路645号6幢106室,368,C,14,149,1499,1,0,0,1,0,0,0,0,0,0,0,0,0,周博颖,MOCK_PERSON_0565,周博颖,MOCK_PERSON_0565,MOCK_ORG_ZJ_HZ_06,MOCK_ORG_ZJ_HZ,MOCK_ORG_ZJ_HZ_06,MOCK_ORG_ZJ_HZ,1,0,0,1,1,0,20251116,,20240522,20240524,,3120,21121626.54000000,312,1,1,1,0,0,0,0,0,20240520,1,1,1774962.00000000,4,0,1,0,0,1,0,39393901.01000000,16261692.92000000,12731120.89000000,10283555.62000000,1,0,0,0,0,0,0,0,20979000.00000000,10441248.30000000,10441248.30000000,10537751.70000000,10441248.30000000,8836935.76000000,10441248.30000000,0.00000000,0.00000000,20260917,48359000.00000000,27416848.30000000,20979000.00000000,10441248.30000000,0,0,0,0,0,0,0,0,0,0,0,0,0,0,0,,0.00000000,,,0,0,0,0,0,0,,0,0,0,0,0,0,0,0,,,1,0,12,10,1865760.33000000,0.43381790,6769.75209615,20260905,368,0,1,1,正常,0,20260917
MOCK_TAG_0566,MOCK_CUST_0566,MOCK_ECIF_0566,上海屿原供应链正有限公司,91310115700005662T,20150107,存续,仓储服务、国内货物运输代理,1500000.00000000,CNY,1320000.00000000,CNY,私人控股,私营有限责任公司,小型,310000,310100,310115,上海市浦东新区金海路646号7幢107室,26,G,58,582,5821,1,0,0,1,0,0,0,0,0,0,0,0,0,吴博颖,MOCK_PERSON_0566,吴博颖,MOCK_PERSON_0566,MOCK_ORG_SH_PD_07,MOCK_ORG_SH_PD,MOCK_ORG_SH_PD_07,MOCK_ORG_SH_PD,0,0,0,0,1,0,,,,20250107,,0,0.00000000,0,0,0,1,0,0,0,0,0,20241227,1,1,1934318.00000000,3,0,1,0,0,0,0,2122801.53000000,1013651.12000000,972327.00000000,870000.63000000,0,0,0,0,0,0,0,0,0.00000000,0.00000000,0.00000000,0.00000000,0.00000000,0.00000000,0.00000000,0.00000000,0.00000000,20260917,600000.00000000,102000.00000000,0.00000000,0.00000000,0,0,0,0,0,0,0,0,0,0,0,0,0,0,0,A,720000.00000000,CNY,嘉禾产业投资03,0,0,0,0,0,0,,0,0,0,0,0,0,0,0,,,1,0,12,0,0.00000000,0.00000000,0.00000000,,26,0,0,1,正常,0,20260917
MOCK_TAG_0567,MOCK_CUST_0567,MOCK_ECIF_0567,杭州屿辰医疗科技正有限公司,91330108700005670R,20140510,存续,医疗器械研发、技术咨询及销售,2000000.00000000,CNY,780000.00000000,CNY,私人控股,私营有限责任公司,小型,330000,330100,330108,杭州市滨江区江陵路647号8幢108室,54,C,35,358,3589,1,1,0,1,0,0,0,0,0,0,0,0,0,郑博颖,MOCK_PERSON_0567,郑博颖,MOCK_PERSON_0567,MOCK_ORG_ZJ_HZ_08,MOCK_ORG_ZJ_HZ,MOCK_ORG_ZJ_HZ_08,MOCK_ORG_ZJ_HZ,0,0,0,1,1,0,,,20230208,20230210,,0,0.00000000,0,0,1,1,0,0,0,0,0,20230129,1,1,2073752.00000000,4,0,1,0,0,0,0,1387200.96000000,773579.00000000,746659.15000000,680000.47000000,0,0,0,0,0,0,0,0,0.00000000,0.00000000,0.00000000,0.00000000,0.00000000,0.00000000,0.00000000,0.00000000,0.00000000,20260917,960000.00000000,124800.00000000,0.00000000,0.00000000,0,0,0,0,0,0,0,0,1,0,0,1,0,0,0,,0.00000000,,,0,0,0,0,0,0,60–79,0,0,0,0,0,0,0,0,,,1,0,12,0,0.00000000,0.00000000,0.00000000,,54,0,1,1,正常,0,20260917
MOCK_TAG_0568,MOCK_CUST_0568,MOCK_ECIF_0568,上海屿宁供应链正有限公司,913101127000056897,20060713,存续,仓储服务、国内货物运输代理,199300000.00000000,CNY,175384000.00000000,CNY,私人控股,私营有限责任公司,大型,310000,310100,310112,上海市闵行区联航路648号1幢109室,1668,G,58,582,5821,1,0,0,1,0,0,0,0,0,0,0,0,0,王博颖,MOCK_PERSON_0568,王博颖,MOCK_PERSON_0568,MOCK_ORG_SH_MH_01,MOCK_ORG_SH_MH,MOCK_ORG_SH_MH_01,MOCK_ORG_SH_MH,0,1,0,1,0,0,,20230128,20230125,,,0,0.00000000,0,0,1,0,0,0,0,0,0,20230120,1,1,2456422.00000000,4,0,1,0,0,0,0,46875360.22000000,106610893.47000000,75942006.31000000,73307314.90000000,1,0,0,0,0,0,0,0,235971200.00000000,86105890.88000000,86105890.88000000,149865309.12000000,86105890.88000000,103151383.96000000,86105890.88000000,0.00000000,0.00000000,20260917,237964200.00000000,86982810.88000000,235971200.00000000,86105890.88000000,0,0,0,0,0,0,0,0,0,0,0,0,0,0,0,,0.00000000,,,0,0,0,0,0,0,,0,0,0,0,0,0,0,0,,,1,0,12,0,0.00000000,0.99162479,0.00000000,,1668,0,1,0,正常,0,20260917
MOCK_TAG_0569,MOCK_CUST_0569,MOCK_ECIF_0569,杭州屿知信息科技正有限公司,91330108700005697H,20141222,存续,软件开发、信息系统集成及技术咨询,30900000.00000000,CNY,23175000.00000000,CNY,私人控股,私营有限责任公司,中型,330000,330100,330108,杭州市滨江区江陵路649号2幢110室,400,I,65,651,6513,1,1,0,1,0,0,0,0,0,0,0,0,0,陈博颖,MOCK_PERSON_0569,陈博颖,MOCK_PERSON_0569,MOCK_ORG_ZJ_HZ_02,MOCK_ORG_ZJ_HZ,MOCK_ORG_ZJ_HZ_02,MOCK_ORG_ZJ_HZ,1,1,0,1,1,0,20260407,20241116,20241113,20241115,,1944,25150504.01000000,324,1,1,1,0,0,0,0,0,20241112,1,1,2205572.00000000,4,0,1,0,0,1,0,53586782.13000000,24440783.82000000,22565517.44000000,17922000.71000000,0,0,0,0,0,0,0,0,0.00000000,0.00000000,0.00000000,0.00000000,0.00000000,0.00000000,0.00000000,0.00000000,0.00000000,20260917,12669000.00000000,5067600.00000000,0.00000000,0.00000000,0,0,0,0,0,0,0,0,1,0,0,1,0,0,0,,0.00000000,,,0,0,0,0,0,0,0–19,0,0,0,0,0,0,0,0,,,1,0,12,6,3726000.29000000,0.00000000,12937.50206276,20260915,400,0,1,1,正常,0,20260917
MOCK_TAG_0570,MOCK_CUST_0570,MOCK_ECIF_0570,杭州屿禾医疗科技正有限公司,9133010870000570X2,20170509,存续,医疗器械研发、技术咨询及销售,7800000.00000000,CNY,5772000.00000000,CNY,私人控股,私营有限责任公司,中型,330000,330100,330108,杭州市滨江区江陵路650号3幢111室,432,C,35,358,3589,1,1,0,1,0,0,0,0,0,0,0,0,0,杨博颖,MOCK_PERSON_0570,杨博颖,MOCK_PERSON_0570,MOCK_ORG_ZJ_HZ_03,MOCK_ORG_ZJ_HZ,MOCK_ORG_ZJ_HZ_03,MOCK_ORG_ZJ_HZ,0,1,0,1,0,0,,20241213,20241210,,,0,0.00000000,0,0,1,0,0,0,0,0,0,20241201,1,1,2526130.00000000,4,0,1,0,0,1,0,3510000.65000000,3510000.65000000,3510000.65000000,3510000.65000000,0,0,0,0,0,0,0,0,0.00000000,0.00000000,0.00000000,0.00000000,0.00000000,0.00000000,0.00000000,0.00000000,0.00000000,20260917,5226000.00000000,2926560.00000000,0.00000000,0.00000000,0,0,0,0,0,0,0,0,0,0,0,1,0,0,0,,0.00000000,,,0,0,0,0,0,0,0–19,0,0,0,0,0,0,0,0,,,1,0,12,0,0.00000000,0.00000000,0.00000000,,432,0,1,0,正常,0,20260917
MOCK_TAG_0571,MOCK_CUST_0571,MOCK_ECIF_0571,宁波屿润精密制造正有限公司,913302127000057180,20060222,存续,工业零部件、自动化设备的研发与制造,4900000.00000000,CNY,4704000.00000000,CNY,私人控股,私营有限责任公司,小型,330000,330200,330212,宁波市鄞州区首南东路651号4幢112室,13,C,34,348,3484,1,0,0,1,0,0,0,0,0,0,0,0,0,黄博颖,MOCK_PERSON_0571,黄博颖,MOCK_PERSON_0571,MOCK_ORG_ZJ_NB_04,MOCK_ORG_ZJ_NB,MOCK_ORG_ZJ_NB_04,MOCK_ORG_ZJ_NB,0,1,0,1,1,0,,20220707,20220704,20220706,,0,0.00000000,0,0,1,1,0,1,0,0,0,20220626,1,1,2520528.00000000,4,0,1,0,0,0,0,984900.73000000,599289.29000000,567850.01000000,490000.36000000,0,0,0,0,0,0,0,0,0.00000000,0.00000000,0.00000000,0.00000000,0.00000000,0.00000000,0.00000000,0.00000000,0.00000000,20260917,2058000.00000000,1337700.00000000,0.00000000,0.00000000,0,0,0,0,0,0,0,0,0,0,0,0,0,0,0,,0.00000000,,,0,0,0,0,0,0,,0,0,0,0,0,0,0,0,,,1,0,12,0,0.00000000,0.00000000,0.00000000,,13,0,1,1,正常,0,20260917
MOCK_TAG_0572,MOCK_CUST_0572,MOCK_ECIF_0572,上海屿森供应链正有限公司,91310115700005726Q,20150930,存续,仓储服务、国内货物运输代理,2700000.00000000,CNY,2052000.00000000,CNY,私人控股,私营有限责任公司,小型,310000,310100,310115,上海市浦东新区金海路652号5幢113室,25,G,58,582,5821,1,0,0,1,0,0,0,0,0,0,0,0,0,徐博颖,MOCK_PERSON_0572,徐博颖,MOCK_PERSON_0572,MOCK_ORG_SH_PD_05,MOCK_ORG_SH_PD,MOCK_ORG_SH_PD_05,MOCK_ORG_SH_PD,1,1,0,1,1,0,20260618,20250710,20250707,20250709,,72,591360.38000000,24,1,1,1,0,0,0,0,0,20250630,1,1,2677950.00000000,5,0,1,0,0,0,0,3030480.86000000,1501578.42000000,1426905.28000000,1242000.35000000,0,0,0,0,0,0,0,0,0.00000000,0.00000000,0.00000000,0.00000000,0.00000000,0.00000000,0.00000000,0.00000000,0.00000000,20260917,189000.00000000,86940.00000000,0.00000000,0.00000000,0,0,0,0,0,0,0,0,0,0,0,0,0,0,0,,0.00000000,,,0,0,0,0,0,0,,0,0,0,0,0,0,0,0,,,1,0,12,3,0.00000000,0.00000000,8213.33861111,20260825,25,0,1,1,正常,0,20260917
MOCK_TAG_0573,MOCK_CUST_0573,MOCK_ECIF_0573,上海屿远精密制造正有限公司,91310115700005734K,20190924,存续,工业零部件、自动化设备的研发与制造,700000.00000000,CNY,546000.00000000,CNY,私人控股,私营有限责任公司,小型,310000,310100,310115,上海市浦东新区金海路653号6幢114室,66,C,34,348,3484,1,0,0,1,0,0,0,0,0,0,0,0,0,朱博颖,MOCK_PERSON_0573,孙清博,MOCK_PERSON_0275,MOCK_ORG_SH_PD_06,MOCK_ORG_SH_PD,MOCK_ORG_SH_PD_06,MOCK_ORG_SH_PD,1,1,0,1,0,1,20251210,20220723,20220720,,20220724,594,5276208.94000000,66,1,1,0,0,0,0,0,0,20220714,1,1,2600428.00000000,4,0,1,0,0,0,0,126000.03000000,126000.03000000,126000.03000000,126000.03000000,0,0,0,0,0,0,0,0,0.00000000,0.00000000,0.00000000,0.00000000,0.00000000,0.00000000,0.00000000,0.00000000,0.00000000,20260917,21000.00000000,4410.00000000,0.00000000,0.00000000,0,0,0,0,0,0,0,0,0,0,0,0,0,0,0,C,238000.00000000,CNY,嘉禾产业投资10,0,0,0,0,0,0,,0,0,0,0,0,0,0,0,MOCK_GROUP_32,产业集团32,1,0,12,9,0.00000000,0.00000000,8882.50663300,20260825,66,0,1,0,正常,0,20260917
MOCK_TAG_0574,MOCK_CUST_0574,MOCK_ECIF_0574,宁波屿衡精密制造正有限公司,91330212700005742G,20150601,存续,工业零部件、自动化设备的研发与制造,3100000.00000000,CNY,1364000.00000000,CNY,私人控股,私营有限责任公司,小型,330000,330200,330212,宁波市鄞州区首南东路654号7幢115室,51,C,34,348,3484,1,0,0,1,0,0,0,0,0,0,0,0,0,陈涵博,MOCK_PERSON_0153,王安博,MOCK_PERSON_0120,MOCK_ORG_ZJ_NB_07,MOCK_ORG_ZJ_NB,MOCK_ORG_ZJ_NB_07,MOCK_ORG_ZJ_NB,0,0,0,1,0,1,,,20230507,,20230511,0,0.00000000,0,0,1,0,0,0,0,0,0,20230427,1,1,2088046.00000000,4,0,1,0,0,0,0,2039490.17000000,1259842.45000000,1075355.15000000,965720.46000000,1,0,0,0,1,0,0,0,2207200.00000000,714470.64000000,714470.64000000,1492729.36000000,714470.64000000,487402.74000000,714470.64000000,0.00000000,0.00000000,20260917,4656200.00000000,1669580.64000000,2207200.00000000,714470.64000000,0,1,0,0,0,0,1,0,0,0,0,0,0,0,0,,0.00000000,,,0,0,0,0,0,0,,0,0,0,0,0,0,0,0,MOCK_GROUP_21,产业集团21,1,0,12,0,0.00000000,0.47403462,0.00000000,,51,0,1,0,正常,0,20260917
MOCK_TAG_0575,MOCK_CUST_0575,MOCK_ECIF_0575,杭州屿昕食品正有限公司,91330108700005750D,20120204,存续,食品加工、预包装食品销售,700000.00000000,CNY,273000.00000000,CNY,私人控股,私营有限责任公司,小型,330000,330100,330108,杭州市滨江区江陵路655号8幢116室,16,C,14,149,1499,1,0,0,1,0,0,0,0,0,0,0,0,0,林博颖,MOCK_PERSON_0575,林博颖,MOCK_PERSON_0575,MOCK_ORG_ZJ_HZ_08,MOCK_ORG_ZJ_HZ,MOCK_ORG_ZJ_HZ_08,MOCK_ORG_ZJ_HZ,1,1,0,1,0,0,20250922,20240130,20240127,,,120,833955.43000000,10,1,1,0,0,0,0,0,0,20240125,1,1,1934132.00000000,4,0,1,0,0,0,0,392000.70000000,362756.52000000,295744.94000000,295744.94000000,1,0,0,0,0,0,0,0,823200.00000000,262189.20000000,262189.20000000,561010.80000000,262189.20000000,232945.02000000,262189.20000000,0.00000000,0.00000000,20260917,977200.00000000,342269.20000000,823200.00000000,262189.20000000,0,0,0,0,0,0,0,0,0,0,0,0,0,0,0,,0.00000000,,,0,0,0,0,0,0,,0,0,0,0,0,0,0,0,,,1,0,12,12,67600.62000000,0.84240688,6949.62858333,20260905,16,0,1,0,正常,0,20260917
MOCK_TAG_0576,MOCK_CUST_0576,MOCK_ECIF_0576,苏州屿途精密制造和有限公司,913205717000057692,20120529,存续,工业零部件、自动化设备的研发与制造,4100000.00000000,CNY,2665000.00000000,CNY,私人控股,私营有限责任公司,小型,320000,320500,320571,苏州市工业园区星湖街656号1幢117室,8,C,34,348,3484,1,0,0,1,0,0,0,0,0,0,0,0,0,何博颖,MOCK_PERSON_0576,朱宇博,MOCK_PERSON_0173,MOCK_ORG_JS_SZ_01,MOCK_ORG_JS_SZ,MOCK_ORG_JS_SZ_01,MOCK_ORG_JS_SZ,0,1,0,1,0,1,,20241202,20241129,,20241203,0,0.00000000,0,0,1,0,0,0,0,0,0,20241127,1,1,2261156.00000000,4,0,1,0,0,0,0,1272641.65000000,691248.28000000,681108.61000000,656000.85000000,0,0,0,0,0,0,0,0,0.00000000,0.00000000,0.00000000,0.00000000,0.00000000,0.00000000,0.00000000,0.00000000,0.00000000,20260917,615000.00000000,209100.00000000,0.00000000,0.00000000,0,0,0,0,0,0,0,0,0,0,0,0,0,0,0,,0.00000000,,,0,0,0,0,0,0,,0,0,0,0,0,0,0,0,MOCK_GROUP_42,产业集团42,1,0,12,0,0.00000000,0.00000000,0.00000000,,8,0,1,0,正常,0,20260917
MOCK_TAG_0577,MOCK_CUST_0577,MOCK_ECIF_0577,杭州澄川信息科技和有限公司,913301087000057775,20150818,存续,软件开发、信息系统集成及技术咨询,23600000.00000000,CNY,12980000.00000000,CNY,私人控股,私营有限责任公司,中型,330000,330100,330108,杭州市滨江区江陵路657号2幢118室,491,I,65,651,6513,1,1,0,1,0,0,0,0,0,0,0,0,0,赵舒颖,MOCK_PERSON_0577,赵舒颖,MOCK_PERSON_0577,MOCK_ORG_ZJ_HZ_02,MOCK_ORG_ZJ_HZ,MOCK_ORG_ZJ_HZ_02,MOCK_ORG_ZJ_HZ,1,1,0,1,0,0,20260223,20231203,20231130,,,2611,35621502.47000000,373,1,1,0,0,0,0,0,0,20231120,1,1,1795016.00000000,4,0,1,0,0,1,0,43018080.38000000,19300733.71000000,17957673.36000000,14632000.13000000,0,0,0,0,0,0,0,0,0.00000000,0.00000000,0.00000000,0.00000000,0.00000000,0.00000000,0.00000000,0.00000000,0.00000000,20260917,5664000.00000000,1132800.00000000,0.00000000,0.00000000,0,0,0,0,0,0,0,0,1,0,0,1,0,0,0,,0.00000000,,,0,0,0,0,0,0,40–59,0,0,0,0,0,0,0,0,,,1,0,12,7,5035500.55000000,0.00000000,13642.85808885,20260905,491,0,1,0,正常,0,20260917
MOCK_TAG_0578,MOCK_CUST_0578,MOCK_ECIF_0578,宁波澄原商贸和有限公司,91330212700005785X,20190408,存续,日用百货、五金及电子产品批发,1400000.00000000,CNY,714000.00000000,CNY,私人控股,私营有限责任公司,小型,330000,330200,330212,宁波市鄞州区首南东路658号3幢119室,55,F,51,513,5135,1,0,0,1,0,0,0,0,0,0,0,0,0,钱舒颖,MOCK_PERSON_0578,钱舒颖,MOCK_PERSON_0578,MOCK_ORG_ZJ_NB_03,MOCK_ORG_ZJ_NB,MOCK_ORG_ZJ_NB_03,MOCK_ORG_ZJ_NB,0,1,0,0,0,0,,20240206,,,,0,0.00000000,0,0,0,0,0,0,0,0,0,20240130,1,1,1677018.00000000,4,0,1,0,0,0,0,1995840.63000000,833461.18000000,787013.51000000,672000.21000000,0,0,0,0,0,0,0,0,0.00000000,0.00000000,0.00000000,0.00000000,0.00000000,0.00000000,0.00000000,0.00000000,0.00000000,20260917,840000.00000000,487200.00000000,0.00000000,0.00000000,0,0,0,0,0,0,0,0,0,0,0,0,0,0,0,,0.00000000,,,0,0,0,0,0,0,,0,0,0,0,0,0,0,0,,,1,0,12,0,0.00000000,0.00000000,0.00000000,,55,0,0,0,正常,0,20260917
MOCK_TAG_0579,MOCK_CUST_0579,MOCK_ECIF_0579,上海澄辰医疗科技和有限公司,91310115700005793N,20180901,存续,医疗器械研发、技术咨询及销售,1400000.00000000,CNY,602000.00000000,CNY,私人控股,私营有限责任公司,小型,310000,310100,310115,上海市浦东新区金海路659号4幢120室,87,C,35,358,3589,1,1,0,1,0,0,0,0,0,0,0,0,0,孙舒颖,MOCK_PERSON_0579,赵博颖,MOCK_PERSON_0561,MOCK_ORG_SH_PD_04,MOCK_ORG_SH_PD,MOCK_ORG_SH_PD_04,MOCK_ORG_SH_PD,1,0,0,1,1,0,20260508,,20240830,20240901,,268,3198581.88000000,67,1,1,1,0,0,0,0,0,20240825,1,1,1915966.00000000,3,0,1,0,0,0,0,907200.61000000,532030.51000000,523967.04000000,504000.34000000,0,0,0,0,0,0,0,0,0.00000000,0.00000000,0.00000000,0.00000000,0.00000000,0.00000000,0.00000000,0.00000000,0.00000000,20260917,42000.00000000,8820.00000000,0.00000000,0.00000000,0,0,0,0,0,0,0,0,0,0,0,1,0,0,0,,0.00000000,,,0,0,0,0,0,0,20–39,0,0,0,0,0,0,0,0,MOCK_GROUP_35,产业集团35,1,0,12,4,0.00000000,0.00000000,11935.00701493,20260820,87,0,1,1,正常,0,20260917
MOCK_TAG_0580,MOCK_CUST_0580,MOCK_ECIF_0580,上海澄宁信息科技和有限公司,913101127000058061,20090625,存续,软件开发、信息系统集成及技术咨询,600000.00000000,CNY,522000.00000000,CNY,私人控股,私营有限责任公司,小型,310000,310100,310112,上海市闵行区联航路660号5幢101室,19,I,65,651,6513,1,1,0,1,0,0,0,0,0,0,0,0,0,李舒颖,MOCK_PERSON_0580,李舒颖,MOCK_PERSON_0580,MOCK_ORG_SH_MH_05,MOCK_ORG_SH_MH,MOCK_ORG_SH_MH_05,MOCK_ORG_SH_MH,1,0,0,1,0,0,20260521,,20250522,,,52,672751.99000000,13,1,1,0,0,0,0,0,0,20250517,1,1,2139232.00000000,4,0,1,0,0,0,0,366000.26000000,406332.86000000,350201.41000000,350201.41000000,1,0,0,0,0,0,0,0,585000.00000000,154791.00000000,154791.00000000,430209.00000000,154791.00000000,195123.60000000,154791.00000000,0.00000000,0.00000000,20260917,897000.00000000,189111.00000000,585000.00000000,154791.00000000,0,0,0,0,0,0,0,0,1,0,0,1,0,0,0,,0.00000000,,,0,0,0,0,0,0,0–19,0,0,0,0,0,0,0,0,,,1,0,12,4,165750.40000000,0.65217391,12937.53826923,20260905,19,0,1,0,正常,0,20260917
MOCK_TAG_0581,MOCK_CUST_0581,MOCK_ECIF_0581,上海澄知精密制造和有限公司,91310112700005814U,20170222,存续,工业零部件、自动化设备的研发与制造,4400000.00000000,CNY,2904000.00000000,CNY,私人控股,私营有限责任公司,小型,310000,310100,310112,上海市闵行区联航路661号6幢102室,16,C,34,348,3484,1,0,0,1,0,0,0,0,0,0,0,0,0,周舒颖,MOCK_PERSON_0581,周舒颖,MOCK_PERSON_0581,MOCK_ORG_SH_MH_06,MOCK_ORG_SH_MH,MOCK_ORG_SH_MH_06,MOCK_ORG_SH_MH,0,0,0,0,1,1,,,,20260608,20260610,0,0.00000000,0,0,0,1,0,1,0,0,0,20260531,1,1,542044.00000000,1,0,1,0,0,0,0,220000.69000000,93077.22000000,66301.58000000,66301.58000000,0,0,0,0,0,0,0,0,0.00000000,0.00000000,0.00000000,0.00000000,0.00000000,0.00000000,0.00000000,0.00000000,0.00000000,20260917,1848000.00000000,1293600.00000000,0.00000000,0.00000000,0,0,0,0,0,0,0,0,0,0,0,0,0,0,0,,0.00000000,,,0,0,0,0,0,0,,0,0,0,0,0,0,0,0,,,0,0,4,0,0.00000000,0.00000000,0.00000000,,16,0,0,1,正常,0,20260917
MOCK_TAG_0582,MOCK_CUST_0582,MOCK_ECIF_0582,苏州澄禾医疗科技和有限公司,91320571700005822X,20130711,存续,医疗器械研发、技术咨询及销售,3000000.00000000,CNY,2790000.00000000,CNY,私人控股,私营有限责任公司,小型,320000,320500,320571,苏州市工业园区星湖街662号7幢103室,8,C,35,358,3589,1,1,0,1,0,0,0,0,0,0,0,0,0,吴舒颖,MOCK_PERSON_0582,吴舒颖,MOCK_PERSON_0582,MOCK_ORG_JS_SZ_07,MOCK_ORG_JS_SZ,MOCK_ORG_JS_SZ_07,MOCK_ORG_JS_SZ,0,1,0,1,1,0,,20240818,20240815,20240817,,0,0.00000000,0,0,1,1,0,0,0,0,0,20240806,1,1,2244108.00000000,5,0,1,0,0,0,0,804600.60000000,543053.48000000,542175.20000000,540000.40000000,0,0,0,0,0,0,0,0,0.00000000,0.00000000,0.00000000,0.00000000,0.00000000,0.00000000,0.00000000,0.00000000,0.00000000,20260917,990000.00000000,574200.00000000,0.00000000,0.00000000,0,0,0,0,0,0,0,0,1,0,0,1,0,0,0,,0.00000000,,,0,0,0,0,0,0,40–59,0,0,0,0,0,0,0,0,,,1,0,12,0,0.00000000,0.00000000,0.00000000,,8,0,1,1,正常,0,20260917
MOCK_TAG_0583,MOCK_CUST_0583,MOCK_ECIF_0583,上海澄润信息科技和有限公司,91310115700005830W,20110728,存续,软件开发、信息系统集成及技术咨询,4100000.00000000,CNY,3772000.00000000,CNY,私人控股,私营有限责任公司,小型,310000,310100,310115,上海市浦东新区金海路663号8幢104室,14,I,65,651,6513,1,1,0,1,0,0,0,0,0,0,0,0,0,李瑞博,MOCK_PERSON_0100,吴远博,MOCK_PERSON_0022,MOCK_ORG_SH_PD_08,MOCK_ORG_SH_PD,MOCK_ORG_SH_PD_08,MOCK_ORG_SH_PD,1,1,0,1,0,0,20251023,20230627,20230624,,,143,1842755.63000000,13,1,1,0,0,0,0,0,0,20230615,1,1,2244214.00000000,4,0,1,0,0,0,0,239850.35000000,134434.47000000,131145.15000000,123000.18000000,0,0,0,0,0,0,0,0,0.00000000,0.00000000,0.00000000,0.00000000,0.00000000,0.00000000,0.00000000,0.00000000,0.00000000,20260917,410000.00000000,106600.00000000,0.00000000,0.00000000,0,0,0,0,0,0,0,0,1,0,0,1,0,0,0,B,2132000.00000000,CNY,嘉禾产业投资08,0,0,0,0,0,0,0–19,0,0,0,0,0,0,0,0,MOCK_GROUP_19,产业集团19,1,0,12,11,144625.12000000,0.00000000,12886.40300699,20260905,14,0,1,0,正常,0,20260917
MOCK_TAG_0584,MOCK_CUST_0584,MOCK_ECIF_0584,上海澄森供应链和有限公司,91310115700005849R,20210422,存续,仓储服务、国内货物运输代理,600000.00000000,CNY,246000.00000000,CNY,私人控股,私营有限责任公司,小型,310000,310100,310115,上海市浦东新区金海路664号1幢105室,90,G,58,582,5821,1,0,0,1,0,0,0,0,0,0,0,0,0,王舒颖,MOCK_PERSON_0584,王舒颖,MOCK_PERSON_0584,MOCK_ORG_SH_PD_01,MOCK_ORG_SH_PD,MOCK_ORG_SH_PD_01,MOCK_ORG_SH_PD,0,1,0,1,1,0,,20230116,20230113,20230115,,0,0.00000000,0,0,1,1,0,0,0,0,0,20230107,1,1,1880648.00000000,4,0,1,0,0,0,0,294000.95000000,357542.96000000,315563.15000000,315563.15000000,1,0,0,0,0,0,0,0,657000.00000000,82387.80000000,82387.80000000,574612.20000000,82387.80000000,145929.81000000,82387.80000000,0.00000000,0.00000000,20260917,831000.00000000,148507.80000000,657000.00000000,82387.80000000,0,0,0,0,0,0,0,0,0,0,0,0,0,0,0,,0.00000000,,,0,0,0,0,0,0,,0,0,0,0,0,0,0,0,,,1,0,12,0,0.00000000,0.79061372,0.00000000,,90,0,1,1,正常,0,20260917
MOCK_TAG_0585,MOCK_CUST_0585,MOCK_ECIF_0585,上海澄远商贸和有限公司,91310115700005857L,20071115,存续,日用百货、五金及电子产品批发,500000.00000000,CNY,355000.00000000,CNY,私人控股,私营有限责任公司,小型,310000,310100,310115,上海市浦东新区金海路665号2幢106室,57,F,51,513,5135,1,0,0,1,0,0,0,0,0,0,0,0,0,林景博,MOCK_PERSON_0207,朱宇博,MOCK_PERSON_0173,MOCK_ORG_SH_PD_02,MOCK_ORG_SH_PD,MOCK_ORG_SH_PD_02,MOCK_ORG_SH_PD,0,1,0,1,1,0,,20231102,20231030,20231101,,0,0.00000000,0,0,1,1,0,0,0,0,0,20231029,1,1,2258606.00000000,4,0,1,0,0,0,0,250000.93000000,317476.17000000,226147.41000000,226147.41000000,1,0,0,0,0,0,0,0,799000.00000000,333662.40000000,333662.40000000,465337.60000000,333662.40000000,317797.95000000,333662.40000000,0.00000000,0.00000000,20260917,1109000.00000000,377062.40000000,799000.00000000,333662.40000000,0,0,0,0,0,0,0,0,0,0,0,0,0,0,0,,0.00000000,,,0,0,0,0,0,0,,0,0,0,0,0,0,0,0,MOCK_GROUP_42,产业集团42,1,0,12,0,0.00000000,0.72046889,0.00000000,,57,0,1,1,正常,0,20260917
MOCK_TAG_0586,MOCK_CUST_0586,MOCK_ECIF_0586,宁波澄衡食品和有限公司,91330212700005865H,20140802,存续,食品加工、预包装食品销售,2500000.00000000,CNY,2075000.00000000,CNY,私人控股,私营有限责任公司,小型,330000,330200,330212,宁波市鄞州区首南东路666号3幢107室,38,C,14,149,1499,1,0,0,1,0,0,0,0,0,0,0,0,0,徐文颖,MOCK_PERSON_0396,李明博,MOCK_PERSON_0004,MOCK_ORG_ZJ_NB_03,MOCK_ORG_ZJ_NB,MOCK_ORG_ZJ_NB_03,MOCK_ORG_ZJ_NB,0,1,0,1,0,0,,20240801,20240729,,,0,0.00000000,0,0,1,0,0,0,0,0,0,20240724,1,1,1720422.00000000,4,0,1,0,0,0,0,275000.22000000,899955.99000000,641064.54000000,641064.54000000,1,0,0,0,0,0,0,0,1732500.00000000,719680.50000000,719680.50000000,1012819.50000000,719680.50000000,901666.30000000,719680.50000000,0.00000000,0.00000000,20260917,2957500.00000000,1479180.50000000,1732500.00000000,719680.50000000,0,0,0,0,0,0,0,0,0,0,0,0,0,0,0,B,950000.00000000,CNY,嘉禾产业投资11,0,0,0,0,0,0,,0,0,0,0,0,0,0,0,MOCK_GROUP_31,产业集团31,1,0,12,0,0.00000000,0.58579882,0.00000000,,38,0,1,0,正常,0,20260917
MOCK_TAG_0587,MOCK_CUST_0587,MOCK_ECIF_0587,宁波澄昕医疗科技和有限公司,91330212700005873C,20090116,存续,医疗器械研发、技术咨询及销售,3800000.00000000,CNY,2850000.00000000,CNY,私人控股,私营有限责任公司,小型,330000,330200,330212,宁波市鄞州区首南东路667号4幢108室,47,C,35,358,3589,1,1,0,1,0,0,0,0,0,0,0,0,0,黄舒颖,MOCK_PERSON_0587,黄舒颖,MOCK_PERSON_0587,MOCK_ORG_ZJ_NB_04,MOCK_ORG_ZJ_NB,MOCK_ORG_ZJ_NB_04,MOCK_ORG_ZJ_NB,1,1,0,1,1,0,20260622,20241128,20241125,20241127,,96,1094721.85000000,32,1,1,1,0,0,0,0,0,20241122,1,1,2646958.00000000,4,0,1,0,0,0,0,1162800.41000000,769972.66000000,683206.75000000,641207.89000000,1,0,0,0,0,0,0,0,988000.00000000,177642.40000000,177642.40000000,810357.60000000,177642.40000000,242654.89000000,177642.40000000,0.00000000,0.00000000,20260917,2660000.00000000,712682.40000000,988000.00000000,177642.40000000,0,0,0,0,0,0,0,0,0,0,0,1,0,0,0,,0.00000000,,,0,0,0,0,0,0,0–19,0,0,0,0,0,0,0,0,,,1,0,12,3,330880.85000000,0.37142857,11403.35260417,20260905,47,0,1,1,正常,0,20260917
MOCK_TAG_0588,MOCK_CUST_0588,MOCK_ECIF_0588,苏州澄途信息科技和有限公司,913205717000058811,20181004,存续,软件开发、信息系统集成及技术咨询,270800000.00000000,CNY,224764000.00000000,CNY,私人控股,私营有限责任公司,大型,320000,320500,320571,苏州市工业园区星湖街668号5幢109室,2024,I,65,651,6513,1,1,0,1,0,0,0,0,0,0,0,0,0,徐舒颖,MOCK_PERSON_0588,徐舒颖,MOCK_PERSON_0588,MOCK_ORG_JS_SZ_05,MOCK_ORG_JS_SZ,MOCK_ORG_JS_SZ_05,MOCK_ORG_JS_SZ,0,0,0,1,0,0,,,20241108,,,0,0.00000000,0,0,1,0,0,0,0,0,0,20241105,1,1,2264966.00000000,4,0,1,0,0,0,0,170604000.54000000,195335456.29000000,188220927.93000000,188220927.93000000,1,0,0,0,0,0,0,0,240470400.00000000,0.00000000,0.00000000,240470400.00000000,0.00000000,24731455.75000000,0.00000000,0.00000000,0.00000000,20260917,416490400.00000000,33443800.00000000,240470400.00000000,0.00000000,0,0,0,0,0,0,0,0,0,0,0,0,0,0,0,,0.00000000,,,0,0,0,0,0,0,20–39,0,0,0,0,0,0,0,0,,,1,0,12,0,0.00000000,0.57737321,0.00000000,,2024,0,1,0,正常,0,20260917
MOCK_TAG_0589,MOCK_CUST_0589,MOCK_ECIF_0589,苏州禾川信息科技和有限公司,9132057170000589XQ,20121102,存续,软件开发、信息系统集成及技术咨询,4000000.00000000,CNY,1800000.00000000,CNY,私人控股,私营有限责任公司,小型,320000,320500,320571,苏州市工业园区星湖街669号6幢110室,66,I,65,651,6513,1,1,0,1,0,0,0,0,0,0,0,0,0,朱舒颖,MOCK_PERSON_0589,朱舒颖,MOCK_PERSON_0589,MOCK_ORG_JS_SZ_06,MOCK_ORG_JS_SZ,MOCK_ORG_JS_SZ_06,MOCK_ORG_JS_SZ,0,1,0,1,1,0,,20250721,20250718,20250720,,0,0.00000000,0,0,1,1,0,0,0,0,0,20250708,1,1,1930126.00000000,4,0,1,0,0,0,0,840000.67000000,840000.67000000,840000.67000000,840000.67000000,0,0,0,0,0,0,0,0,0.00000000,0.00000000,0.00000000,0.00000000,0.00000000,0.00000000,0.00000000,0.00000000,0.00000000,20260917,3040000.00000000,972800.00000000,0.00000000,0.00000000,0,0,0,0,0,0,0,0,1,0,0,1,0,0,0,B,2000000.00000000,CNY,嘉禾产业投资02,0,0,0,0,0,0,40–59,0,0,0,0,0,0,0,0,,,1,0,12,0,0.00000000,0.00000000,0.00000000,,66,0,1,1,正常,0,20260917
MOCK_TAG_0590,MOCK_CUST_0590,MOCK_ECIF_0590,上海禾原信息科技和有限公司,913101147000059027,20150113,存续,软件开发、信息系统集成及技术咨询,2000000.00000000,CNY,1840000.00000000,CNY,私人控股,私营有限责任公司,小型,310000,310100,310114,上海市嘉定区嘉罗公路670号7幢111室,67,I,65,651,6513,1,1,0,1,0,0,0,0,0,0,0,0,0,胡舒颖,MOCK_PERSON_0590,孙安颖,MOCK_PERSON_0435,MOCK_ORG_SH_JD_07,MOCK_ORG_SH_JD,MOCK_ORG_SH_JD_07,MOCK_ORG_SH_JD,0,0,0,1,0,0,,,20230721,,,0,0.00000000,0,0,1,0,0,0,0,0,0,20230719,1,1,2880182.00000000,5,0,1,0,0,0,0,940000.87000000,940000.87000000,940000.87000000,940000.87000000,0,0,0,0,0,0,0,0,0.00000000,0.00000000,0.00000000,0.00000000,0.00000000,0.00000000,0.00000000,0.00000000,0.00000000,20260917,1440000.00000000,158400.00000000,0.00000000,0.00000000,0,0,0,0,0,0,0,0,0,0,0,1,0,0,0,,0.00000000,,,0,0,0,0,0,0,0–19,0,0,0,0,0,0,0,0,MOCK_GROUP_15,产业集团15,1,0,12,0,0.00000000,0.00000000,0.00000000,,67,0,1,0,正常,0,20260917
MOCK_TAG_0591,MOCK_CUST_0591,MOCK_ECIF_0591,杭州禾辰食品和有限公司,91330108700005910L,20070102,存续,食品加工、预包装食品销售,3500000.00000000,CNY,1505000.00000000,CNY,私人控股,私营有限责任公司,小型,330000,330100,330108,杭州市滨江区江陵路671号8幢112室,53,C,14,149,1499,1,0,0,1,0,0,0,0,0,0,0,0,0,林舒颖,MOCK_PERSON_0591,林舒颖,MOCK_PERSON_0591,MOCK_ORG_ZJ_HZ_08,MOCK_ORG_ZJ_HZ,MOCK_ORG_ZJ_HZ_08,MOCK_ORG_ZJ_HZ,1,1,0,1,0,0,20251223,20230116,20230113,,,423,2766305.98000000,47,1,1,0,0,1,0,0,0,20230107,1,1,2676230.00000000,5,0,1,0,0,0,0,5056802.04000000,2569259.50000000,2393993.29000000,1960000.79000000,0,0,0,0,0,0,0,0,0.00000000,0.00000000,0.00000000,0.00000000,0.00000000,0.00000000,0.00000000,0.00000000,0.00000000,20260917,1190000.00000000,880600.00000000,0.00000000,0.00000000,0,0,0,0,0,0,0,0,0,0,0,0,0,0,0,,0.00000000,,,0,0,0,0,0,0,,0,0,0,0,0,0,0,0,,,1,0,12,9,323830.12000000,0.00000000,6539.73044917,20260910,53,0,1,0,正常,0,20260917
MOCK_TAG_0592,MOCK_CUST_0592,MOCK_ECIF_0592,宁波禾宁医疗科技和有限公司,91330212700005929F,20090317,存续,医疗器械研发、技术咨询及销售,1600000.00000000,CNY,1232000.00000000,CNY,私人控股,私营有限责任公司,小型,330000,330200,330212,宁波市鄞州区首南东路672号1幢113室,80,C,35,358,3589,1,1,0,1,0,0,0,0,0,0,0,0,0,何舒颖,MOCK_PERSON_0592,何舒颖,MOCK_PERSON_0592,MOCK_ORG_ZJ_NB_01,MOCK_ORG_ZJ_NB,MOCK_ORG_ZJ_NB_01,MOCK_ORG_ZJ_NB,1,0,0,1,1,0,20260518,,20230927,20230929,,272,3081761.98000000,68,1,1,1,0,0,0,0,0,20230926,1,1,1662206.00000000,4,0,1,0,0,0,0,624000.00000000,457967.26000000,326223.25000000,310267.09000000,1,0,0,0,0,0,0,0,1584000.00000000,604454.40000000,604454.40000000,979545.60000000,604454.40000000,436292.09000000,604454.40000000,0.00000000,0.00000000,20260917,2400000.00000000,792134.40000000,1584000.00000000,604454.40000000,0,0,0,0,0,0,0,0,1,0,0,1,0,0,0,,0.00000000,,,0,0,0,0,0,0,60–79,0,0,0,0,0,0,0,0,,,1,0,12,4,0.00000000,0.66000000,11330.00727941,20260825,80,0,1,1,正常,0,20260917
MOCK_TAG_0593,MOCK_CUST_0593,MOCK_ECIF_0593,上海禾知医疗科技和有限公司,913101157000059378,20160604,存续,医疗器械研发、技术咨询及销售,42300000.00000000,CNY,38493000.00000000,CNY,私人控股,私营有限责任公司,中型,310000,310100,310115,上海市浦东新区金海路673号2幢114室,196,C,35,358,3589,1,1,0,1,0,0,0,0,0,0,0,0,0,赵清颖,MOCK_PERSON_0593,郑文颖,MOCK_PERSON_0391,MOCK_ORG_SH_PD_02,MOCK_ORG_SH_PD,MOCK_ORG_SH_PD_02,MOCK_ORG_SH_PD,1,0,0,1,1,0,20260201,,20250317,20250319,,1472,16414642.81000000,184,1,1,1,0,0,0,0,0,20250315,1,1,1405764.00000000,3,0,1,0,0,1,0,9445592.63000000,3458904.50000000,3315671.93000000,2961000.82000000,0,0,0,0,0,0,0,0,0.00000000,0.00000000,0.00000000,0.00000000,0.00000000,0.00000000,0.00000000,0.00000000,0.00000000,20260917,2538000.00000000,862920.00000000,0.00000000,0.00000000,0,0,0,0,0,0,0,0,1,0,0,1,0,0,0,,0.00000000,,,0,0,0,0,0,0,60–79,0,0,0,0,0,0,0,0,MOCK_GROUP_58,产业集团58,1,0,12,8,2246640.74000000,0.00000000,11151.25190897,20260915,196,0,1,1,正常,0,20260917
MOCK_TAG_0594,MOCK_CUST_0594,MOCK_ECIF_0594,上海禾禾商贸和有限公司,913101157000059453,20080830,存续,日用百货、五金及电子产品批发,2600000.00000000,CNY,1794000.00000000,CNY,私人控股,私营有限责任公司,小型,310000,310100,310115,上海市浦东新区金海路674号3幢115室,20,F,51,513,5135,1,0,0,1,0,0,0,0,0,0,0,0,0,钱清颖,MOCK_PERSON_0594,陈文颖,MOCK_PERSON_0393,MOCK_ORG_SH_PD_03,MOCK_ORG_SH_PD,MOCK_ORG_SH_PD_03,MOCK_ORG_SH_PD,0,0,0,1,1,1,,,20231202,20231204,20231206,0,0.00000000,0,0,1,1,0,0,0,0,0,20231126,1,1,2102604.00000000,4,0,1,0,0,0,0,1378000.75000000,1244750.08000000,1055106.52000000,1055106.52000000,1,0,0,0,0,0,0,0,2769000.00000000,792487.80000000,792487.80000000,1976512.20000000,792487.80000000,659237.13000000,792487.80000000,0.00000000,0.00000000,20260917,3601000.00000000,992167.80000000,2769000.00000000,792487.80000000,0,0,0,0,0,0,0,0,0,0,0,0,0,0,0,C,754000.00000000,CNY,嘉禾产业投资07,0,0,0,0,0,0,,0,0,0,0,0,0,0,0,MOCK_GROUP_54,产业集团54,1,0,12,0,0.00000000,0.76895307,0.00000000,,20,0,1,1,正常,0,20260917
MOCK_TAG_0595,MOCK_CUST_0595,MOCK_ECIF_0595,上海禾润食品和有限公司,91310114700005953F,20231019,存续,食品加工、预包装食品销售,43200000.00000000,CNY,13824000.00000000,CNY,私人控股,私营有限责任公司,中型,310000,310100,310114,上海市嘉定区嘉罗公路675号4幢116室,323,C,14,149,1499,1,0,0,1,0,0,0,0,0,0,0,0,0,孙清颖,MOCK_PERSON_0595,孙清颖,MOCK_PERSON_0595,MOCK_ORG_SH_JD_04,MOCK_ORG_SH_JD,MOCK_ORG_SH_JD_04,MOCK_ORG_SH_JD,0,0,0,1,1,0,,,20250223,20250225,,0,0.00000000,0,0,1,1,0,0,0,0,0,20250218,1,1,2396166.00000000,4,0,1,0,0,1,0,18973440.58000000,9253440.28000000,8828423.29000000,7776000.24000000,0,0,0,0,0,0,0,0,0.00000000,0.00000000,0.00000000,0.00000000,0.00000000,0.00000000,0.00000000,0.00000000,0.00000000,20260917,19008000.00000000,8743680.00000000,0.00000000,0.00000000,0,0,0,0,0,0,0,0,0,0,0,0,0,0,0,C,11232000.00000000,CNY,嘉禾产业投资08,0,0,0,0,0,0,,0,0,0,0,0,0,0,0,,,1,0,12,0,0.00000000,0.00000000,0.00000000,,323,0,1,1,正常,0,20260917
MOCK_TAG_0596,MOCK_CUST_0596,MOCK_ECIF_0596,上海禾森商贸和有限公司,91310115700005961Q,20220213,存续,日用百货、五金及电子产品批发,15200000.00000000,CNY,7904000.00000000,CNY,私人控股,私营有限责任公司,中型,310000,310100,310115,上海市浦东新区金海路676号5幢117室,411,F,51,513,5135,1,0,0,1,0,0,0,0,0,0,0,0,0,李清颖,MOCK_PERSON_0596,李清颖,MOCK_PERSON_0596,MOCK_ORG_SH_PD_05,MOCK_ORG_SH_PD,MOCK_ORG_SH_PD_05,MOCK_ORG_SH_PD,0,1,0,1,1,1,,20241014,20241011,20241013,20241015,0,0.00000000,0,0,1,1,0,0,0,0,0,20241003,1,1,2563286.00000000,4,0,1,0,0,1,0,19813200.43000000,10327494.07000000,9761502.68000000,8360000.18000000,0,0,0,0,0,0,0,0,0.00000000,0.00000000,0.00000000,0.00000000,0.00000000,0.00000000,0.00000000,0.00000000,0.00000000,20260917,10336000.00000000,7028480.00000000,0.00000000,0.00000000,0,0,0,0,0,0,0,0,0,0,0,0,0,0,0,B,10944000.00000000,CNY,嘉禾产业投资09,0,0,0,0,0,0,,0,0,0,0,0,0,0,0,,,1,0,12,0,0.00000000,0.00000000,0.00000000,,411,0,1,1,正常,0,20260917
MOCK_TAG_0597,MOCK_CUST_0597,MOCK_ECIF_0597,苏州禾远精密制造和有限公司,9132057170000597XC,20150403,存续,工业零部件、自动化设备的研发与制造,4800000.00000000,CNY,1536000.00000000,CNY,私人控股,私营有限责任公司,小型,320000,320500,320571,苏州市工业园区星湖街677号6幢118室,86,C,34,348,3484,1,0,0,1,0,0,0,0,0,0,0,0,0,周清颖,MOCK_PERSON_0597,周清颖,MOCK_PERSON_0597,MOCK_ORG_JS_SZ_06,MOCK_ORG_JS_SZ,MOCK_ORG_JS_SZ_06,MOCK_ORG_JS_SZ,0,0,0,1,1,1,,,20260808,20260810,20260812,0,0.00000000,0,0,1,1,0,0,0,0,0,20260730,1,1,352746.00000000,1,0,1,0,0,0,0,2016000.60000000,387692.42000000,276164.47000000,276164.47000000,0,0,0,0,0,0,0,0,0.00000000,0.00000000,0.00000000,0.00000000,0.00000000,0.00000000,0.00000000,0.00000000,0.00000000,20260917,864000.00000000,561600.00000000,0.00000000,0.00000000,0,0,0,0,0,0,0,0,0,0,0,0,0,0,0,,0.00000000,,,0,0,0,0,0,0,,0,0,0,0,0,0,0,0,,,0,0,2,0,0.00000000,0.00000000,0.00000000,,86,0,1,1,正常,0,20260917
MOCK_TAG_0598,MOCK_CUST_0598,MOCK_ECIF_0598,上海禾衡信息科技和有限公司,913101127000059885,20180315,存续,软件开发、信息系统集成及技术咨询,4400000.00000000,CNY,1320000.00000000,CNY,私人控股,私营有限责任公司,小型,310000,310100,310112,上海市闵行区联航路678号7幢119室,45,I,65,651,6513,1,1,0,1,0,0,0,0,0,0,0,0,0,吴清颖,MOCK_PERSON_0598,吴清颖,MOCK_PERSON_0598,MOCK_ORG_SH_MH_07,MOCK_ORG_SH_MH,MOCK_ORG_SH_MH_07,MOCK_ORG_SH_MH,0,1,0,1,1,0,,20221204,20221201,20221203,,0,0.00000000,0,0,1,1,0,0,0,0,0,20221129,1,1,2947566.00000000,4,0,1,0,0,0,0,5583601.33000000,2393668.26000000,2274667.94000000,1980000.47000000,0,0,0,0,0,0,0,0,0.00000000,0.00000000,0.00000000,0.00000000,0.00000000,0.00000000,0.00000000,0.00000000,0.00000000,20260917,3520000.00000000,2112000.00000000,0.00000000,0.00000000,0,0,0,0,0,0,0,0,0,0,0,1,0,0,0,,0.00000000,,,0,0,0,0,0,0,40–59,0,0,0,0,0,0,0,0,,,1,0,12,0,0.00000000,0.00000000,0.00000000,,45,0,1,1,正常,0,20260917
MOCK_TAG_0599,MOCK_CUST_0599,MOCK_ECIF_0599,苏州禾昕供应链和有限公司,913205717000059967,20200402,存续,仓储服务、国内货物运输代理,47500000.00000000,CNY,26600000.00000000,CNY,私人控股,私营有限责任公司,中型,320000,320500,320571,苏州市工业园区星湖街679号8幢120室,148,G,58,582,5821,1,0,0,1,0,0,0,0,0,0,0,0,0,郑清颖,MOCK_PERSON_0599,李昕颖,MOCK_PERSON_0404,MOCK_ORG_JS_SZ_08,MOCK_ORG_JS_SZ,MOCK_ORG_JS_SZ_08,MOCK_ORG_JS_SZ,1,0,0,1,1,0,20260626,,20241009,20241011,,333,2504161.09000000,111,1,1,1,0,0,0,0,0,20241007,1,1,2024414.00000000,3,0,1,0,0,1,0,17575000.93000000,17575000.93000000,17575000.93000000,17575000.93000000,0,0,0,0,0,0,0,0,0.00000000,0.00000000,0.00000000,0.00000000,0.00000000,0.00000000,0.00000000,0.00000000,0.00000000,20260917,35625000.00000000,17456250.00000000,0.00000000,0.00000000,0,0,0,0,0,0,0,0,0,0,0,0,0,0,0,,0.00000000,,,0,0,0,0,0,0,,0,0,0,0,0,0,0,0,MOCK_GROUP_09,产业集团09,1,0,12,3,772560.18000000,0.00000000,7520.00327327,20260910,148,0,1,1,正常,0,20260917
MOCK_TAG_0600,MOCK_CUST_0600,MOCK_ECIF_0600,上海禾途商贸和有限公司,913101127000060081,20210815,存续,日用百货、五金及电子产品批发,4700000.00000000,CNY,3901000.00000000,CNY,私人控股,私营有限责任公司,小型,310000,310100,310112,上海市闵行区联航路680号1幢101室,67,F,51,513,5135,1,0,0,1,0,0,0,0,0,0,0,0,0,王清颖,MOCK_PERSON_0600,王清颖,MOCK_PERSON_0600,MOCK_ORG_SH_MH_01,MOCK_ORG_SH_MH,MOCK_ORG_SH_MH_01,MOCK_ORG_SH_MH,1,0,0,1,1,0,20260531,,20250802,20250804,,196,1613325.91000000,49,1,1,1,0,0,0,0,0,20250723,1,1,2293100.00000000,4,0,1,0,0,0,0,3223260.85000000,2577534.91000000,2566162.05000000,2538000.67000000,0,0,0,0,0,0,0,0,0.00000000,0.00000000,0.00000000,0.00000000,0.00000000,0.00000000,0.00000000,0.00000000,0.00000000,20260917,2632000.00000000,1237040.00000000,0.00000000,0.00000000,0,0,0,0,0,0,0,0,0,0,0,0,0,0,0,,0.00000000,,,0,0,0,0,0,0,,0,0,0,0,0,0,0,0,,,1,0,12,4,393225.09000000,0.00000000,8231.25464286,20260910,67,0,1,1,正常,0,20260917
MOCK_TAG_0601,MOCK_CUST_0601,MOCK_ECIF_0601,上海沐川供应链和有限公司,91310112700006016U,20151021,存续,仓储服务、国内货物运输代理,3800000.00000000,CNY,2812000.00000000,CNY,私人控股,私营有限责任公司,小型,310000,310100,310112,上海市闵行区联航路681号2幢102室,43,G,58,582,5821,1,0,0,1,0,0,0,0,0,0,0,0,0,陈清颖,MOCK_PERSON_0601,陈清颖,MOCK_PERSON_0601,MOCK_ORG_SH_MH_02,MOCK_ORG_SH_MH,MOCK_ORG_SH_MH_02,MOCK_ORG_SH_MH,1,1,0,1,0,0,20260104,20230704,20230701,,,252,2289283.97000000,28,1,1,0,0,1,0,0,0,20230629,1,1,2137122.00000000,4,0,1,0,0,0,0,3172620.53000000,1624316.12000000,1517786.88000000,1254000.21000000,0,0,0,0,0,0,0,0,0.00000000,0.00000000,0.00000000,0.00000000,0.00000000,0.00000000,0.00000000,0.00000000,0.00000000,20260917,1216000.00000000,510720.00000000,0.00000000,0.00000000,0,0,0,0,0,0,0,0,0,0,0,0,0,0,0,B,2090000.00000000,CNY,嘉禾产业投资02,0,0,0,0,0,0,,0,0,0,0,0,0,0,0,,,1,0,12,9,266560.47000000,0.00000000,9084.46019841,20260915,43,0,1,0,正常,0,20260917
MOCK_TAG_0602,MOCK_CUST_0602,MOCK_ECIF_0602,上海沐原供应链和有限公司,91310112700006024N,20170208,存续,仓储服务、国内货物运输代理,15100000.00000000,CNY,8607000.00000000,CNY,私人控股,私营有限责任公司,中型,310000,310100,310112,上海市闵行区联航路682号3幢103室,485,G,58,582,5821,1,0,0,1,0,0,0,0,0,0,0,0,0,杨清颖,MOCK_PERSON_0602,杨清颖,MOCK_PERSON_0602,MOCK_ORG_SH_MH_03,MOCK_ORG_SH_MH,MOCK_ORG_SH_MH_03,MOCK_ORG_SH_MH,1,0,0,1,0,0,20260327,,20240914,,,2820,22108802.35000000,470,1,1,0,0,0,0,0,0,20240905,1,1,2215856.00000000,4,0,1,0,0,1,0,9362000.73000000,9505095.32000000,8751097.27000000,8751097.27000000,1,0,0,0,0,0,0,0,12291400.00000000,2477946.24000000,2477946.24000000,9813453.76000000,2477946.24000000,2621040.83000000,2477946.24000000,0.00000000,0.00000000,20260917,14103400.00000000,3619506.24000000,12291400.00000000,2477946.24000000,0,1,0,0,0,0,1,0,0,0,0,0,0,0,0,,0.00000000,,,0,0,0,0,0,0,,0,0,0,0,0,0,0,0,,,1,0,12,6,3572000.09000000,0.87152034,7840.00083333,20260910,485,0,1,0,正常,0,20260917
MOCK_TAG_0603,MOCK_CUST_0603,MOCK_ECIF_0603,杭州沐辰供应链和有限公司,913301087000060321,20200627,存续,仓储服务、国内货物运输代理,5000000.00000000,CNY,2100000.00000000,CNY,私人控股,私营有限责任公司,小型,330000,330100,330108,杭州市滨江区江陵路683号4幢104室,57,G,58,582,5821,1,0,0,1,0,0,0,0,0,0,0,0,0,黄清颖,MOCK_PERSON_0603,黄清颖,MOCK_PERSON_0603,MOCK_ORG_ZJ_HZ_04,MOCK_ORG_ZJ_HZ,MOCK_ORG_ZJ_HZ_04,MOCK_ORG_ZJ_HZ,1,1,0,1,1,0,20250925,20230124,20230121,20230123,,636,5499287.44000000,53,1,1,1,0,0,0,0,0,20230117,1,1,1444272.00000000,4,0,1,0,0,0,0,1600000.85000000,1600000.85000000,1600000.85000000,1600000.85000000,0,0,0,0,0,0,0,0,0.00000000,0.00000000,0.00000000,0.00000000,0.00000000,0.00000000,0.00000000,0.00000000,0.00000000,20260917,1250000.00000000,450000.00000000,0.00000000,0.00000000,0,0,0,0,0,0,0,0,0,0,0,0,0,0,0,,0.00000000,,,0,0,0,0,0,0,,0,0,0,0,0,0,0,0,,,1,0,12,12,457920.50000000,0.00000000,8646.67836478,20260915,57,0,1,1,正常,0,20260917
MOCK_TAG_0604,MOCK_CUST_0604,MOCK_ECIF_0604,上海沐宁食品和有限公司,913101147000060409,20051122,存续,食品加工、预包装食品销售,1600000.00000000,CNY,608000.00000000,CNY,私人控股,私营有限责任公司,小型,310000,310100,310114,上海市嘉定区嘉罗公路684号5幢105室,85,C,14,149,1499,1,0,0,1,0,0,0,0,0,0,0,0,0,徐清颖,MOCK_PERSON_0604,徐清颖,MOCK_PERSON_0604,MOCK_ORG_SH_JD_05,MOCK_ORG_SH_JD,MOCK_ORG_SH_JD_05,MOCK_ORG_SH_JD,1,0,0,1,0,0,20260515,,20220609,,,300,1940253.00000000,75,1,1,0,0,0,0,0,0,20220607,1,1,2395378.00000000,5,0,1,0,0,0,0,416000.31000000,450320.90000000,395616.43000000,395616.43000000,1,0,0,0,0,0,0,0,307200.00000000,155842.56000000,155842.56000000,151357.44000000,155842.56000000,190163.15000000,155842.56000000,0.00000000,0.00000000,20260917,739200.00000000,307042.56000000,307200.00000000,155842.56000000,0,0,0,0,0,0,0,0,0,0,0,0,0,0,0,,0.00000000,,,0,0,0,0,0,0,,0,0,0,0,0,0,0,0,,,1,0,12,4,0.00000000,0.41558442,6467.51000000,20260825,85,0,1,0,正常,0,20260917
MOCK_TAG_0605,MOCK_CUST_0605,MOCK_ECIF_0605,苏州沐知信息科技和有限公司,91320571700006059G,20100220,存续,软件开发、信息系统集成及技术咨询,1800000.00000000,CNY,1692000.00000000,CNY,私人控股,私营有限责任公司,小型,320000,320500,320571,苏州市工业园区星湖街685号6幢106室,90,I,65,651,6513,1,1,0,1,0,0,0,0,0,0,0,0,0,徐和博,MOCK_PERSON_0316,朱清博,MOCK_PERSON_0285,MOCK_ORG_JS_SZ_06,MOCK_ORG_JS_SZ,MOCK_ORG_JS_SZ_06,MOCK_ORG_JS_SZ,0,1,0,1,0,0,,20250415,20250412,,,0,0.00000000,0,0,1,0,0,0,0,0,0,20250402,1,1,1784776.00000000,4,0,1,0,0,0,0,1751400.58000000,711415.62000000,687994.75000000,630000.21000000,0,0,0,0,0,0,0,0,0.00000000,0.00000000,0.00000000,0.00000000,0.00000000,0.00000000,0.00000000,0.00000000,0.00000000,20260917,1440000.00000000,820800.00000000,0.00000000,0.00000000,0,0,0,0,0,0,0,0,1,0,0,1,0,0,0,,0.00000000,,,0,0,0,0,0,0,20–39,0,0,0,0,0,0,0,0,MOCK_GROUP_05,产业集团05,1,0,12,0,0.00000000,0.00000000,0.00000000,,90,0,1,0,正常,0,20260917
MOCK_TAG_0606,MOCK_CUST_0606,MOCK_ECIF_0606,苏州沐禾食品和有限公司,91320571700006067B,20140131,存续,食品加工、预包装食品销售,1300000.00000000,CNY,585000.00000000,CNY,私人控股,私营有限责任公司,小型,320000,320500,320571,苏州市工业园区星湖街686号7幢107室,65,C,14,149,1499,1,0,0,1,0,0,0,0,0,0,0,0,0,胡清颖,MOCK_PERSON_0606,胡清颖,MOCK_PERSON_0606,MOCK_ORG_JS_SZ_07,MOCK_ORG_JS_SZ,MOCK_ORG_JS_SZ_07,MOCK_ORG_JS_SZ,0,0,0,1,1,0,,,20241125,20241127,,0,0.00000000,0,0,1,1,0,0,0,0,0,20241118,1,1,2211478.00000000,4,0,1,0,0,0,0,663000.50000000,654517.23000000,571085.13000000,571085.13000000,1,0,0,0,0,0,0,0,1393600.00000000,298509.12000000,298509.12000000,1095090.88000000,298509.12000000,290025.85000000,298509.12000000,0.00000000,0.00000000,20260917,1653600.00000000,373909.12000000,1393600.00000000,298509.12000000,0,0,0,0,0,0,0,0,0,0,0,0,0,0,0,C,533000.00000000,CNY,嘉禾产业投资07,0,0,0,0,0,0,,0,0,0,0,0,0,0,0,,,1,0,12,0,0.00000000,0.84276730,0.00000000,,65,0,1,1,正常,0,20260917
MOCK_TAG_0607,MOCK_CUST_0607,MOCK_ECIF_0607,上海沐润医疗科技和有限公司,91310112700006075Y,20070625,存续,医疗器械研发、技术咨询及销售,1300000.00000000,CNY,975000.00000000,CNY,私人控股,私营有限责任公司,小型,310000,310100,310112,上海市闵行区联航路687号8幢108室,83,C,35,358,3589,1,1,0,1,0,0,0,0,0,0,0,0,0,林清颖,MOCK_PERSON_0607,林清颖,MOCK_PERSON_0607,MOCK_ORG_SH_MH_08,MOCK_ORG_SH_MH,MOCK_ORG_SH_MH_08,MOCK_ORG_SH_MH,1,0,0,1,0,0,20251011,,20250222,,,583,6803615.49000000,53,1,1,0,0,0,0,0,0,20250217,1,1,2070646.00000000,4,0,1,0,0,0,0,234000.11000000,1109417.76000000,790270.19000000,790270.19000000,1,0,0,0,0,0,0,0,1976000.00000000,1062297.60000000,1062297.60000000,913702.40000000,1062297.60000000,1112603.52000000,1062297.60000000,0.00000000,0.00000000,20260917,2314000.00000000,1281997.60000000,1976000.00000000,1062297.60000000,0,0,0,0,0,0,0,0,1,0,0,1,0,0,0,B,949000.00000000,CNY,嘉禾产业投资08,0,0,0,0,0,0,20–39,0,0,0,0,0,0,0,0,,,1,0,12,11,0.00000000,0.85393258,11670.00941681,20260820,83,0,1,0,正常,0,20260917
MOCK_TAG_0608,MOCK_CUST_0608,MOCK_ECIF_0608,上海沐森医疗科技和有限公司,913101157000060835,20110421,存续,医疗器械研发、技术咨询及销售,1500000.00000000,CNY,720000.00000000,CNY,私人控股,私营有限责任公司,小型,310000,310100,310115,上海市浦东新区金海路688号1幢109室,30,C,35,358,3589,1,1,0,1,0,0,0,0,0,0,0,0,0,何清颖,MOCK_PERSON_0608,何清颖,MOCK_PERSON_0608,MOCK_ORG_SH_PD_01,MOCK_ORG_SH_PD,MOCK_ORG_SH_PD_01,MOCK_ORG_SH_PD,0,1,0,1,0,0,,20241208,20241205,,,0,0.00000000,0,0,1,0,0,0,0,0,0,20241203,1,1,2400298.00000000,4,0,1,0,0,0,0,641250.96000000,254362.88000000,245916.12000000,225000.34000000,0,0,0,0,0,0,0,0,0.00000000,0.00000000,0.00000000,0.00000000,0.00000000,0.00000000,0.00000000,0.00000000,0.00000000,20260917,1050000.00000000,525000.00000000,0.00000000,0.00000000,0,0,0,0,0,0,0,0,0,0,0,1,0,0,0,C,1170000.00000000,CNY,嘉禾产业投资09,0,0,0,0,0,0,40–59,0,0,0,0,0,0,0,0,,,1,0,12,0,0.00000000,0.00000000,0.00000000,,30,0,1,0,正常,0,20260917
MOCK_TAG_0609,MOCK_CUST_0609,MOCK_ECIF_0609,上海沐远信息科技和有限公司,91310112700006091L,20210705,存续,软件开发、信息系统集成及技术咨询,1800000.00000000,CNY,1188000.00000000,CNY,私人控股,私营有限责任公司,小型,310000,310100,310112,上海市闵行区联航路689号2幢110室,62,I,65,651,6513,1,1,0,1,0,0,0,0,0,0,0,0,0,赵正颖,MOCK_PERSON_0609,胡思颖,MOCK_PERSON_0366,MOCK_ORG_SH_MH_02,MOCK_ORG_SH_MH,MOCK_ORG_SH_MH_02,MOCK_ORG_SH_MH,0,1,0,1,1,0,,20250819,20250816,20250818,,0,0.00000000,0,0,1,1,0,0,0,0,0,20250806,1,1,2641032.00000000,5,0,1,0,0,0,0,1044000.32000000,1044000.32000000,1044000.32000000,1044000.32000000,0,0,0,0,0,0,0,0,0.00000000,0.00000000,0.00000000,0.00000000,0.00000000,0.00000000,0.00000000,0.00000000,0.00000000,20260917,1134000.00000000,147420.00000000,0.00000000,0.00000000,0,0,0,0,0,0,0,0,1,0,0,1,0,0,0,,0.00000000,,,0,0,0,0,0,0,0–19,0,0,0,0,0,0,0,0,MOCK_GROUP_53,产业集团53,1,0,12,0,0.00000000,0.00000000,0.00000000,,62,0,1,1,正常,0,20260917
MOCK_TAG_0610,MOCK_CUST_0610,MOCK_ECIF_0610,上海沐衡供应链和有限公司,91310112700006104A,20100625,存续,仓储服务、国内货物运输代理,1300000.00000000,CNY,442000.00000000,CNY,私人控股,私营有限责任公司,小型,310000,310100,310112,上海市闵行区联航路690号3幢111室,90,G,58,582,5821,1,0,0,1,0,0,0,0,0,0,0,0,0,钱正颖,MOCK_PERSON_0610,王启博,MOCK_PERSON_0232,MOCK_ORG_SH_MH_03,MOCK_ORG_SH_MH,MOCK_ORG_SH_MH_03,MOCK_ORG_SH_MH,0,0,0,1,1,0,,,20250408,20250410,,0,0.00000000,0,0,1,1,0,0,0,0,0,20250407,1,1,2212100.00000000,4,0,1,0,0,0,0,39000.78000000,39000.78000000,39000.78000000,39000.78000000,0,0,0,0,0,0,0,0,0.00000000,0.00000000,0.00000000,0.00000000,0.00000000,0.00000000,0.00000000,0.00000000,0.00000000,20260917,715000.00000000,271700.00000000,0.00000000,0.00000000,0,0,0,0,0,0,0,0,0,0,0,0,0,0,0,,0.00000000,,,0,0,0,0,0,0,,0,0,0,0,0,0,0,0,MOCK_GROUP_11,产业集团11,1,0,12,0,0.00000000,0.00000000,0.00000000,,90,0,1,1,正常,0,20260917
MOCK_TAG_0611,MOCK_CUST_0611,MOCK_ECIF_0611,苏州沐昕供应链和有限公司,91320571700006112C,20070702,存续,仓储服务、国内货物运输代理,300000.00000000,CNY,249000.00000000,CNY,私人控股,私营有限责任公司,小型,320000,320500,320571,苏州市工业园区星湖街691号4幢112室,51,G,58,582,5821,1,0,0,1,0,0,0,0,0,0,0,0,0,孙正颖,MOCK_PERSON_0611,孙正颖,MOCK_PERSON_0611,MOCK_ORG_JS_SZ_04,MOCK_ORG_JS_SZ,MOCK_ORG_JS_SZ_04,MOCK_ORG_JS_SZ,1,1,0,1,0,0,20251001,20230830,20230827,,,396,3453127.51000000,36,1,1,0,0,1,0,0,0,20230819,1,1,1694636.00000000,4,0,1,0,0,0,0,443610.92000000,183987.84000000,176799.65000000,159000.33000000,0,0,0,0,0,0,0,0,0.00000000,0.00000000,0.00000000,0.00000000,0.00000000,0.00000000,0.00000000,0.00000000,0.00000000,20260917,132000.00000000,46200.00000000,0.00000000,0.00000000,0,1,0,0,0,0,0,0,0,0,0,0,0,0,0,,0.00000000,,,0,0,0,0,0,0,,0,0,0,0,0,0,0,0,,,1,0,12,11,0.00000000,0.00000000,8720.01896465,20260820,51,0,1,0,正常,0,20260917
MOCK_TAG_0612,MOCK_CUST_0612,MOCK_ECIF_0612,苏州沐途医疗科技和有限公司,913205717000061207,20150416,存续,医疗器械研发、技术咨询及销售,2600000.00000000,CNY,988000.00000000,CNY,私人控股,私营有限责任公司,小型,320000,320500,320571,苏州市工业园区星湖街692号5幢113室,53,C,35,358,3589,1,1,0,1,0,0,0,0,0,0,0,0,0,李正颖,MOCK_PERSON_0612,吴承颖,MOCK_PERSON_0534,MOCK_ORG_JS_SZ_05,MOCK_ORG_JS_SZ,MOCK_ORG_JS_SZ_05,MOCK_ORG_JS_SZ,1,0,0,1,1,0,20251102,,20220902,20220904,,460,5464805.66000000,46,1,1,1,0,0,0,0,0,20220824,1,1,2689314.00000000,5,0,1,0,0,0,0,4174300.42000000,2086110.21000000,1972160.75000000,1690000.17000000,0,0,0,0,0,0,0,0,0.00000000,0.00000000,0.00000000,0.00000000,0.00000000,0.00000000,0.00000000,0.00000000,0.00000000,20260917,1170000.00000000,351000.00000000,0.00000000,0.00000000,0,0,0,0,0,0,0,0,1,0,0,1,0,0,0,B,1846000.00000000,CNY,嘉禾产业投资01,0,0,0,0,0,0,0–19,0,0,0,0,0,0,0,0,MOCK_GROUP_07,产业集团07,1,0,12,10,0.00000000,0.00000000,11880.01230435,20260820,53,0,1,1,正常,0,20260917
MOCK_TAG_0613,MOCK_CUST_0613,MOCK_ECIF_0613,上海岚川供应链和有限公司,913101157000061398,20070630,存续,仓储服务、国内货物运输代理,3100000.00000000,CNY,1767000.00000000,CNY,私人控股,私营有限责任公司,小型,310000,310100,310115,上海市浦东新区金海路693号6幢114室,18,G,58,582,5821,1,0,0,1,0,0,0,0,0,0,0,0,0,周正颖,MOCK_PERSON_0613,周正颖,MOCK_PERSON_0613,MOCK_ORG_SH_PD_06,MOCK_ORG_SH_PD,MOCK_ORG_SH_PD_06,MOCK_ORG_SH_PD,1,0,0,1,0,0,20260323,,20221120,,,102,851364.19000000,17,1,1,0,0,0,0,0,0,20221114,1,1,1990712.00000000,3,0,1,0,0,0,0,3046680.81000000,2062143.20000000,2030745.99000000,1953000.52000000,0,0,0,0,0,0,0,0,0.00000000,0.00000000,0.00000000,0.00000000,0.00000000,0.00000000,0.00000000,0.00000000,0.00000000,20260917,992000.00000000,277760.00000000,0.00000000,0.00000000,0,0,0,0,0,0,0,0,0,0,0,0,0,0,0,,0.00000000,,,0,0,0,0,0,0,,0,0,0,0,0,0,0,0,,,1,0,12,6,152320.81000000,0.00000000,8346.70774510,20260905,18,0,1,0,正常,0,20260917
MOCK_TAG_0614,MOCK_CUST_0614,MOCK_ECIF_0614,上海岚原供应链和有限公司,91310112700006147P,20191005,存续,仓储服务、国内货物运输代理,1100000.00000000,CNY,440000.00000000,CNY,私人控股,私营有限责任公司,小型,310000,310100,310112,上海市闵行区联航路694号7幢115室,46,G,58,582,5821,1,0,0,1,0,0,0,0,0,0,0,0,0,吴正颖,MOCK_PERSON_0614,吴正颖,MOCK_PERSON_0614,MOCK_ORG_SH_MH_07,MOCK_ORG_SH_MH,MOCK_ORG_SH_MH_07,MOCK_ORG_SH_MH,0,1,0,1,0,0,,20230901,20230829,,,0,0.00000000,0,0,1,0,0,0,0,0,0,20230822,1,1,2136820.00000000,4,0,1,0,0,0,0,590040.70000000,420628.65000000,413543.83000000,396000.47000000,0,0,0,0,0,0,0,0,0.00000000,0.00000000,0.00000000,0.00000000,0.00000000,0.00000000,0.00000000,0.00000000,0.00000000,20260917,418000.00000000,146300.00000000,0.00000000,0.00000000,0,0,0,0,0,0,0,0,0,0,0,0,0,0,0,,0.00000000,,,0,0,0,0,0,0,,0,0,0,0,0,0,0,0,,,1,0,12,0,0.00000000,0.00000000,0.00000000,,46,0,1,0,正常,0,20260917
MOCK_TAG_0615,MOCK_CUST_0615,MOCK_ECIF_0615,上海岚辰食品和有限公司,91310115700006155X,20120101,存续,食品加工、预包装食品销售,32000000.00000000,CNY,17920000.00000000,CNY,私人控股,私营有限责任公司,中型,310000,310100,310115,上海市浦东新区金海路695号8幢116室,287,C,14,149,1499,1,0,0,1,0,0,0,0,0,0,0,0,0,郑正颖,MOCK_PERSON_0615,郑正颖,MOCK_PERSON_0615,MOCK_ORG_SH_PD_08,MOCK_ORG_SH_PD,MOCK_ORG_SH_PD_08,MOCK_ORG_SH_PD,1,0,0,1,0,0,20251130,,20240918,,,2610,19246796.42000000,261,1,1,0,0,0,0,0,0,20240911,1,1,1818138.00000000,4,0,1,0,0,1,0,20480000.29000000,31226831.06000000,28135277.00000000,28135277.00000000,1,0,0,0,0,0,0,0,49280000.00000000,0.00000000,0.00000000,49280000.00000000,0.00000000,10746830.77000000,0.00000000,0.00000000,0.00000000,20260917,55360000.00000000,608000.00000000,49280000.00000000,0.00000000,0,0,0,0,0,0,0,0,0,0,0,0,0,0,0,,0.00000000,,,0,0,0,0,0,0,,0,0,0,0,0,0,0,0,,,1,0,12,10,1917045.34000000,0.89017341,7374.25150192,20260910,287,0,1,0,正常,0,20260917
MOCK_TAG_0616,MOCK_CUST_0616,MOCK_ECIF_0616,宁波岚宁医疗科技和有限公司,91330212700006163T,20090122,存续,医疗器械研发、技术咨询及销售,1400000.00000000,CNY,1078000.00000000,CNY,私人控股,私营有限责任公司,小型,330000,330200,330212,宁波市鄞州区首南东路696号1幢117室,25,C,35,358,3589,1,1,0,1,0,0,0,0,0,0,0,0,0,王正颖,MOCK_PERSON_0616,王正颖,MOCK_PERSON_0616,MOCK_ORG_ZJ_NB_01,MOCK_ORG_ZJ_NB,MOCK_ORG_ZJ_NB_01,MOCK_ORG_ZJ_NB,1,1,0,1,0,0,20251102,20241206,20241203,,,198,2391846.85000000,18,1,1,0,0,0,0,0,0,20241202,1,1,2243360.00000000,4,0,1,0,0,0,0,1894201.11000000,807227.01000000,796518.00000000,770000.45000000,0,0,0,0,0,0,0,0,0.00000000,0.00000000,0.00000000,0.00000000,0.00000000,0.00000000,0.00000000,0.00000000,0.00000000,20260917,476000.00000000,304640.00000000,0.00000000,0.00000000,0,0,0,0,0,0,0,0,1,0,0,1,0,0,0,,0.00000000,,,0,0,0,0,0,0,20–39,0,0,0,0,0,0,0,0,,,1,0,12,11,215820.34000000,0.00000000,12080.03459596,20260915,25,0,1,0,正常,0,20260917
MOCK_TAG_0617,MOCK_CUST_0617,MOCK_ECIF_0617,上海岚知信息科技和有限公司,91310115700006171K,20081231,存续,软件开发、信息系统集成及技术咨询,16800000.00000000,CNY,7056000.00000000,CNY,私人控股,私营有限责任公司,中型,310000,310100,310115,上海市浦东新区金海路697号2幢118室,131,I,65,651,6513,1,1,0,1,0,0,0,0,0,0,0,0,0,陈正颖,MOCK_PERSON_0617,陈正颖,MOCK_PERSON_0617,MOCK_ORG_SH_PD_02,MOCK_ORG_SH_PD,MOCK_ORG_SH_PD_02,MOCK_ORG_SH_PD,0,0,0,1,0,0,,,20231030,,,0,0.00000000,0,0,1,0,0,0,0,0,0,20231029,1,1,1620266.00000000,4,0,1,0,0,1,0,5460000.70000000,5649737.19000000,4314056.46000000,4113837.25000000,1,0,0,0,0,0,0,0,13440000.00000000,3193344.00000000,3193344.00000000,10246656.00000000,3193344.00000000,4362003.69000000,3193344.00000000,0.00000000,0.00000000,20260917,22848000.00000000,7803264.00000000,13440000.00000000,3193344.00000000,0,0,0,0,0,0,0,0,1,0,0,1,0,0,0,,0.00000000,,,0,0,0,0,0,0,40–59,0,0,0,0,0,0,0,0,,,1,0,12,0,0.00000000,0.58823529,0.00000000,,131,0,1,0,正常,0,20260917
MOCK_TAG_0618,MOCK_CUST_0618,MOCK_ECIF_0618,上海岚禾食品和有限公司,9131011470000618XW,20220203,存续,食品加工、预包装食品销售,48800000.00000000,CNY,25864000.00000000,CNY,私人控股,私营有限责任公司,中型,310000,310100,310114,上海市嘉定区嘉罗公路698号3幢119室,184,C,14,149,1499,1,0,0,1,0,0,0,0,0,0,0,0,0,杨正颖,MOCK_PERSON_0618,杨正颖,MOCK_PERSON_0618,MOCK_ORG_SH_JD_03,MOCK_ORG_SH_JD,MOCK_ORG_SH_JD_03,MOCK_ORG_SH_JD,1,1,0,1,1,0,20260627,20230405,20230402,20230404,,522,3766230.85000000,174,1,1,1,0,0,0,0,0,20230328,1,1,1936158.00000000,4,0,1,0,0,1,0,39625602.82000000,21193063.48000000,15603516.94000000,12495611.85000000,1,0,0,0,0,0,0,0,33964800.00000000,11901265.92000000,11901265.92000000,22063534.08000000,11901265.92000000,15067307.81000000,11901265.92000000,0.00000000,0.00000000,20260917,58364800.00000000,22881265.92000000,33964800.00000000,11901265.92000000,0,0,0,0,0,0,0,0,0,0,0,0,0,0,0,,0.00000000,,,0,0,0,0,0,0,,0,0,0,0,0,0,0,0,,,1,0,12,3,1345890.31000000,0.58193980,7215.00162835,20260915,184,0,1,1,正常,0,20260917
MOCK_TAG_0619,MOCK_CUST_0619,MOCK_ECIF_0619,苏州岚润精密制造和有限公司,913205717000061987,20160331,存续,工业零部件、自动化设备的研发与制造,2000000.00000000,CNY,1120000.00000000,CNY,私人控股,私营有限责任公司,小型,320000,320500,320571,苏州市工业园区星湖街699号4幢120室,46,C,34,348,3484,1,0,0,1,0,0,0,0,0,0,0,0,0,黄正颖,MOCK_PERSON_0619,黄正颖,MOCK_PERSON_0619,MOCK_ORG_JS_SZ_04,MOCK_ORG_JS_SZ,MOCK_ORG_JS_SZ_04,MOCK_ORG_JS_SZ,0,0,0,0,1,0,,,,20250522,,0,0.00000000,0,0,0,1,0,0,0,0,0,20250510,1,1,2620354.00000000,5,0,1,0,0,0,0,1180000.11000000,1150776.82000000,954808.07000000,954808.07000000,1,0,0,0,1,0,0,0,2280000.00000000,710448.00000000,710448.00000000,1569552.00000000,710448.00000000,681224.71000000,710448.00000000,0.00000000,0.00000000,20260917,3300000.00000000,1424448.00000000,2280000.00000000,710448.00000000,0,0,0,0,0,0,0,0,0,0,0,0,0,0,0,,0.00000000,,,0,0,0,0,0,0,,0,0,0,0,0,0,0,0,,,1,0,12,0,0.00000000,0.69090909,0.00000000,,46,0,0,1,正常,0,20260917
MOCK_TAG_0620,MOCK_CUST_0620,MOCK_ECIF_0620,上海岚森供应链和有限公司,91310114700006200G,20110423,存续,仓储服务、国内货物运输代理,294400000.00000000,CNY,188416000.00000000,CNY,私人控股,私营有限责任公司,大型,310000,310100,310114,上海市嘉定区嘉罗公路700号5幢101室,1421,G,58,582,5821,1,0,0,1,0,0,0,0,0,0,0,0,0,徐正颖,MOCK_PERSON_0620,徐明博,MOCK_PERSON_0012,MOCK_ORG_SH_JD_05,MOCK_ORG_SH_JD,MOCK_ORG_SH_JD_05,MOCK_ORG_SH_JD,0,0,0,1,1,0,,,20250221,20250223,,0,0.00000000,0,0,1,1,0,0,0,0,0,20250216,1,1,2144014.00000000,4,0,1,0,0,0,0,179584000.96000000,179584000.96000000,179584000.96000000,179584000.96000000,0,0,0,0,0,0,0,0,0.00000000,0.00000000,0.00000000,0.00000000,0.00000000,0.00000000,0.00000000,0.00000000,0.00000000,20260917,64768000.00000000,36270080.00000000,0.00000000,0.00000000,0,1,0,0,0,0,0,0,0,0,0,0,0,0,0,,0.00000000,,,0,0,0,0,0,0,,0,0,0,0,0,0,0,0,MOCK_GROUP_49,产业集团49,1,0,12,0,0.00000000,0.00000000,0.00000000,,1421,0,1,1,正常,0,20260917
MOCK_TAG_0621,MOCK_CUST_0621,MOCK_ECIF_0621,上海岚远精密制造和有限公司,91310114700006219D,20200730,存续,工业零部件、自动化设备的研发与制造,400000.00000000,CNY,324000.00000000,CNY,私人控股,私营有限责任公司,小型,310000,310100,310114,上海市嘉定区嘉罗公路701号6幢102室,74,C,34,348,3484,1,0,0,1,0,0,0,0,0,0,0,0,0,朱正颖,MOCK_PERSON_0621,胡文博,MOCK_PERSON_0078,MOCK_ORG_SH_JD_06,MOCK_ORG_SH_JD,MOCK_ORG_SH_JD_06,MOCK_ORG_SH_JD,0,1,0,0,1,0,,20240902,,20240901,,0,0.00000000,0,0,0,1,0,1,0,0,0,20240827,1,1,1983428.00000000,3,0,1,0,0,0,0,196000.06000000,196000.06000000,196000.06000000,196000.06000000,0,0,0,0,0,0,0,0,0.00000000,0.00000000,0.00000000,0.00000000,0.00000000,0.00000000,0.00000000,0.00000000,0.00000000,20260917,104000.00000000,24960.00000000,0.00000000,0.00000000,0,0,0,0,0,0,0,0,0,0,0,0,0,0,0,,0.00000000,,,0,0,0,0,0,0,,0,0,0,0,0,0,0,0,MOCK_GROUP_25,产业集团25,1,0,12,0,0.00000000,0.00000000,0.00000000,,74,0,0,1,正常,0,20260917
MOCK_TAG_0622,MOCK_CUST_0622,MOCK_ECIF_0622,杭州岚衡食品和有限公司,91330108700006227T,20140224,存续,食品加工、预包装食品销售,2300000.00000000,CNY,2300000.00000000,CNY,私人控股,私营有限责任公司,小型,330000,330100,330108,杭州市滨江区江陵路702号7幢103室,36,C,14,149,1499,1,0,0,1,0,0,0,0,0,0,0,0,0,胡正颖,MOCK_PERSON_0622,林嘉颖,MOCK_PERSON_0463,MOCK_ORG_ZJ_HZ_07,MOCK_ORG_ZJ_HZ,MOCK_ORG_ZJ_HZ_07,MOCK_ORG_ZJ_HZ,0,1,0,1,0,0,,20221026,20221023,,,0,0.00000000,0,0,1,0,0,0,0,0,0,20221015,1,1,2528338.00000000,4,0,1,0,0,0,0,1929240.84000000,979397.04000000,935844.57000000,828000.36000000,0,0,0,0,0,0,0,0,0.00000000,0.00000000,0.00000000,0.00000000,0.00000000,0.00000000,0.00000000,0.00000000,0.00000000,20260917,644000.00000000,450800.00000000,0.00000000,0.00000000,0,0,0,0,0,0,0,0,0,0,0,0,0,0,0,,0.00000000,,,0,0,0,0,0,0,,0,0,0,0,0,0,0,0,MOCK_GROUP_51,产业集团51,1,0,12,0,0.00000000,0.00000000,0.00000000,,36,0,1,0,正常,0,20260917
MOCK_TAG_0623,MOCK_CUST_0623,MOCK_ECIF_0623,宁波岚昕精密制造和有限公司,91330212700006235K,20170928,存续,工业零部件、自动化设备的研发与制造,4200000.00000000,CNY,1470000.00000000,CNY,私人控股,私营有限责任公司,小型,330000,330200,330212,宁波市鄞州区首南东路703号8幢104室,27,C,34,348,3484,1,0,0,1,0,0,0,0,0,0,0,0,0,林正颖,MOCK_PERSON_0623,林正颖,MOCK_PERSON_0623,MOCK_ORG_ZJ_NB_08,MOCK_ORG_ZJ_NB,MOCK_ORG_ZJ_NB_08,MOCK_ORG_ZJ_NB,0,1,0,1,1,0,,20240920,20240917,20240919,,0,0.00000000,0,0,1,1,0,0,0,0,0,20240910,1,1,1705484.00000000,4,0,1,0,0,0,0,2688000.89000000,2688000.89000000,2688000.89000000,2688000.89000000,0,0,0,0,0,0,0,0,0.00000000,0.00000000,0.00000000,0.00000000,0.00000000,0.00000000,0.00000000,0.00000000,0.00000000,20260917,294000.00000000,123480.00000000,0.00000000,0.00000000,0,0,0,0,0,0,0,0,0,0,0,0,0,0,0,,0.00000000,,,0,0,0,0,0,0,,0,0,0,0,0,0,0,0,,,1,0,12,0,0.00000000,0.00000000,0.00000000,,27,0,1,1,正常,0,20260917
MOCK_TAG_0624,MOCK_CUST_0624,MOCK_ECIF_0624,上海岚途精密制造和有限公司,91310114700006243X,20230905,存续,工业零部件、自动化设备的研发与制造,3100000.00000000,CNY,2201000.00000000,CNY,私人控股,私营有限责任公司,小型,310000,310100,310114,上海市嘉定区嘉罗公路704号1幢105室,40,C,34,348,3484,1,0,0,1,0,0,0,0,0,0,0,0,0,何正颖,MOCK_PERSON_0624,何正颖,MOCK_PERSON_0624,MOCK_ORG_SH_JD_01,MOCK_ORG_SH_JD,MOCK_ORG_SH_JD_01,MOCK_ORG_SH_JD,1,1,0,1,0,1,20260223,20250715,20250712,,20250716,259,2226663.85000000,37,1,1,0,0,0,0,0,0,20250702,1,1,2054318.00000000,4,0,1,0,0,0,0,1404921.69000000,807698.82000000,771539.12000000,682000.82000000,0,0,0,0,0,0,0,0,0.00000000,0.00000000,0.00000000,0.00000000,0.00000000,0.00000000,0.00000000,0.00000000,0.00000000,20260917,1023000.00000000,531960.00000000,0.00000000,0.00000000,0,0,0,0,0,0,0,0,0,0,0,0,0,0,0,,0.00000000,,,0,0,0,0,0,0,,0,0,0,0,0,0,0,0,,,1,0,12,7,333370.82000000,0.00000000,8597.15772201,20260910,40,0,1,0,正常,0,20260917
MOCK_TAG_0625,MOCK_CUST_0625,MOCK_ECIF_0625,宁波岳川食品和有限公司,913302127000062519,20111206,存续,食品加工、预包装食品销售,2100000.00000000,CNY,1554000.00000000,CNY,私人控股,私营有限责任公司,小型,330000,330200,330212,宁波市鄞州区首南东路705号2幢106室,51,C,14,149,1499,1,0,0,1,0,0,0,0,0,0,0,0,0,赵和颖,MOCK_PERSON_0625,赵和颖,MOCK_PERSON_0625,MOCK_ORG_ZJ_NB_02,MOCK_ORG_ZJ_NB,MOCK_ORG_ZJ_NB_02,MOCK_ORG_ZJ_NB,1,0,0,1,0,0,20251010,,20240725,,,440,2979606.60000000,40,1,1,0,0,0,0,0,0,20240716,1,1,2028040.00000000,4,0,1,0,0,0,0,651000.74000000,651000.74000000,651000.74000000,651000.74000000,0,0,0,0,0,0,0,0,0.00000000,0.00000000,0.00000000,0.00000000,0.00000000,0.00000000,0.00000000,0.00000000,0.00000000,20260917,252000.00000000,153720.00000000,0.00000000,0.00000000,0,0,0,0,0,0,0,0,0,0,0,0,0,0,0,,0.00000000,,,0,0,0,0,0,0,,0,0,0,0,0,0,0,0,,,1,0,12,11,0.00000000,0.00000000,6771.83318182,20260820,51,0,1,0,正常,0,20260917
MOCK_TAG_0626,MOCK_CUST_0626,MOCK_ECIF_0626,上海岳原供应链和有限公司,9131011470000626XG,20110809,存续,仓储服务、国内货物运输代理,1600000.00000000,CNY,1024000.00000000,CNY,私人控股,私营有限责任公司,小型,310000,310100,310114,上海市嘉定区嘉罗公路706号3幢107室,18,G,58,582,5821,1,0,0,1,0,0,0,0,0,0,0,0,0,钱和颖,MOCK_PERSON_0626,钱和颖,MOCK_PERSON_0626,MOCK_ORG_SH_JD_03,MOCK_ORG_SH_JD,MOCK_ORG_SH_JD_03,MOCK_ORG_SH_JD,0,0,0,0,1,0,,,,20260731,,0,0.00000000,0,0,0,1,0,0,0,0,0,20260721,1,1,443002.00000000,1,0,1,0,0,0,0,1008000.71000000,228738.62000000,162937.10000000,162937.10000000,0,0,0,0,0,0,0,0,0.00000000,0.00000000,0.00000000,0.00000000,0.00000000,0.00000000,0.00000000,0.00000000,0.00000000,20260917,848000.00000000,84800.00000000,0.00000000,0.00000000,0,0,0,0,0,0,0,0,0,0,0,0,0,0,0,,0.00000000,,,0,0,0,0,0,0,,0,0,0,0,0,0,0,0,,,0,0,2,0,0.00000000,0.00000000,0.00000000,,18,0,0,1,正常,0,20260917
MOCK_TAG_0627,MOCK_CUST_0627,MOCK_ECIF_0627,上海岳辰信息科技和有限公司,91310112700006278K,20181110,存续,软件开发、信息系统集成及技术咨询,1500000.00000000,CNY,1005000.00000000,CNY,私人控股,私营有限责任公司,小型,310000,310100,310112,上海市闵行区联航路707号4幢108室,40,I,65,651,6513,1,1,0,1,0,0,0,0,0,0,0,0,0,孙和颖,MOCK_PERSON_0627,孙和颖,MOCK_PERSON_0627,MOCK_ORG_SH_MH_04,MOCK_ORG_SH_MH,MOCK_ORG_SH_MH_04,MOCK_ORG_SH_MH,0,1,0,0,1,0,,20240501,,20240430,,0,0.00000000,0,0,0,1,0,0,0,0,0,20240421,1,1,2049760.00000000,4,0,1,0,0,0,0,45000.20000000,877718.98000000,699555.85000000,699555.85000000,1,0,0,0,0,0,0,0,1701000.00000000,823284.00000000,823284.00000000,877716.00000000,823284.00000000,880712.38000000,823284.00000000,0.00000000,0.00000000,20260917,2841000.00000000,1552884.00000000,1701000.00000000,823284.00000000,0,0,0,0,0,0,0,0,0,0,0,1,0,0,0,,0.00000000,,,0,0,0,0,0,0,0–19,0,0,0,0,0,0,0,0,,,1,0,12,0,0.00000000,0.59873284,0.00000000,,40,0,0,1,正常,0,20260917
MOCK_TAG_0628,MOCK_CUST_0628,MOCK_ECIF_0628,杭州岳宁信息科技和有限公司,91330108700006286X,20181015,存续,软件开发、信息系统集成及技术咨询,300000.00000000,CNY,294000.00000000,CNY,私人控股,私营有限责任公司,小型,330000,330100,330108,杭州市滨江区江陵路708号5幢109室,21,I,65,651,6513,1,1,0,1,0,0,0,0,0,0,0,0,0,李和颖,MOCK_PERSON_0628,李和颖,MOCK_PERSON_0628,MOCK_ORG_ZJ_HZ_05,MOCK_ORG_ZJ_HZ,MOCK_ORG_ZJ_HZ_05,MOCK_ORG_ZJ_HZ,0,1,0,0,0,0,,20231107,,,,0,0.00000000,0,0,0,0,0,0,0,0,0,20231026,1,1,1787132.00000000,4,0,1,0,0,0,0,72000.75000000,72000.75000000,72000.75000000,72000.75000000,0,0,0,0,0,0,0,0,0.00000000,0.00000000,0.00000000,0.00000000,0.00000000,0.00000000,0.00000000,0.00000000,0.00000000,20260917,54000.00000000,16740.00000000,0.00000000,0.00000000,0,0,0,0,0,0,0,0,0,0,0,1,0,0,0,,0.00000000,,,0,0,0,0,0,0,0–19,0,0,0,0,0,0,0,0,,,1,0,12,0,0.00000000,0.00000000,0.00000000,,21,0,0,0,正常,0,20260917
MOCK_TAG_0629,MOCK_CUST_0629,MOCK_ECIF_0629,宁波岳知食品和有限公司,91330212700006294N,20130706,存续,食品加工、预包装食品销售,300000.00000000,CNY,249000.00000000,CNY,私人控股,私营有限责任公司,小型,330000,330200,330212,宁波市鄞州区首南东路709号6幢110室,90,C,14,149,1499,1,0,0,1,0,0,0,0,0,0,0,0,0,朱启博,MOCK_PERSON_0237,钱昕博,MOCK_PERSON_0082,MOCK_ORG_ZJ_NB_06,MOCK_ORG_ZJ_NB,MOCK_ORG_ZJ_NB_06,MOCK_ORG_ZJ_NB,0,1,0,1,1,0,,20240407,20240404,20240406,,0,0.00000000,0,0,1,1,0,0,0,0,0,20240327,1,1,2034950.00000000,4,0,1,0,0,0,0,175560.62000000,116841.64000000,116024.30000000,114000.40000000,0,0,0,0,0,0,0,0,0.00000000,0.00000000,0.00000000,0.00000000,0.00000000,0.00000000,0.00000000,0.00000000,0.00000000,20260917,141000.00000000,84600.00000000,0.00000000,0.00000000,0,0,0,0,0,0,0,0,0,0,0,0,0,0,0,,0.00000000,,,0,0,0,0,0,0,,0,0,0,0,0,0,0,0,MOCK_GROUP_02,产业集团02,1,0,12,0,0.00000000,0.00000000,0.00000000,,90,0,1,1,正常,0,20260917
MOCK_TAG_0630,MOCK_CUST_0630,MOCK_ECIF_0630,上海岳禾供应链和有限公司,91310112700006307Y,20210914,存续,仓储服务、国内货物运输代理,1600000.00000000,CNY,720000.00000000,CNY,私人控股,私营有限责任公司,小型,310000,310100,310112,上海市闵行区联航路710号7幢111室,43,G,58,582,5821,1,0,0,1,0,0,0,0,0,0,0,0,0,吴和颖,MOCK_PERSON_0630,吴和颖,MOCK_PERSON_0630,MOCK_ORG_SH_MH_07,MOCK_ORG_SH_MH,MOCK_ORG_SH_MH_07,MOCK_ORG_SH_MH,0,0,0,1,1,0,,,20240430,20240502,,0,0.00000000,0,0,1,1,0,0,0,0,0,20240423,1,1,2445134.00000000,5,0,1,0,0,0,0,40000.14000000,32953.96000000,32679.56000000,32000.11000000,0,0,0,0,0,0,0,0,0.00000000,0.00000000,0.00000000,0.00000000,0.00000000,0.00000000,0.00000000,0.00000000,0.00000000,20260917,224000.00000000,118720.00000000,0.00000000,0.00000000,0,0,0,0,0,0,0,0,0,0,0,0,0,0,0,,0.00000000,,,0,0,0,0,0,0,,0,0,0,0,0,0,0,0,,,1,0,12,0,0.00000000,0.00000000,0.00000000,,43,0,1,1,正常,0,20260917
MOCK_TAG_0631,MOCK_CUST_0631,MOCK_ECIF_0631,上海岳润信息科技和有限公司,91310114700006315N,20180210,存续,软件开发、信息系统集成及技术咨询,45300000.00000000,CNY,31257000.00000000,CNY,私人控股,私营有限责任公司,中型,310000,310100,310114,上海市嘉定区嘉罗公路711号8幢112室,100,I,65,651,6513,1,1,0,1,0,0,0,0,0,0,0,0,0,郑和颖,MOCK_PERSON_0631,郑和颖,MOCK_PERSON_0631,MOCK_ORG_SH_JD_08,MOCK_ORG_SH_JD,MOCK_ORG_SH_JD_08,MOCK_ORG_SH_JD,1,1,0,1,0,0,20260106,20220923,20220920,,,639,8426816.47000000,71,1,1,0,0,1,0,0,0,20220912,1,1,2045322.00000000,4,0,1,0,0,1,0,7248000.93000000,15576286.53000000,11095436.98000000,11095436.98000000,1,0,0,0,0,0,0,0,29445000.00000000,15334956.00000000,15334956.00000000,14110044.00000000,15334956.00000000,15607390.20000000,15334956.00000000,0.00000000,0.00000000,20260917,63873000.00000000,22564836.00000000,29445000.00000000,15334956.00000000,0,0,0,0,0,0,0,0,1,0,0,1,0,0,0,,0.00000000,,,0,0,0,0,0,0,0–19,0,0,0,0,0,0,0,0,,,1,0,12,9,798750.26000000,0.46099291,13187.50621283,20260915,100,0,1,0,正常,0,20260917
MOCK_TAG_0632,MOCK_CUST_0632,MOCK_ECIF_0632,苏州岳森信息科技和有限公司,91320571700006323U,20200112,存续,软件开发、信息系统集成及技术咨询,22200000.00000000,CNY,10434000.00000000,CNY,私人控股,私营有限责任公司,中型,320000,320500,320571,苏州市工业园区星湖街712号1幢113室,429,I,65,651,6513,1,1,0,1,0,0,0,0,0,0,0,0,0,王和颖,MOCK_PERSON_0632,王和颖,MOCK_PERSON_0632,MOCK_ORG_JS_SZ_01,MOCK_ORG_JS_SZ,MOCK_ORG_JS_SZ_01,MOCK_ORG_JS_SZ,0,1,0,1,1,0,,20250714,20250711,20250713,,0,0.00000000,0,0,1,1,0,0,0,0,0,20250706,1,1,2660230.00000000,5,0,1,0,0,1,0,14430000.08000000,13545028.16000000,12740980.04000000,12740980.04000000,1,0,0,0,0,0,0,0,8080800.00000000,3679996.32000000,3679996.32000000,4400803.68000000,3679996.32000000,2795024.40000000,3679996.32000000,0.00000000,0.00000000,20260917,20290800.00000000,7709296.32000000,8080800.00000000,3679996.32000000,0,0,0,0,0,0,0,0,1,0,0,1,0,0,0,C,5550000.00000000,CNY,嘉禾产业投资09,0,0,0,0,0,0,40–59,0,0,0,0,0,0,0,0,,,1,0,12,0,0.00000000,0.39824945,0.00000000,,429,0,1,1,正常,0,20260917
MOCK_TAG_0633,MOCK_CUST_0633,MOCK_ECIF_0633,苏州岳远供应链和有限公司,91320571700006331N,20080129,存续,仓储服务、国内货物运输代理,5900000.00000000,CNY,5428000.00000000,CNY,私人控股,私营有限责任公司,中型,320000,320500,320571,苏州市工业园区星湖街713号2幢114室,448,G,58,582,5821,1,0,0,1,0,0,0,0,0,0,0,0,0,陈和颖,MOCK_PERSON_0633,陈和颖,MOCK_PERSON_0633,MOCK_ORG_JS_SZ_02,MOCK_ORG_JS_SZ,MOCK_ORG_JS_SZ_02,MOCK_ORG_JS_SZ,0,0,0,1,1,0,,,20230509,20230511,,0,0.00000000,0,0,1,1,0,0,0,0,0,20230508,1,1,1507474.00000000,3,0,1,0,0,1,0,3766562.18000000,1511471.95000000,1484007.65000000,1416000.82000000,0,0,0,0,0,0,0,0,0.00000000,0.00000000,0.00000000,0.00000000,0.00000000,0.00000000,0.00000000,0.00000000,0.00000000,20260917,826000.00000000,479080.00000000,0.00000000,0.00000000,0,0,0,0,0,0,0,0,0,0,0,0,0,0,0,,0.00000000,,,0,0,0,0,0,0,,0,0,0,0,0,0,0,0,,,1,0,12,0,0.00000000,0.00000000,0.00000000,,448,0,1,1,正常,0,20260917
MOCK_TAG_0634,MOCK_CUST_0634,MOCK_ECIF_0634,上海岳衡信息科技和有限公司,9131011470000634X4,20061005,存续,软件开发、信息系统集成及技术咨询,3000000.00000000,CNY,960000.00000000,CNY,私人控股,私营有限责任公司,小型,310000,310100,310114,上海市嘉定区嘉罗公路714号3幢115室,84,I,65,651,6513,1,1,0,1,0,0,0,0,0,0,0,0,0,杨和颖,MOCK_PERSON_0634,杨和颖,MOCK_PERSON_0634,MOCK_ORG_SH_JD_03,MOCK_ORG_SH_JD,MOCK_ORG_SH_JD_03,MOCK_ORG_SH_JD,0,1,0,1,0,0,,20230825,20230822,,,0,0.00000000,0,0,1,0,0,0,0,0,0,20230817,1,1,2180376.00000000,4,0,1,0,0,0,0,810000.39000000,810000.39000000,810000.39000000,810000.39000000,0,0,0,0,0,0,0,0,0.00000000,0.00000000,0.00000000,0.00000000,0.00000000,0.00000000,0.00000000,0.00000000,0.00000000,20260917,0.00000000,0.00000000,0.00000000,0.00000000,0,0,0,0,0,0,0,0,1,0,0,1,0,0,0,,0.00000000,,,0,0,0,0,0,0,0–19,0,0,0,0,0,0,0,0,,,1,0,12,0,0.00000000,0.00000000,0.00000000,,84,0,1,0,正常,0,20260917
MOCK_TAG_0635,MOCK_CUST_0635,MOCK_ECIF_0635,上海岳昕供应链和有限公司,913101147000063584,20221118,存续,仓储服务、国内货物运输代理,38000000.00000000,CNY,27740000.00000000,CNY,私人控股,私营有限责任公司,中型,310000,310100,310114,上海市嘉定区嘉罗公路715号4幢116室,152,G,58,582,5821,1,0,0,1,0,0,0,0,0,0,0,0,0,黄和颖,MOCK_PERSON_0635,黄和颖,MOCK_PERSON_0635,MOCK_ORG_SH_JD_04,MOCK_ORG_SH_JD,MOCK_ORG_SH_JD_04,MOCK_ORG_SH_JD,0,0,0,1,1,0,,,20250416,20250418,,0,0.00000000,0,0,1,1,0,0,0,0,0,20250415,1,1,1865274.00000000,3,0,1,0,0,1,0,23073600.03000000,10964344.63000000,10433779.74000000,9120000.01000000,0,0,0,0,0,0,0,0,0.00000000,0.00000000,0.00000000,0.00000000,0.00000000,0.00000000,0.00000000,0.00000000,0.00000000,20260917,2280000.00000000,1071600.00000000,0.00000000,0.00000000,0,0,0,0,0,0,0,0,0,0,0,0,0,0,0,C,25840000.00000000,CNY,嘉禾产业投资12,0,0,0,0,0,0,,0,0,0,0,0,0,0,0,,,1,0,12,0,0.00000000,0.00000000,0.00000000,,152,0,1,1,正常,0,20260917
MOCK_TAG_0636,MOCK_CUST_0636,MOCK_ECIF_0636,上海岳途食品和有限公司,913101127000063662,20120603,存续,食品加工、预包装食品销售,5000000.00000000,CNY,4400000.00000000,CNY,私人控股,私营有限责任公司,小型,310000,310100,310112,上海市闵行区联航路716号5幢117室,48,C,14,149,1499,1,0,0,1,0,0,0,0,0,0,0,0,0,徐和颖,MOCK_PERSON_0636,徐和颖,MOCK_PERSON_0636,MOCK_ORG_SH_MH_05,MOCK_ORG_SH_MH,MOCK_ORG_SH_MH_05,MOCK_ORG_SH_MH,1,1,0,0,0,0,20260112,20231007,,,,312,2153485.88000000,39,1,0,0,0,0,0,0,0,20230930,1,1,2582048.00000000,5,0,1,0,0,0,0,100000.66000000,2859149.70000000,2065421.89000000,2065421.89000000,1,0,0,0,0,0,0,0,8415000.00000000,0.00000000,0.00000000,8415000.00000000,0.00000000,2759149.04000000,0.00000000,0.00000000,0.00000000,20260917,9465000.00000000,672000.00000000,8415000.00000000,0.00000000,0,0,0,0,0,0,0,0,0,0,0,0,0,0,0,,0.00000000,,,0,0,0,0,0,0,,0,0,0,0,0,0,0,0,,,1,0,12,8,0.00000000,0.88906498,6902.19833333,20260825,48,0,0,0,正常,0,20260917
MOCK_TAG_0637,MOCK_CUST_0637,MOCK_ECIF_0637,上海朔川精密制造和有限公司,913101157000063748,20180417,存续,工业零部件、自动化设备的研发与制造,4000000.00000000,CNY,3640000.00000000,CNY,私人控股,私营有限责任公司,小型,310000,310100,310115,上海市浦东新区金海路717号6幢118室,74,C,34,348,3484,1,0,0,1,0,0,0,0,0,0,0,0,0,朱和颖,MOCK_PERSON_0637,朱和颖,MOCK_PERSON_0637,MOCK_ORG_SH_PD_06,MOCK_ORG_SH_PD,MOCK_ORG_SH_PD_06,MOCK_ORG_SH_PD,0,1,0,1,1,1,,20240610,20240607,20240609,20240611,0,0.00000000,0,0,1,1,0,0,0,0,0,20240605,1,1,3018362.00000000,5,0,1,0,0,0,0,2214000.93000000,1664285.32000000,1657299.33000000,1640000.69000000,0,0,0,0,0,0,0,0,0.00000000,0.00000000,0.00000000,0.00000000,0.00000000,0.00000000,0.00000000,0.00000000,0.00000000,20260917,1160000.00000000,649600.00000000,0.00000000,0.00000000,0,0,0,0,0,0,0,0,0,0,0,0,0,0,0,,0.00000000,,,0,0,0,0,0,0,,0,0,0,0,0,0,0,0,,,1,0,12,0,0.00000000,0.00000000,0.00000000,,74,0,1,1,正常,0,20260917
MOCK_TAG_0638,MOCK_CUST_0638,MOCK_ECIF_0638,苏州朔原医疗科技和有限公司,91320571700006382Y,20151130,存续,医疗器械研发、技术咨询及销售,10100000.00000000,CNY,6161000.00000000,CNY,私人控股,私营有限责任公司,中型,320000,320500,320571,苏州市工业园区星湖街718号7幢119室,303,C,35,358,3589,1,1,0,1,0,0,0,0,0,0,0,0,0,胡和颖,MOCK_PERSON_0638,胡和颖,MOCK_PERSON_0638,MOCK_ORG_JS_SZ_07,MOCK_ORG_JS_SZ,MOCK_ORG_JS_SZ_07,MOCK_ORG_JS_SZ,0,1,0,1,1,0,,20240722,20240719,20240721,,0,0.00000000,0,0,1,1,0,0,0,0,0,20240712,1,1,1434486.00000000,4,0,1,0,0,1,0,2222000.86000000,4209003.27000000,2998194.11000000,2998194.11000000,1,0,0,0,0,0,0,0,11594800.00000000,6182347.36000000,6182347.36000000,5412452.64000000,6182347.36000000,4224235.38000000,6182347.36000000,0.00000000,0.00000000,20260917,15331800.00000000,6593417.36000000,11594800.00000000,6182347.36000000,0,0,0,0,0,0,0,0,1,0,0,1,0,0,0,,0.00000000,,,0,0,0,0,0,0,40–59,0,0,0,0,0,0,0,0,,,1,0,12,0,0.00000000,0.75625823,0.00000000,,303,0,1,1,正常,0,20260917
MOCK_TAG_0639,MOCK_CUST_0639,MOCK_ECIF_0639,苏州朔辰商贸和有限公司,91320571700006390R,20190530,存续,日用百货、五金及电子产品批发,4400000.00000000,CNY,4004000.00000000,CNY,私人控股,私营有限责任公司,小型,320000,320500,320571,苏州市工业园区星湖街719号8幢120室,79,F,51,513,5135,1,0,0,1,0,0,0,0,0,0,0,0,0,林和颖,MOCK_PERSON_0639,吴文博,MOCK_PERSON_0070,MOCK_ORG_JS_SZ_08,MOCK_ORG_JS_SZ,MOCK_ORG_JS_SZ_08,MOCK_ORG_JS_SZ,0,0,0,1,1,1,,,20240909,20240911,20240913,0,0.00000000,0,0,1,1,0,0,0,0,0,20240908,1,1,2574920.00000000,4,0,1,0,0,0,0,4333560.88000000,2403774.64000000,2332497.13000000,2156000.44000000,0,0,0,0,0,0,0,0,0.00000000,0.00000000,0.00000000,0.00000000,0.00000000,0.00000000,0.00000000,0.00000000,0.00000000,20260917,1628000.00000000,472120.00000000,0.00000000,0.00000000,0,0,0,0,0,0,0,0,0,0,0,0,0,0,0,,0.00000000,,,0,0,0,0,0,0,,0,0,0,0,0,0,0,0,MOCK_GROUP_04,产业集团04,1,0,12,0,0.00000000,0.00000000,0.00000000,,79,0,1,1,正常,0,20260917
MOCK_TAG_0640,MOCK_CUST_0640,MOCK_ECIF_0640,上海朔宁信息科技和有限公司,913101127000064038,20210626,存续,软件开发、信息系统集成及技术咨询,12300000.00000000,CNY,4428000.00000000,CNY,私人控股,私营有限责任公司,中型,310000,310100,310112,上海市闵行区联航路720号1幢101室,357,I,65,651,6513,1,1,0,1,0,0,0,0,0,0,0,0,0,何和颖,MOCK_PERSON_0640,何和颖,MOCK_PERSON_0640,MOCK_ORG_SH_MH_01,MOCK_ORG_SH_MH,MOCK_ORG_SH_MH_01,MOCK_ORG_SH_MH,1,0,0,1,0,0,20260420,,20240924,,,1605,23152128.05000000,321,1,1,0,0,0,0,0,0,20240923,1,1,2296444.00000000,4,0,1,0,0,1,0,1722000.78000000,1722000.78000000,1722000.78000000,1722000.78000000,0,0,0,0,0,0,0,0,0.00000000,0.00000000,0.00000000,0.00000000,0.00000000,0.00000000,0.00000000,0.00000000,0.00000000,20260917,9348000.00000000,1682640.00000000,0.00000000,0.00000000,0,0,0,0,0,0,0,0,1,0,0,1,0,0,0,A,2829000.00000000,CNY,嘉禾产业投资05,0,0,0,0,0,0,20–39,0,0,0,0,0,0,0,0,,,1,0,12,5,4734750.76000000,0.00000000,14425.00190031,20260910,357,0,1,0,正常,0,20260917
MOCK_TAG_0641,MOCK_CUST_0641,MOCK_ECIF_0641,上海朔知医疗科技和有限公司,913101127000064113,20151015,存续,医疗器械研发、技术咨询及销售,2100000.00000000,CNY,1848000.00000000,CNY,私人控股,私营有限责任公司,小型,310000,310100,310112,上海市闵行区联航路721号2幢102室,34,C,35,358,3589,1,1,0,1,0,0,0,0,0,0,0,0,0,赵明航,MOCK_PERSON_0641,赵明航,MOCK_PERSON_0641,MOCK_ORG_SH_MH_02,MOCK_ORG_SH_MH,MOCK_ORG_SH_MH_02,MOCK_ORG_SH_MH,1,0,0,1,1,0,20260224,,20230727,20230729,,154,1798063.88000000,22,1,1,1,0,1,0,0,0,20230722,1,1,2223968.00000000,4,0,1,0,0,0,0,2112180.25000000,2120557.18000000,1794465.42000000,1698253.19000000,1,0,0,0,0,0,0,0,2429700.00000000,0.00000000,0.00000000,2429700.00000000,0.00000000,998489.89000000,0.00000000,0.00000000,0.00000000,20260917,3080700.00000000,416640.00000000,2429700.00000000,0.00000000,0,0,0,0,0,0,0,0,1,0,0,1,0,0,0,,0.00000000,,,0,0,0,0,0,0,20–39,0,0,0,0,0,0,0,0,,,1,0,12,7,261360.69000000,0.78868439,11675.73948052,20260905,34,0,1,1,正常,0,20260917
MOCK_TAG_0642,MOCK_CUST_0642,MOCK_ECIF_0642,苏州朔禾商贸和股份有限公司,9132057170000642X2,20171027,存续,日用百货、五金及电子产品批发,172300000.00000000,CNY,129225000.00000000,CNY,私人控股,私营股份有限公司,大型,320000,320500,320571,苏州市工业园区星湖街722号3幢103室,961,F,51,513,5135,1,0,0,1,0,0,0,0,0,0,0,0,0,钱明航,MOCK_PERSON_0642,钱明航,MOCK_PERSON_0642,MOCK_ORG_JS_SZ_03,MOCK_ORG_JS_SZ,MOCK_ORG_JS_SZ_03,MOCK_ORG_JS_SZ,0,1,0,1,1,0,,20260815,20260812,20260814,,0,0.00000000,0,0,1,1,0,0,0,0,0,20260805,1,1,643106.00000000,1,0,1,0,0,0,0,17230000.13000000,2915846.18000000,2077041.11000000,2077041.11000000,0,0,0,0,0,0,0,0,0.00000000,0.00000000,0.00000000,0.00000000,0.00000000,0.00000000,0.00000000,0.00000000,0.00000000,20260917,82704000.00000000,42179040.00000000,0.00000000,0.00000000,0,0,0,0,0,0,0,0,0,0,0,0,0,0,0,A,62028000.00000000,CNY,嘉禾产业投资07,1,0,0,0,0,0,,0,0,0,0,0,0,0,0,,,0,0,2,0,0.00000000,0.00000000,0.00000000,,961,0,1,1,正常,0,20260917
MOCK_TAG_0643,MOCK_CUST_0643,MOCK_ECIF_0643,上海朔润信息科技和有限公司,913101157000064386,20090314,存续,软件开发、信息系统集成及技术咨询,4400000.00000000,CNY,4400000.00000000,CNY,私人控股,私营有限责任公司,小型,310000,310100,310115,上海市浦东新区金海路723号4幢104室,68,I,65,651,6513,1,1,0,1,0,0,0,0,0,0,0,0,0,孙明航,MOCK_PERSON_0643,孙明航,MOCK_PERSON_0643,MOCK_ORG_SH_PD_04,MOCK_ORG_SH_PD,MOCK_ORG_SH_PD_04,MOCK_ORG_SH_PD,1,1,0,1,0,0,20260403,20240930,20240927,,,282,3807003.41000000,47,1,1,0,0,0,0,0,0,20240923,1,1,2658214.00000000,5,0,1,0,0,0,0,1760000.94000000,2220058.75000000,1801952.81000000,1801952.81000000,1,0,0,0,0,0,0,0,2358400.00000000,993358.08000000,993358.08000000,1365041.92000000,993358.08000000,1453415.89000000,993358.08000000,0.00000000,0.00000000,20260917,4294400.00000000,1903278.08000000,2358400.00000000,993358.08000000,0,0,0,0,0,0,0,0,0,0,0,1,0,0,0,,0.00000000,,,0,0,0,0,0,0,40–59,0,0,0,0,0,0,0,0,,,1,0,12,6,628625.55000000,0.54918033,13500.01209220,20260910,68,0,1,0,正常,0,20260917
MOCK_TAG_0644,MOCK_CUST_0644,MOCK_ECIF_0644,上海朔森食品和有限公司,913101157000064461,20190731,存续,食品加工、预包装食品销售,3000000.00000000,CNY,2400000.00000000,CNY,私人控股,私营有限责任公司,小型,310000,310100,310115,上海市浦东新区金海路724号5幢105室,49,C,14,149,1499,1,0,0,1,0,0,0,0,0,0,0,0,0,李明航,MOCK_PERSON_0644,李明航,MOCK_PERSON_0644,MOCK_ORG_SH_PD_05,MOCK_ORG_SH_PD,MOCK_ORG_SH_PD_05,MOCK_ORG_SH_PD,0,0,0,1,1,0,,,20250108,20250110,,0,0.00000000,0,0,1,1,0,0,0,0,0,20241231,1,1,2518706.00000000,4,0,1,0,0,0,0,904501.73000000,525306.77000000,503643.43000000,450000.86000000,0,0,0,0,0,0,0,0,0.00000000,0.00000000,0.00000000,0.00000000,0.00000000,0.00000000,0.00000000,0.00000000,0.00000000,20260917,1800000.00000000,1170000.00000000,0.00000000,0.00000000,0,0,0,0,0,0,0,0,0,0,0,0,0,0,0,,0.00000000,,,0,0,0,0,0,0,,0,0,0,0,0,0,0,0,,,1,0,12,0,0.00000000,0.00000000,0.00000000,,49,0,1,1,正常,0,20260917
MOCK_TAG_0645,MOCK_CUST_0645,MOCK_ECIF_0645,苏州朔远食品和有限公司,91320571700006454P,20070422,存续,食品加工、预包装食品销售,2900000.00000000,CNY,1160000.00000000,CNY,私人控股,私营有限责任公司,小型,320000,320500,320571,苏州市工业园区星湖街725号6幢106室,72,C,14,149,1499,1,0,0,1,0,0,0,0,0,0,0,0,0,周明航,MOCK_PERSON_0645,周明航,MOCK_PERSON_0645,MOCK_ORG_JS_SZ_06,MOCK_ORG_JS_SZ,MOCK_ORG_JS_SZ_06,MOCK_ORG_JS_SZ,0,0,0,1,1,0,,,20230321,20230323,,0,0.00000000,0,0,1,1,0,0,0,0,0,20230315,1,1,2054762.00000000,4,0,1,0,0,0,0,1769000.06000000,1769000.06000000,1769000.06000000,1769000.06000000,0,0,0,0,0,0,0,0,0.00000000,0.00000000,0.00000000,0.00000000,0.00000000,0.00000000,0.00000000,0.00000000,0.00000000,20260917,2088000.00000000,563760.00000000,0.00000000,0.00000000,0,0,0,0,0,0,0,0,0,0,0,0,0,0,0,,0.00000000,,,0,0,0,0,0,0,,0,0,0,0,0,0,0,0,,,1,0,12,0,0.00000000,0.00000000,0.00000000,,72,0,1,1,正常,0,20260917
MOCK_TAG_0646,MOCK_CUST_0646,MOCK_ECIF_0646,上海朔衡商贸和有限公司,91310115700006462N,20210203,存续,日用百货、五金及电子产品批发,3700000.00000000,CNY,1480000.00000000,CNY,私人控股,私营有限责任公司,小型,310000,310100,310115,上海市浦东新区金海路726号7幢107室,36,F,51,513,5135,1,0,0,1,0,0,0,0,0,0,0,0,0,吴明航,MOCK_PERSON_0646,吴明航,MOCK_PERSON_0646,MOCK_ORG_SH_PD_07,MOCK_ORG_SH_PD,MOCK_ORG_SH_PD_07,MOCK_ORG_SH_PD,1,0,0,1,0,0,20260126,,20240507,,,264,1997327.96000000,33,1,1,0,0,0,0,0,0,20240429,1,1,1533180.00000000,3,0,1,0,0,0,0,1850000.40000000,1866973.79000000,1661641.00000000,1661641.00000000,1,0,0,0,0,0,0,0,1498500.00000000,696802.50000000,696802.50000000,801697.50000000,696802.50000000,713775.89000000,696802.50000000,0.00000000,0.00000000,20260917,1979500.00000000,754522.50000000,1498500.00000000,696802.50000000,0,0,0,0,0,0,0,0,0,0,0,0,0,0,0,,0.00000000,,,0,0,0,0,0,0,,0,0,0,0,0,0,0,0,,,1,0,12,8,245025.33000000,0.75700935,7565.63621212,20260905,36,0,1,0,正常,0,20260917
MOCK_TAG_0647,MOCK_CUST_0647,MOCK_ECIF_0647,杭州朔昕医疗科技和有限公司,91330108700006470M,20210515,存续,医疗器械研发、技术咨询及销售,3500000.00000000,CNY,2205000.00000000,CNY,私人控股,私营有限责任公司,小型,330000,330100,330108,杭州市滨江区江陵路727号8幢108室,50,C,35,358,3589,1,1,0,1,0,0,0,0,0,0,0,0,0,郑明航,MOCK_PERSON_0647,陈安博,MOCK_PERSON_0121,MOCK_ORG_ZJ_HZ_08,MOCK_ORG_ZJ_HZ,MOCK_ORG_ZJ_HZ_08,MOCK_ORG_ZJ_HZ,0,1,0,1,1,0,,20231020,20231017,20231019,,0,0.00000000,0,0,1,1,0,0,0,0,0,20231009,1,1,2016480.00000000,4,0,1,0,0,0,0,2146201.78000000,859413.60000000,823623.56000000,735000.61000000,0,0,0,0,0,0,0,0,0.00000000,0.00000000,0.00000000,0.00000000,0.00000000,0.00000000,0.00000000,0.00000000,0.00000000,20260917,385000.00000000,157850.00000000,0.00000000,0.00000000,0,0,0,0,0,0,0,0,0,0,0,1,0,0,0,,0.00000000,,,0,0,0,0,0,0,0–19,0,0,0,0,0,0,0,0,MOCK_GROUP_28,产业集团28,1,0,12,0,0.00000000,0.00000000,0.00000000,,50,0,1,1,正常,0,20260917
MOCK_TAG_0648,MOCK_CUST_0648,MOCK_ECIF_0648,杭州朔途精密制造和有限公司,91330108700006489J,20160118,存续,工业零部件、自动化设备的研发与制造,1700000.00000000,CNY,1343000.00000000,CNY,私人控股,私营有限责任公司,小型,330000,330100,330108,杭州市滨江区江陵路728号1幢109室,68,C,34,348,3484,1,0,0,1,0,0,0,0,0,0,0,0,0,王明航,MOCK_PERSON_0648,王明航,MOCK_PERSON_0648,MOCK_ORG_ZJ_HZ_01,MOCK_ORG_ZJ_HZ,MOCK_ORG_ZJ_HZ_01,MOCK_ORG_ZJ_HZ,1,1,0,1,0,0,20260604,20250226,20250223,,,189,1670760.38000000,63,1,1,0,0,0,0,0,0,20250222,1,1,3086522.00000000,5,0,1,0,0,0,0,374000.80000000,460313.37000000,327894.46000000,327894.46000000,1,0,0,0,1,0,0,0,1570800.00000000,425058.48000000,425058.48000000,1145741.52000000,425058.48000000,460509.75000000,425058.48000000,0.00000000,0.00000000,20260917,1859800.00000000,575338.48000000,1570800.00000000,425058.48000000,0,0,0,0,0,0,0,0,0,0,0,0,0,0,0,C,425000.00000000,CNY,嘉禾产业投资01,0,0,0,0,0,0,,0,0,0,0,0,0,0,0,,,1,0,12,3,0.00000000,0.84460695,8840.00201058,20260820,68,0,1,0,正常,0,20260917
MOCK_TAG_0649,MOCK_CUST_0649,MOCK_ECIF_0649,上海翊川精密制造和有限公司,913101157000064979,20160223,存续,工业零部件、自动化设备的研发与制造,20600000.00000000,CNY,17304000.00000000,CNY,私人控股,私营有限责任公司,中型,310000,310100,310115,上海市浦东新区金海路729号2幢110室,307,C,34,348,3484,1,0,0,1,0,0,0,0,0,0,0,0,0,陈明航,MOCK_PERSON_0649,陈明航,MOCK_PERSON_0649,MOCK_ORG_SH_PD_02,MOCK_ORG_SH_PD,MOCK_ORG_SH_PD_02,MOCK_ORG_SH_PD,1,1,0,1,0,1,20260128,20230604,20230601,,20230605,2304,20440804.14000000,288,1,1,0,0,0,0,0,0,20230522,1,1,1808122.00000000,4,0,1,0,0,1,0,412000.37000000,1525313.11000000,1205045.06000000,1205045.06000000,1,0,0,0,0,0,0,0,6756800.00000000,0.00000000,0.00000000,6756800.00000000,0.00000000,1113312.74000000,0.00000000,0.00000000,0.00000000,20260917,14172800.00000000,2818080.00000000,6756800.00000000,0.00000000,0,0,0,0,0,0,0,0,0,0,0,0,0,0,0,,0.00000000,,,0,0,0,0,0,0,,0,0,0,0,0,0,0,0,,,1,0,12,8,2815200.87000000,0.47674419,8871.87679688,20260905,307,0,1,0,正常,0,20260917
MOCK_TAG_0650,MOCK_CUST_0650,MOCK_ECIF_0650,苏州翊原供应链和有限公司,9132057170000650XM,20120423,存续,仓储服务、国内货物运输代理,5700000.00000000,CNY,5130000.00000000,CNY,私人控股,私营有限责任公司,中型,320000,320500,320571,苏州市工业园区星湖街730号3幢111室,232,G,58,582,5821,1,0,0,1,0,0,0,0,0,0,0,0,0,杨明航,MOCK_PERSON_0650,杨明航,MOCK_PERSON_0650,MOCK_ORG_JS_SZ_03,MOCK_ORG_JS_SZ,MOCK_ORG_JS_SZ_03,MOCK_ORG_JS_SZ,0,0,0,0,1,0,,,,20241031,,0,0.00000000,0,0,0,1,0,0,0,0,0,20241028,1,1,1908168.00000000,5,0,1,0,0,1,0,7339321.23000000,4185015.24000000,3932148.00000000,3306000.55000000,0,0,0,0,0,0,0,0,0.00000000,0.00000000,0.00000000,0.00000000,0.00000000,0.00000000,0.00000000,0.00000000,0.00000000,20260917,1311000.00000000,721050.00000000,0.00000000,0.00000000,0,0,0,0,0,0,0,0,0,0,0,0,0,0,0,B,2679000.00000000,CNY,嘉禾产业投资03,0,0,0,0,0,0,,0,0,0,0,0,0,0,0,,,1,0,12,0,0.00000000,0.00000000,0.00000000,,232,0,0,1,正常,0,20260917
MOCK_TAG_0651,MOCK_CUST_0651,MOCK_ECIF_0651,上海翊辰食品和有限公司,91310114700006518B,20231003,存续,食品加工、预包装食品销售,38500000.00000000,CNY,14630000.00000000,CNY,私人控股,私营有限责任公司,中型,310000,310100,310114,上海市嘉定区嘉罗公路731号4幢112室,350,C,14,149,1499,1,0,0,1,0,0,0,0,0,0,0,0,0,黄明航,MOCK_PERSON_0651,钱明博,MOCK_PERSON_0002,MOCK_ORG_SH_JD_04,MOCK_ORG_SH_JD,MOCK_ORG_SH_JD_04,MOCK_ORG_SH_JD,1,0,0,1,1,0,20260403,,20250217,20250219,,1782,11563698.12000000,297,1,1,1,0,1,0,0,0,20250212,1,1,2037380.00000000,4,0,1,0,0,1,0,18480000.29000000,18480000.29000000,18480000.29000000,18480000.29000000,0,0,0,0,0,0,0,0,0.00000000,0.00000000,0.00000000,0.00000000,0.00000000,0.00000000,0.00000000,0.00000000,0.00000000,20260917,15400000.00000000,7546000.00000000,0.00000000,0.00000000,0,0,0,0,0,0,0,0,0,0,0,0,0,0,0,,0.00000000,,,0,0,0,0,0,0,,0,0,0,0,0,0,0,0,MOCK_GROUP_40,产业集团40,1,0,12,6,1988415.99000000,0.00000000,6489.16841751,20260915,350,0,1,1,正常,0,20260917
MOCK_TAG_0652,MOCK_CUST_0652,MOCK_ECIF_0652,杭州翊宁商贸和有限公司,91330108700006526Q,20240113,存续,日用百货、五金及电子产品批发,1800000.00000000,CNY,1350000.00000000,CNY,私人控股,私营有限责任公司,小型,330000,330100,330108,杭州市滨江区江陵路732号5幢113室,82,F,51,513,5135,1,0,0,1,0,0,0,0,0,0,0,0,0,徐明航,MOCK_PERSON_0652,黄明博,MOCK_PERSON_0011,MOCK_ORG_ZJ_HZ_05,MOCK_ORG_ZJ_HZ,MOCK_ORG_ZJ_HZ_05,MOCK_ORG_ZJ_HZ,0,1,0,1,0,1,,20260824,20260821,,20260825,0,0.00000000,0,0,1,0,0,0,0,0,0,20260813,1,1,401092.00000000,1,0,1,0,0,0,0,54000.99000000,7477.06000000,5326.13000000,5326.13000000,0,0,0,0,0,0,0,0,0.00000000,0.00000000,0.00000000,0.00000000,0.00000000,0.00000000,0.00000000,0.00000000,0.00000000,20260917,1314000.00000000,249660.00000000,0.00000000,0.00000000,0,0,0,0,0,0,0,0,0,0,0,0,0,0,0,,0.00000000,,,0,0,0,0,0,0,,0,0,0,0,0,0,0,0,MOCK_GROUP_27,产业集团27,0,0,2,0,0.00000000,0.00000000,0.00000000,,82,0,1,0,正常,0,20260917
MOCK_TAG_0653,MOCK_CUST_0653,MOCK_ECIF_0653,杭州翊知食品和有限公司,91330108700006534K,20130116,存续,食品加工、预包装食品销售,1500000.00000000,CNY,1020000.00000000,CNY,私人控股,私营有限责任公司,小型,330000,330100,330108,杭州市滨江区江陵路733号6幢114室,24,C,14,149,1499,1,0,0,1,0,0,0,0,0,0,0,0,0,朱明航,MOCK_PERSON_0653,朱明航,MOCK_PERSON_0653,MOCK_ORG_ZJ_HZ_06,MOCK_ORG_ZJ_HZ,MOCK_ORG_ZJ_HZ_06,MOCK_ORG_ZJ_HZ,0,1,0,1,1,0,,20250811,20250808,20250810,,0,0.00000000,0,0,1,1,0,0,0,0,0,20250805,1,1,2181974.00000000,4,0,1,0,0,0,0,840000.45000000,840000.45000000,840000.45000000,840000.45000000,0,0,0,0,0,0,0,0,0.00000000,0.00000000,0.00000000,0.00000000,0.00000000,0.00000000,0.00000000,0.00000000,0.00000000,20260917,765000.00000000,267750.00000000,0.00000000,0.00000000,0,0,0,0,0,0,0,0,0,0,0,0,0,0,0,,0.00000000,,,0,0,0,0,0,0,,0,0,0,0,0,0,0,0,,,1,0,12,0,0.00000000,0.00000000,0.00000000,,24,0,1,1,正常,0,20260917
MOCK_TAG_0654,MOCK_CUST_0654,MOCK_ECIF_0654,上海翊禾食品和有限公司,91310115700006542A,20191205,存续,食品加工、预包装食品销售,4000000.00000000,CNY,2560000.00000000,CNY,私人控股,私营有限责任公司,小型,310000,310100,310115,上海市浦东新区金海路734号7幢115室,85,C,14,149,1499,1,0,0,1,0,0,0,0,0,0,0,0,0,胡明航,MOCK_PERSON_0654,胡明航,MOCK_PERSON_0654,MOCK_ORG_SH_PD_07,MOCK_ORG_SH_PD,MOCK_ORG_SH_PD_07,MOCK_ORG_SH_PD,0,0,0,0,1,0,,,,20230529,,0,0.00000000,0,0,0,1,0,0,0,0,0,20230522,1,1,1675914.00000000,4,0,1,0,0,0,0,1440000.61000000,1440000.61000000,1440000.61000000,1440000.61000000,0,0,0,0,0,0,0,0,0.00000000,0.00000000,0.00000000,0.00000000,0.00000000,0.00000000,0.00000000,0.00000000,0.00000000,20260917,280000.00000000,109200.00000000,0.00000000,0.00000000,0,0,0,0,0,0,0,0,0,0,0,0,0,0,0,,0.00000000,,,0,0,0,0,0,0,,0,0,0,0,0,0,0,0,,,1,0,12,0,0.00000000,0.00000000,0.00000000,,85,0,0,1,正常,0,20260917
MOCK_TAG_0655,MOCK_CUST_0655,MOCK_ECIF_0655,上海翊润食品和有限公司,91310112700006550R,20130409,存续,食品加工、预包装食品销售,2900000.00000000,CNY,1885000.00000000,CNY,私人控股,私营有限责任公司,小型,310000,310100,310112,上海市闵行区联航路735号8幢116室,41,C,14,149,1499,1,0,0,1,0,0,0,0,0,0,0,0,0,林明航,MOCK_PERSON_0655,林明航,MOCK_PERSON_0655,MOCK_ORG_SH_MH_08,MOCK_ORG_SH_MH,MOCK_ORG_SH_MH_08,MOCK_ORG_SH_MH,0,0,0,1,0,0,,,20250414,,,0,0.00000000,0,0,1,0,0,0,0,0,0,20250413,1,1,2025086.00000000,4,0,1,0,0,0,0,2740500.00000000,1214876.92000000,1157378.08000000,1015000.00000000,0,0,0,0,0,0,0,0,0.00000000,0.00000000,0.00000000,0.00000000,0.00000000,0.00000000,0.00000000,0.00000000,0.00000000,20260917,841000.00000000,513010.00000000,0.00000000,0.00000000,0,0,0,0,0,0,0,0,0,0,0,0,0,0,0,B,899000.00000000,CNY,嘉禾产业投资08,0,0,0,0,0,0,,0,0,0,0,0,0,0,0,,,1,0,12,0,0.00000000,0.00000000,0.00000000,,41,0,1,0,正常,0,20260917
MOCK_TAG_0656,MOCK_CUST_0656,MOCK_ECIF_0656,宁波翊森精密制造和有限公司,913302127000065694,20061226,存续,工业零部件、自动化设备的研发与制造,2400000.00000000,CNY,1944000.00000000,CNY,私人控股,私营有限责任公司,小型,330000,330200,330212,宁波市鄞州区首南东路736号1幢117室,62,C,34,348,3484,1,0,0,1,0,0,0,0,0,0,0,0,0,何明航,MOCK_PERSON_0656,何明航,MOCK_PERSON_0656,MOCK_ORG_ZJ_NB_01,MOCK_ORG_ZJ_NB,MOCK_ORG_ZJ_NB_01,MOCK_ORG_ZJ_NB,0,1,0,0,1,0,,20230607,,20230606,,0,0.00000000,0,0,0,1,0,0,0,0,0,20230531,1,1,1809640.00000000,4,0,1,0,0,0,0,816000.35000000,816000.35000000,816000.35000000,816000.35000000,0,0,0,0,0,0,0,0,0.00000000,0.00000000,0.00000000,0.00000000,0.00000000,0.00000000,0.00000000,0.00000000,0.00000000,20260917,984000.00000000,295200.00000000,0.00000000,0.00000000,0,0,0,0,0,0,0,0,0,0,0,0,0,0,0,,0.00000000,,,0,0,0,0,0,0,,0,0,0,0,0,0,0,0,,,1,0,12,0,0.00000000,0.00000000,0.00000000,,62,0,0,1,正常,0,20260917
MOCK_TAG_0657,MOCK_CUST_0657,MOCK_ECIF_0657,上海翊远供应链和有限公司,91310115700006577W,20160530,存续,仓储服务、国内货物运输代理,3700000.00000000,CNY,2997000.00000000,CNY,私人控股,私营有限责任公司,小型,310000,310100,310115,上海市浦东新区金海路737号2幢118室,38,G,58,582,5821,1,0,0,1,0,0,0,0,0,0,0,0,0,赵远航,MOCK_PERSON_0657,赵远航,MOCK_PERSON_0657,MOCK_ORG_SH_PD_02,MOCK_ORG_SH_PD,MOCK_ORG_SH_PD_02,MOCK_ORG_SH_PD,1,1,0,1,0,0,20260304,20230524,20230521,,,252,2056321.67000000,36,1,1,0,0,0,0,0,0,20230519,1,1,1638072.00000000,3,0,1,0,0,0,0,4405591.88000000,2447102.77000000,2413703.63000000,2331000.99000000,0,0,0,0,0,0,0,0,0.00000000,0.00000000,0.00000000,0.00000000,0.00000000,0.00000000,0.00000000,0.00000000,0.00000000,20260917,2479000.00000000,1710510.00000000,0.00000000,0.00000000,0,0,0,0,0,0,0,0,0,0,0,0,0,0,0,,0.00000000,,,0,0,0,0,0,0,,0,0,0,0,0,0,0,0,,,1,0,12,7,322560.03000000,0.00000000,8160.00662698,20260915,38,0,1,0,正常,0,20260917
MOCK_TAG_0658,MOCK_CUST_0658,MOCK_ECIF_0658,上海翊衡精密制造和有限公司,913101147000065859,20191031,存续,工业零部件、自动化设备的研发与制造,3900000.00000000,CNY,3315000.00000000,CNY,私人控股,私营有限责任公司,小型,310000,310100,310114,上海市嘉定区嘉罗公路738号3幢119室,8,C,34,348,3484,1,0,0,1,0,0,0,0,0,0,0,0,0,钱远航,MOCK_PERSON_0658,赵远博,MOCK_PERSON_0017,MOCK_ORG_SH_JD_03,MOCK_ORG_SH_JD,MOCK_ORG_SH_JD_03,MOCK_ORG_SH_JD,0,1,0,1,1,1,,20240511,20240508,20240510,20240512,0,0.00000000,0,0,1,1,0,0,0,0,0,20240507,1,1,1819404.00000000,4,0,1,0,0,0,0,2583362.18000000,980249.33000000,956301.11000000,897000.76000000,0,0,0,0,0,0,0,0,0.00000000,0.00000000,0.00000000,0.00000000,0.00000000,0.00000000,0.00000000,0.00000000,0.00000000,20260917,2886000.00000000,808080.00000000,0.00000000,0.00000000,0,0,0,0,0,0,0,0,0,0,0,0,0,0,0,,0.00000000,,,0,0,0,0,0,0,,0,0,0,0,0,0,0,0,MOCK_GROUP_44,产业集团44,1,0,12,0,0.00000000,0.00000000,0.00000000,,8,0,1,1,正常,0,20260917
MOCK_TAG_0659,MOCK_CUST_0659,MOCK_ECIF_0659,杭州翊昕商贸和有限公司,91330108700006593N,20071121,存续,日用百货、五金及电子产品批发,1900000.00000000,CNY,988000.00000000,CNY,私人控股,私营有限责任公司,小型,330000,330100,330108,杭州市滨江区江陵路739号4幢120室,48,F,51,513,5135,1,0,0,1,0,0,0,0,0,0,0,0,0,孙远航,MOCK_PERSON_0659,孙远航,MOCK_PERSON_0659,MOCK_ORG_ZJ_HZ_04,MOCK_ORG_ZJ_HZ,MOCK_ORG_ZJ_HZ_04,MOCK_ORG_ZJ_HZ,0,1,0,1,0,1,,20241030,20241027,,20241031,0,0.00000000,0,0,1,0,0,0,0,0,0,20241018,1,1,2321882.00000000,4,0,1,0,0,0,0,323000.68000000,352320.92000000,277276.73000000,277276.73000000,1,0,0,0,0,0,0,0,1649200.00000000,231547.68000000,231547.68000000,1417652.32000000,231547.68000000,260867.92000000,231547.68000000,0.00000000,0.00000000,20260917,2105200.00000000,450427.68000000,1649200.00000000,231547.68000000,0,0,0,0,0,0,0,0,0,0,0,0,0,0,0,,0.00000000,,,0,0,0,0,0,0,,0,0,0,0,0,0,0,0,,,1,0,12,0,0.00000000,0.78339350,0.00000000,,48,0,1,0,正常,0,20260917
MOCK_TAG_0660,MOCK_CUST_0660,MOCK_ECIF_0660,宁波翊途食品和有限公司,91330212700006606A,20170603,存续,食品加工、预包装食品销售,500000.00000000,CNY,190000.00000000,CNY,私人控股,私营有限责任公司,小型,330000,330200,330212,宁波市鄞州区首南东路740号5幢101室,30,C,14,149,1499,1,0,0,1,0,0,0,0,0,0,0,0,0,李远航,MOCK_PERSON_0660,李远航,MOCK_PERSON_0660,MOCK_ORG_ZJ_NB_05,MOCK_ORG_ZJ_NB,MOCK_ORG_ZJ_NB_05,MOCK_ORG_ZJ_NB,0,1,0,1,1,0,,20260824,20260821,20260823,,0,0.00000000,0,0,1,1,0,0,0,0,0,20260812,1,1,395078.00000000,1,0,1,0,0,0,0,300000.54000000,42692.38000000,30411.01000000,30411.01000000,0,0,0,0,0,0,0,0,0.00000000,0.00000000,0.00000000,0.00000000,0.00000000,0.00000000,0.00000000,0.00000000,0.00000000,20260917,175000.00000000,124250.00000000,0.00000000,0.00000000,0,0,0,0,0,0,0,0,0,0,0,0,0,0,0,,0.00000000,,,0,0,0,0,0,0,,0,0,0,0,0,0,0,0,,,0,0,2,0,0.00000000,0.00000000,0.00000000,,30,0,1,1,正常,0,20260917
MOCK_TAG_0661,MOCK_CUST_0661,MOCK_ECIF_0661,苏州璟川精密制造和有限公司,91320571700006614Y,20130823,存续,工业零部件、自动化设备的研发与制造,32500000.00000000,CNY,31200000.00000000,CNY,私人控股,私营有限责任公司,中型,320000,320500,320571,苏州市工业园区星湖街741号6幢102室,210,C,34,348,3484,1,0,0,1,0,0,0,0,0,0,0,0,0,周远航,MOCK_PERSON_0661,周远航,MOCK_PERSON_0661,MOCK_ORG_JS_SZ_06,MOCK_ORG_JS_SZ,MOCK_ORG_JS_SZ_06,MOCK_ORG_JS_SZ,1,1,0,1,0,0,20260403,20240119,20240116,,,966,8320481.93000000,161,1,1,0,0,1,0,0,0,20240114,1,1,2965964.00000000,5,0,1,0,0,1,0,2258751.25000000,1690813.44000000,1671881.06000000,1625000.90000000,0,0,0,0,0,0,0,0,0.00000000,0.00000000,0.00000000,0.00000000,0.00000000,0.00000000,0.00000000,0.00000000,0.00000000,20260917,21775000.00000000,13500500.00000000,0.00000000,0.00000000,0,0,0,0,0,0,0,0,0,0,0,0,0,0,0,,0.00000000,,,0,0,0,0,0,0,,0,0,0,0,0,0,0,0,,,1,0,12,6,1286390.15000000,0.00000000,8613.33533126,20260915,210,0,1,0,正常,0,20260917
MOCK_TAG_0662,MOCK_CUST_0662,MOCK_ECIF_0662,宁波璟原食品和有限公司,913302127000066220,20120414,存续,食品加工、预包装食品销售,4000000.00000000,CNY,3280000.00000000,CNY,私人控股,私营有限责任公司,小型,330000,330200,330212,宁波市鄞州区首南东路742号7幢103室,49,C,14,149,1499,1,0,0,1,0,0,0,0,0,0,0,0,0,吴远航,MOCK_PERSON_0662,吴远航,MOCK_PERSON_0662,MOCK_ORG_ZJ_NB_07,MOCK_ORG_ZJ_NB,MOCK_ORG_ZJ_NB_07,MOCK_ORG_ZJ_NB,0,1,0,1,0,0,,20220614,20220611,,,0,0.00000000,0,0,1,0,0,0,0,0,0,20220606,1,1,2595410.00000000,5,0,1,0,0,0,0,2520000.33000000,3242007.40000000,2858799.21000000,2858799.21000000,1,0,0,0,0,0,0,0,4636000.00000000,739905.60000000,739905.60000000,3896094.40000000,739905.60000000,1461912.67000000,739905.60000000,0.00000000,0.00000000,20260917,4716000.00000000,799105.60000000,4636000.00000000,739905.60000000,0,0,0,0,0,0,0,0,0,0,0,0,0,0,0,,0.00000000,,,0,0,0,0,0,0,,0,0,0,0,0,0,0,0,,,1,0,12,0,0.00000000,0.98303647,0.00000000,,49,0,1,0,正常,0,20260917
MOCK_TAG_0663,MOCK_CUST_0663,MOCK_ECIF_0663,杭州璟辰信息科技和有限公司,91330108700006630W,20191231,存续,软件开发、信息系统集成及技术咨询,1900000.00000000,CNY,1349000.00000000,CNY,私人控股,私营有限责任公司,小型,330000,330100,330108,杭州市滨江区江陵路743号8幢104室,71,I,65,651,6513,1,1,0,1,0,0,0,0,0,0,0,0,0,郑远航,MOCK_PERSON_0663,郑远航,MOCK_PERSON_0663,MOCK_ORG_ZJ_HZ_08,MOCK_ORG_ZJ_HZ,MOCK_ORG_ZJ_HZ_08,MOCK_ORG_ZJ_HZ,0,1,0,1,1,0,,20230621,20230618,20230620,,0,0.00000000,0,0,1,1,0,0,0,0,0,20230611,1,1,2567174.00000000,4,0,1,0,0,0,0,1237280.13000000,1226504.47000000,1131677.99000000,1089900.89000000,1,0,0,0,0,0,0,0,1664400.00000000,0.00000000,0.00000000,1664400.00000000,0.00000000,331855.75000000,0.00000000,0.00000000,0.00000000,20260917,2937400.00000000,560120.00000000,1664400.00000000,0.00000000,0,0,0,0,0,0,0,0,0,0,0,1,0,0,0,,0.00000000,,,0,0,0,0,0,0,0–19,0,0,0,0,0,0,0,0,,,1,0,12,0,0.00000000,0.56662354,0.00000000,,71,0,1,1,正常,0,20260917
MOCK_TAG_0664,MOCK_CUST_0664,MOCK_ECIF_0664,上海璟宁供应链和有限公司,913101147000066497,20090216,存续,仓储服务、国内货物运输代理,2900000.00000000,CNY,2871000.00000000,CNY,私人控股,私营有限责任公司,小型,310000,310100,310114,上海市嘉定区嘉罗公路744号1幢105室,75,G,58,582,5821,1,0,0,1,0,0,0,0,0,0,0,0,0,王远航,MOCK_PERSON_0664,王远航,MOCK_PERSON_0664,MOCK_ORG_SH_JD_01,MOCK_ORG_SH_JD,MOCK_ORG_SH_JD_01,MOCK_ORG_SH_JD,0,0,0,1,0,0,,,20260802,,,0,0.00000000,0,0,1,0,0,0,0,0,0,20260723,1,1,455528.00000000,1,1,1,0,0,0,0,0.00000000,26.59000000,18.94000000,18.94000000,0,0,0,0,0,0,0,0,0.00000000,0.00000000,0.00000000,0.00000000,0.00000000,0.00000000,0.00000000,0.00000000,0.00000000,20260917,1160000.00000000,487200.00000000,0.00000000,0.00000000,0,0,0,0,0,0,0,0,0,0,0,0,0,0,0,,0.00000000,,,0,0,0,0,0,0,,0,0,0,0,0,0,0,0,MOCK_GROUP_46,产业集团46,0,0,2,0,0.00000000,0.00000000,0.00000000,,75,0,1,0,正常,0,20260917
MOCK_TAG_0665,MOCK_CUST_0665,MOCK_ECIF_0665,上海璟知精密制造和有限公司,91310115700006657G,20161209,存续,工业零部件、自动化设备的研发与制造,41300000.00000000,CNY,28910000.00000000,CNY,私人控股,私营有限责任公司,中型,310000,310100,310115,上海市浦东新区金海路745号2幢106室,139,C,34,348,3484,1,0,0,1,0,0,0,0,0,0,0,0,0,陈远航,MOCK_PERSON_0665,陈远航,MOCK_PERSON_0665,MOCK_ORG_SH_PD_02,MOCK_ORG_SH_PD,MOCK_ORG_SH_PD_02,MOCK_ORG_SH_PD,1,1,0,1,1,1,20260509,20240814,20240811,20240813,20240815,388,3149591.33000000,97,1,1,1,0,0,0,0,0,20240802,1,1,2334376.00000000,4,0,1,0,0,1,0,2891000.00000000,2891000.00000000,2891000.00000000,2891000.00000000,0,0,0,0,0,0,0,0,0.00000000,0.00000000,0.00000000,0.00000000,0.00000000,0.00000000,0.00000000,0.00000000,0.00000000,20260917,2891000.00000000,838390.00000000,0.00000000,0.00000000,0,0,0,0,0,0,0,0,0,0,0,0,0,0,0,,0.00000000,,,0,0,0,0,0,0,,0,0,0,0,0,0,0,0,,,1,0,12,4,0.00000000,0.00000000,8117.50342784,20260820,139,0,1,1,正常,0,20260917
MOCK_TAG_0666,MOCK_CUST_0666,MOCK_ECIF_0666,苏州璟禾食品和有限公司,913205717000066657,20210317,存续,食品加工、预包装食品销售,11500000.00000000,CNY,5635000.00000000,CNY,私人控股,私营有限责任公司,中型,320000,320500,320571,苏州市工业园区星湖街746号3幢107室,177,C,14,149,1499,1,0,0,1,0,0,0,0,0,0,0,0,0,黄启博,MOCK_PERSON_0235,钱明博,MOCK_PERSON_0002,MOCK_ORG_JS_SZ_03,MOCK_ORG_JS_SZ,MOCK_ORG_JS_SZ_03,MOCK_ORG_JS_SZ,1,0,0,1,1,0,20260408,,20240601,20240603,,840,5743922.75000000,168,1,1,1,0,0,0,0,0,20240528,1,1,2502692.00000000,5,0,1,0,0,1,0,5347500.46000000,2359136.74000000,2176713.89000000,1725000.15000000,0,0,0,0,0,0,0,0,0.00000000,0.00000000,0.00000000,0.00000000,0.00000000,0.00000000,0.00000000,0.00000000,0.00000000,20260917,7705000.00000000,847550.00000000,0.00000000,0.00000000,0,0,0,0,0,0,0,0,0,0,0,0,0,0,0,,0.00000000,,,0,0,0,0,0,0,,0,0,0,0,0,0,0,0,MOCK_GROUP_40,产业集团40,1,0,12,5,0.00000000,0.00000000,6838.00327381,20260825,177,0,1,1,正常,0,20260917
MOCK_TAG_0667,MOCK_CUST_0667,MOCK_ECIF_0667,上海璟润精密制造和有限公司,91310114700006673P,20111208,存续,工业零部件、自动化设备的研发与制造,800000.00000000,CNY,472000.00000000,CNY,私人控股,私营有限责任公司,小型,310000,310100,310114,上海市嘉定区嘉罗公路747号4幢108室,9,C,34,348,3484,1,0,0,1,0,0,0,0,0,0,0,0,0,黄远航,MOCK_PERSON_0667,黄远航,MOCK_PERSON_0667,MOCK_ORG_SH_JD_04,MOCK_ORG_SH_JD,MOCK_ORG_SH_JD_04,MOCK_ORG_SH_JD,1,1,0,0,1,1,20260528,20230425,,20230424,20230426,32,295802.16000000,8,1,0,1,0,0,0,0,0,20230419,1,1,1815000.00000000,4,0,1,0,0,0,0,112000.78000000,227592.21000000,162120.48000000,162120.48000000,1,0,0,0,1,0,0,0,396000.00000000,148262.40000000,148262.40000000,247737.60000000,148262.40000000,227731.68000000,148262.40000000,0.00000000,0.00000000,20260917,796000.00000000,200262.40000000,396000.00000000,148262.40000000,0,0,0,0,0,0,0,0,0,0,0,0,0,0,0,,0.00000000,,,0,0,0,0,0,0,,0,0,0,0,0,0,0,0,,,1,0,12,4,75480.54000000,0.49748744,9243.81750000,20260910,9,0,0,1,正常,0,20260917
MOCK_TAG_0668,MOCK_CUST_0668,MOCK_ECIF_0668,上海璟森精密制造和有限公司,913101157000066811,20070212,存续,工业零部件、自动化设备的研发与制造,300000.00000000,CNY,114000.00000000,CNY,私人控股,私营有限责任公司,小型,310000,310100,310115,上海市浦东新区金海路748号5幢109室,60,C,34,348,3484,1,0,0,1,0,0,0,0,0,0,0,0,0,徐远航,MOCK_PERSON_0668,徐远航,MOCK_PERSON_0668,MOCK_ORG_SH_PD_05,MOCK_ORG_SH_PD,MOCK_ORG_SH_PD_05,MOCK_ORG_SH_PD,1,0,0,1,0,1,20260402,,20221009,,20221013,255,2167502.13000000,51,1,1,0,0,0,0,0,0,20221003,1,1,2031946.00000000,4,0,1,0,0,0,0,197640.89000000,168991.68000000,166980.59000000,162000.73000000,0,0,0,0,0,0,0,0,0.00000000,0.00000000,0.00000000,0.00000000,0.00000000,0.00000000,0.00000000,0.00000000,0.00000000,20260917,75000.00000000,19500.00000000,0.00000000,0.00000000,0,0,0,0,0,0,0,0,0,0,0,0,0,0,0,,0.00000000,,,0,0,0,0,0,0,,0,0,0,0,0,0,0,0,,,1,0,12,5,0.00000000,0.00000000,8500.00835294,20260820,60,0,1,0,正常,0,20260917
MOCK_TAG_0669,MOCK_CUST_0669,MOCK_ECIF_0669,上海璟远食品和有限公司,9131011470000669XA,20130505,存续,食品加工、预包装食品销售,700000.00000000,CNY,679000.00000000,CNY,私人控股,私营有限责任公司,小型,310000,310100,310114,上海市嘉定区嘉罗公路749号6幢110室,59,C,14,149,1499,1,0,0,1,0,0,0,0,0,0,0,0,0,朱远航,MOCK_PERSON_0669,朱远航,MOCK_PERSON_0669,MOCK_ORG_SH_JD_06,MOCK_ORG_SH_JD,MOCK_ORG_SH_JD_06,MOCK_ORG_SH_JD,1,0,0,1,1,0,20250919,,20250826,20250828,,672,4708345.86000000,56,1,1,1,0,0,0,0,0,20250817,1,1,2057108.00000000,4,0,1,0,0,0,0,217000.51000000,553595.11000000,394341.72000000,394341.72000000,1,0,0,0,0,0,0,0,1022000.00000000,416976.00000000,416976.00000000,605024.00000000,416976.00000000,554364.25000000,416976.00000000,0.00000000,0.00000000,20260917,1148000.00000000,464856.00000000,1022000.00000000,416976.00000000,0,0,0,0,0,0,0,0,0,0,0,0,0,0,0,,0.00000000,,,0,0,0,0,0,0,,0,0,0,0,0,0,0,0,,,1,0,12,12,334880.32000000,0.89024390,7006.46705357,20260905,59,0,1,1,正常,0,20260917
MOCK_TAG_0670,MOCK_CUST_0670,MOCK_ECIF_0670,上海璟衡商贸和有限公司,913101127000067026,20070220,存续,日用百货、五金及电子产品批发,700000.00000000,CNY,434000.00000000,CNY,私人控股,私营有限责任公司,小型,310000,310100,310112,上海市闵行区联航路750号7幢111室,50,F,51,513,5135,1,0,0,1,0,0,0,0,0,0,0,0,0,胡远航,MOCK_PERSON_0670,胡远航,MOCK_PERSON_0670,MOCK_ORG_SH_MH_07,MOCK_ORG_SH_MH,MOCK_ORG_SH_MH_07,MOCK_ORG_SH_MH,0,1,0,1,0,0,,20240124,20240121,,,0,0.00000000,0,0,1,0,0,0,0,0,0,20240119,1,1,2418822.00000000,4,0,1,0,0,0,0,543270.94000000,344221.77000000,252334.14000000,244189.00000000,1,0,0,0,0,0,0,0,1148000.00000000,248197.60000000,248197.60000000,899802.40000000,248197.60000000,307984.38000000,248197.60000000,0.00000000,0.00000000,20260917,1638000.00000000,311897.60000000,1148000.00000000,248197.60000000,0,0,0,0,0,0,0,0,0,0,0,0,0,0,0,,0.00000000,,,0,0,0,0,0,0,,0,0,0,0,0,0,0,0,,,1,0,12,0,0.00000000,0.70085470,0.00000000,,50,0,1,0,正常,0,20260917
MOCK_TAG_0671,MOCK_CUST_0671,MOCK_ECIF_0671,上海璟昕供应链和有限公司,913101127000067101,20170527,存续,仓储服务、国内货物运输代理,3400000.00000000,CNY,2890000.00000000,CNY,私人控股,私营有限责任公司,小型,310000,310100,310112,上海市闵行区联航路751号8幢112室,19,G,58,582,5821,1,0,0,1,0,0,0,0,0,0,0,0,0,林远航,MOCK_PERSON_0671,林远航,MOCK_PERSON_0671,MOCK_ORG_SH_MH_08,MOCK_ORG_SH_MH,MOCK_ORG_SH_MH_08,MOCK_ORG_SH_MH,0,0,0,1,1,0,,,20240910,20240912,,0,0.00000000,0,0,1,1,0,1,0,0,0,20240906,1,1,2362538.00000000,4,1,1,0,0,0,0,0.00000000,122.98000000,123.11000000,123.11000000,0,0,0,0,0,0,0,0,0.00000000,0.00000000,0.00000000,0.00000000,0.00000000,0.00000000,0.00000000,0.00000000,0.00000000,20260917,680000.00000000,224400.00000000,0.00000000,0.00000000,0,0,0,0,0,0,0,0,0,0,0,0,0,0,0,,0.00000000,,,0,0,0,0,0,0,,0,0,0,0,0,0,0,0,,,1,0,12,0,0.00000000,0.00000000,0.00000000,,19,0,1,1,正常,0,20260917
MOCK_TAG_0672,MOCK_CUST_0672,MOCK_ECIF_0672,杭州璟途精密制造和有限公司,91330108700006729D,20110427,存续,工业零部件、自动化设备的研发与制造,29200000.00000000,CNY,13140000.00000000,CNY,私人控股,私营有限责任公司,中型,330000,330100,330108,杭州市滨江区江陵路752号1幢113室,341,C,34,348,3484,1,0,0,1,0,0,0,0,0,0,0,0,0,何远航,MOCK_PERSON_0672,何远航,MOCK_PERSON_0672,MOCK_ORG_ZJ_HZ_01,MOCK_ORG_ZJ_HZ,MOCK_ORG_ZJ_HZ_01,MOCK_ORG_ZJ_HZ,1,0,0,1,1,0,20251102,,20250107,20250109,,3487,31822050.74000000,317,1,1,1,0,0,0,0,0,20241228,1,1,2451488.00000000,4,0,1,0,0,1,0,17228000.72000000,17228000.72000000,17228000.72000000,17228000.72000000,0,0,0,0,0,0,0,0,0.00000000,0.00000000,0.00000000,0.00000000,0.00000000,0.00000000,0.00000000,0.00000000,0.00000000,20260917,14892000.00000000,8488440.00000000,0.00000000,0.00000000,0,0,0,0,0,0,0,0,0,0,0,0,0,0,0,,0.00000000,,,0,0,0,0,0,0,,0,0,0,0,0,0,0,0,,,1,0,12,11,2425050.83000000,0.00000000,9125.91073702,20260910,341,0,1,1,正常,0,20260917
MOCK_TAG_0673,MOCK_CUST_0673,MOCK_ECIF_0673,苏州珩川医疗科技和有限公司,913205717000067370,20170805,存续,医疗器械研发、技术咨询及销售,2300000.00000000,CNY,1909000.00000000,CNY,私人控股,私营有限责任公司,小型,320000,320500,320571,苏州市工业园区星湖街753号2幢114室,69,C,35,358,3589,1,1,0,1,0,0,0,0,0,0,0,0,0,郑明颖,MOCK_PERSON_0327,吴文博,MOCK_PERSON_0070,MOCK_ORG_JS_SZ_02,MOCK_ORG_JS_SZ,MOCK_ORG_JS_SZ_02,MOCK_ORG_JS_SZ,1,0,0,1,0,0,20251115,,20221003,,,620,7246255.61000000,62,1,1,0,0,0,0,0,0,20220925,1,1,1671834.00000000,4,0,1,0,0,0,0,1867601.02000000,1015706.29000000,908277.01000000,808015.86000000,1,0,0,0,0,0,0,0,1223600.00000000,162738.80000000,162738.80000000,1060861.20000000,162738.80000000,232693.42000000,162738.80000000,0.00000000,0.00000000,20260917,2902600.00000000,381008.80000000,1223600.00000000,162738.80000000,0,0,0,0,0,0,0,0,1,0,0,1,0,0,0,,0.00000000,,,0,0,0,0,0,0,60–79,0,0,0,0,0,0,0,0,MOCK_GROUP_04,产业集团04,1,0,12,10,797940.20000000,0.42155309,11687.50904839,20260905,69,0,1,0,正常,0,20260917
MOCK_TAG_0674,MOCK_CUST_0674,MOCK_ECIF_0674,上海珩原医疗科技和有限公司,91310115700006745Y,20150912,存续,医疗器械研发、技术咨询及销售,5000000.00000000,CNY,4650000.00000000,CNY,私人控股,私营有限责任公司,小型,310000,310100,310115,上海市浦东新区金海路754号3幢115室,59,C,35,358,3589,1,1,0,1,0,0,0,0,0,0,0,0,0,钱思航,MOCK_PERSON_0674,钱思航,MOCK_PERSON_0674,MOCK_ORG_SH_PD_03,MOCK_ORG_SH_PD,MOCK_ORG_SH_PD_03,MOCK_ORG_SH_PD,0,1,0,1,1,0,,20250512,20250509,20250511,,0,0.00000000,0,0,1,1,0,0,0,0,0,20250502,1,1,2182794.00000000,4,0,1,0,0,0,0,2800000.07000000,2954898.01000000,2613696.35000000,2613696.35000000,1,0,0,0,0,0,0,0,1860000.00000000,1031184.00000000,1031184.00000000,828816.00000000,1031184.00000000,1186081.94000000,1031184.00000000,0.00000000,0.00000000,20260917,2710000.00000000,1269184.00000000,1860000.00000000,1031184.00000000,0,0,0,0,0,0,0,0,1,0,0,1,0,0,0,,0.00000000,,,0,0,0,0,0,0,60–79,0,0,0,0,0,0,0,0,,,1,0,12,0,0.00000000,0.68634686,0.00000000,,59,0,1,1,正常,0,20260917
MOCK_TAG_0675,MOCK_CUST_0675,MOCK_ECIF_0675,宁波珩辰供应链和有限公司,91330212700006753U,20150611,存续,仓储服务、国内货物运输代理,45800000.00000000,CNY,28396000.00000000,CNY,私人控股,私营有限责任公司,中型,330000,330200,330212,宁波市鄞州区首南东路755号4幢116室,146,G,58,582,5821,1,0,0,1,0,0,0,0,0,0,0,0,0,孙思航,MOCK_PERSON_0675,孙思航,MOCK_PERSON_0675,MOCK_ORG_ZJ_NB_04,MOCK_ORG_ZJ_NB,MOCK_ORG_ZJ_NB_04,MOCK_ORG_ZJ_NB,1,1,0,0,0,0,20260208,20221215,,,,826,6740163.61000000,118,1,0,0,0,0,0,0,0,20221202,1,1,3346286.00000000,5,0,1,0,0,1,0,7328000.18000000,15503515.79000000,11043600.29000000,11043600.29000000,1,0,0,0,0,0,0,0,70532000.00000000,16575020.00000000,16575020.00000000,53956980.00000000,16575020.00000000,15539081.25000000,16575020.00000000,0.00000000,0.00000000,20260917,73280000.00000000,17894060.00000000,70532000.00000000,16575020.00000000,0,0,0,0,0,0,0,0,0,0,0,0,0,0,0,,0.00000000,,,0,0,0,0,0,0,,0,0,0,0,0,0,0,0,,,1,0,12,7,0.00000000,0.96250000,8160.00437046,20260820,146,0,0,0,正常,0,20260917
MOCK_TAG_0676,MOCK_CUST_0676,MOCK_ECIF_0676,上海珩宁医疗科技和有限公司,913101127000067619,20160128,存续,医疗器械研发、技术咨询及销售,3400000.00000000,CNY,2108000.00000000,CNY,私人控股,私营有限责任公司,小型,310000,310100,310112,上海市闵行区联航路756号5幢117室,61,C,35,358,3589,1,1,0,1,0,0,0,0,0,0,0,0,0,李思航,MOCK_PERSON_0676,李思航,MOCK_PERSON_0676,MOCK_ORG_SH_MH_05,MOCK_ORG_SH_MH,MOCK_ORG_SH_MH_05,MOCK_ORG_SH_MH,1,1,0,1,0,0,20260501,20241006,20241003,,,205,2385792.58000000,41,1,1,0,0,0,0,0,0,20240925,1,1,1614980.00000000,3,0,1,0,0,0,0,612000.53000000,928404.53000000,837384.20000000,837384.20000000,1,0,0,0,0,0,0,0,2244000.00000000,0.00000000,0.00000000,2244000.00000000,0.00000000,316404.00000000,0.00000000,0.00000000,0.00000000,20260917,3502000.00000000,226440.00000000,2244000.00000000,0.00000000,0,0,0,0,0,0,0,0,0,0,0,1,0,0,0,B,1258000.00000000,CNY,嘉禾产业投资05,0,0,0,0,0,0,20–39,0,0,0,0,0,0,0,0,,,1,0,12,5,428450.57000000,0.64077670,11638.01258537,20260910,61,0,1,0,正常,0,20260917
MOCK_TAG_0677,MOCK_CUST_0677,MOCK_ECIF_0677,上海珩知精密制造和有限公司,9131011270000677X1,20051126,存续,工业零部件、自动化设备的研发与制造,700000.00000000,CNY,476000.00000000,CNY,私人控股,私营有限责任公司,小型,310000,310100,310112,上海市闵行区联航路757号6幢118室,88,C,34,348,3484,1,0,0,1,0,0,0,0,0,0,0,0,0,周思航,MOCK_PERSON_0677,周思航,MOCK_PERSON_0677,MOCK_ORG_SH_MH_06,MOCK_ORG_SH_MH,MOCK_ORG_SH_MH_06,MOCK_ORG_SH_MH,1,1,0,1,1,0,20251229,20230421,20230418,20230420,,621,5809287.94000000,69,1,1,1,0,0,0,0,0,20230415,1,1,2728192.00000000,4,0,1,0,0,0,0,238000.17000000,238000.17000000,238000.17000000,238000.17000000,0,0,0,0,0,0,0,0,0.00000000,0.00000000,0.00000000,0.00000000,0.00000000,0.00000000,0.00000000,0.00000000,0.00000000,20260917,245000.00000000,53900.00000000,0.00000000,0.00000000,0,0,0,0,0,0,0,0,0,0,0,0,0,0,0,,0.00000000,,,0,0,0,0,0,0,,0,0,0,0,0,0,0,0,,,1,0,12,9,521985.32000000,0.00000000,9354.73098229,20260915,88,0,1,1,正常,0,20260917
MOCK_TAG_0678,MOCK_CUST_0678,MOCK_ECIF_0678,苏州珩禾医疗科技和有限公司,913205717000067888,20160922,存续,医疗器械研发、技术咨询及销售,800000.00000000,CNY,352000.00000000,CNY,私人控股,私营有限责任公司,小型,320000,320500,320571,苏州市工业园区星湖街758号7幢119室,59,C,35,358,3589,1,1,0,1,0,0,0,0,0,0,0,0,0,吴思航,MOCK_PERSON_0678,吴思航,MOCK_PERSON_0678,MOCK_ORG_JS_SZ_07,MOCK_ORG_JS_SZ,MOCK_ORG_JS_SZ_07,MOCK_ORG_JS_SZ,1,1,0,0,0,0,20251109,20220818,,,,430,5042183.06000000,43,1,0,0,0,0,0,0,0,20220807,1,1,2021362.00000000,4,0,1,0,0,0,0,88000.39000000,238091.53000000,169599.45000000,169599.45000000,1,0,0,0,0,0,0,0,392000.00000000,169187.20000000,169187.20000000,222812.80000000,169187.20000000,238403.79000000,169187.20000000,0.00000000,0.00000000,20260917,416000.00000000,173987.20000000,392000.00000000,169187.20000000,0,0,0,0,0,0,0,0,0,0,0,1,0,0,0,,0.00000000,,,0,0,0,0,0,0,20–39,0,0,0,0,0,0,0,0,,,1,0,12,10,0.00000000,0.94230769,11726.00711628,20260820,59,0,0,0,正常,0,20260917
MOCK_TAG_0679,MOCK_CUST_0679,MOCK_ECIF_0679,苏州珩润商贸和有限公司,913205717000067963,20140218,存续,日用百货、五金及电子产品批发,2900000.00000000,CNY,2233000.00000000,CNY,私人控股,私营有限责任公司,小型,320000,320500,320571,苏州市工业园区星湖街759号8幢120室,43,F,51,513,5135,1,0,0,1,0,0,0,0,0,0,0,0,0,郑思航,MOCK_PERSON_0679,郑思航,MOCK_PERSON_0679,MOCK_ORG_JS_SZ_08,MOCK_ORG_JS_SZ,MOCK_ORG_JS_SZ_08,MOCK_ORG_JS_SZ,1,1,0,1,1,1,20260501,20241213,20241210,20241212,20241214,145,1007027.97000000,29,1,1,1,0,0,0,0,0,20241204,1,1,2163046.00000000,4,0,1,0,0,0,0,116000.63000000,837112.71000000,629669.51000000,629669.51000000,1,0,0,0,0,0,0,0,3810600.00000000,0.00000000,0.00000000,3810600.00000000,0.00000000,721112.08000000,0.00000000,0.00000000,0.00000000,20260917,4941600.00000000,701220.00000000,3810600.00000000,0.00000000,0,0,0,0,0,0,0,0,0,0,0,0,0,0,0,,0.00000000,,,0,0,0,0,0,0,,0,0,0,0,0,0,0,0,,,1,0,12,5,200100.95000000,0.77112676,6945.02048276,20260910,43,0,1,1,正常,0,20260917
MOCK_TAG_0680,MOCK_CUST_0680,MOCK_ECIF_0680,上海珩森商贸和有限公司,91310115700006809W,20110619,存续,日用百货、五金及电子产品批发,1800000.00000000,CNY,1800000.00000000,CNY,私人控股,私营有限责任公司,小型,310000,310100,310115,上海市浦东新区金海路760号1幢101室,33,F,51,513,5135,1,0,0,1,0,0,0,0,0,0,0,0,0,王思航,MOCK_PERSON_0680,王思航,MOCK_PERSON_0680,MOCK_ORG_SH_PD_01,MOCK_ORG_SH_PD,MOCK_ORG_SH_PD_01,MOCK_ORG_SH_PD,0,0,0,1,0,1,,,20260705,,20260709,0,0.00000000,0,0,1,0,0,0,0,0,0,20260625,1,1,346830.00000000,1,1,1,0,0,0,0,0.00000000,39.88000000,28.41000000,28.41000000,0,0,0,0,0,0,0,0,0.00000000,0.00000000,0.00000000,0.00000000,0.00000000,0.00000000,0.00000000,0.00000000,0.00000000,20260917,846000.00000000,270720.00000000,0.00000000,0.00000000,0,0,0,0,0,0,0,0,0,0,0,0,0,0,0,,0.00000000,,,0,0,0,0,0,0,,0,0,0,0,0,0,0,0,,,0,0,3,0,0.00000000,0.00000000,0.00000000,,33,0,1,0,正常,0,20260917
MOCK_TAG_0681,MOCK_CUST_0681,MOCK_ECIF_0681,上海珩远供应链和有限公司,91310115700006817P,20150102,存续,仓储服务、国内货物运输代理,800000.00000000,CNY,456000.00000000,CNY,私人控股,私营有限责任公司,小型,310000,310100,310115,上海市浦东新区金海路761号2幢102室,48,G,58,582,5821,1,0,0,1,0,0,0,0,0,0,0,0,0,陈思航,MOCK_PERSON_0681,陈思航,MOCK_PERSON_0681,MOCK_ORG_SH_PD_02,MOCK_ORG_SH_PD,MOCK_ORG_SH_PD_02,MOCK_ORG_SH_PD,0,0,0,1,1,0,,,20241014,20241016,,0,0.00000000,0,0,1,1,0,1,0,0,0,20241012,1,1,2186742.00000000,4,0,1,0,0,0,0,1543441.67000000,746724.11000000,621800.12000000,520610.96000000,1,0,0,0,0,0,0,0,728000.00000000,205296.00000000,205296.00000000,522704.00000000,205296.00000000,337965.60000000,205296.00000000,0.00000000,0.00000000,20260917,768000.00000000,221696.00000000,728000.00000000,205296.00000000,0,0,0,0,0,0,0,0,0,0,0,0,0,0,0,,0.00000000,,,0,0,0,0,0,0,,0,0,0,0,0,0,0,0,,,1,0,12,0,0.00000000,0.94791667,0.00000000,,48,0,1,1,正常,0,20260917
MOCK_TAG_0682,MOCK_CUST_0682,MOCK_ECIF_0682,宁波珩衡信息科技和有限公司,91330212700006825L,20160325,存续,软件开发、信息系统集成及技术咨询,4900000.00000000,CNY,2254000.00000000,CNY,私人控股,私营有限责任公司,小型,330000,330200,330212,宁波市鄞州区首南东路762号3幢103室,45,I,65,651,6513,1,1,0,1,0,0,0,0,0,0,0,0,0,杨思航,MOCK_PERSON_0682,杨思航,MOCK_PERSON_0682,MOCK_ORG_ZJ_NB_03,MOCK_ORG_ZJ_NB,MOCK_ORG_ZJ_NB_03,MOCK_ORG_ZJ_NB,1,1,0,1,1,0,20251105,20220917,20220914,20220916,,495,6780943.70000000,45,1,1,1,0,0,0,0,0,20220905,1,1,1708940.00000000,3,0,1,0,0,0,0,1878662.08000000,1053719.78000000,1004321.22000000,882000.98000000,0,0,0,0,0,0,0,0,0.00000000,0.00000000,0.00000000,0.00000000,0.00000000,0.00000000,0.00000000,0.00000000,0.00000000,20260917,2009000.00000000,1104950.00000000,0.00000000,0.00000000,0,0,0,0,0,0,0,0,1,0,0,1,0,0,0,,0.00000000,,,0,0,0,0,0,0,40–59,0,0,0,0,0,0,0,0,,,1,0,12,11,613125.26000000,0.00000000,13698.87616162,20260915,45,0,1,1,正常,0,20260917
MOCK_TAG_0683,MOCK_CUST_0683,MOCK_ECIF_0683,上海珩昕精密制造和有限公司,91310115700006833D,20171104,存续,工业零部件、自动化设备的研发与制造,3500000.00000000,CNY,3465000.00000000,CNY,私人控股,私营有限责任公司,小型,310000,310100,310115,上海市浦东新区金海路763号4幢104室,61,C,34,348,3484,1,0,0,1,0,0,0,0,0,0,0,0,0,黄思航,MOCK_PERSON_0683,黄思航,MOCK_PERSON_0683,MOCK_ORG_SH_PD_04,MOCK_ORG_SH_PD,MOCK_ORG_SH_PD_04,MOCK_ORG_SH_PD,1,1,0,1,1,1,20251225,20240323,20240320,20240322,20240324,405,3746591.84000000,45,1,1,1,0,0,0,0,0,20240318,1,1,2095574.00000000,4,0,1,0,0,0,0,2961001.13000000,1647409.88000000,1424543.43000000,1292988.45000000,1,0,0,0,1,0,0,0,1722000.00000000,772317.00000000,772317.00000000,949683.00000000,772317.00000000,590043.30000000,772317.00000000,0.00000000,0.00000000,20260917,3857000.00000000,2224117.00000000,1722000.00000000,772317.00000000,0,0,0,0,0,0,0,0,0,0,0,0,0,0,0,,0.00000000,,,0,0,0,0,0,0,,0,0,0,0,0,0,0,0,,,1,0,12,9,428400.15000000,0.44646098,9250.84404938,20260905,61,0,1,1,正常,0,20260917
MOCK_TAG_0684,MOCK_CUST_0684,MOCK_ECIF_0684,苏州珩途供应链和有限公司,913205717000068414,20200425,存续,仓储服务、国内货物运输代理,2900000.00000000,CNY,1392000.00000000,CNY,私人控股,私营有限责任公司,小型,320000,320500,320571,苏州市工业园区星湖街764号5幢105室,34,G,58,582,5821,1,0,0,1,0,0,0,0,0,0,0,0,0,徐思航,MOCK_PERSON_0684,徐思航,MOCK_PERSON_0684,MOCK_ORG_JS_SZ_05,MOCK_ORG_JS_SZ,MOCK_ORG_JS_SZ_05,MOCK_ORG_JS_SZ,1,1,0,1,1,0,20260426,20230822,20230819,20230821,,160,1349121.51000000,32,1,1,1,0,0,0,0,0,20230812,1,1,1949284.00000000,4,0,1,0,0,0,0,696000.70000000,696000.70000000,696000.70000000,696000.70000000,0,0,0,0,0,0,0,0,0.00000000,0.00000000,0.00000000,0.00000000,0.00000000,0.00000000,0.00000000,0.00000000,0.00000000,20260917,1827000.00000000,365400.00000000,0.00000000,0.00000000,0,0,0,0,0,0,0,0,0,0,0,0,0,0,0,,0.00000000,,,0,0,0,0,0,0,,0,0,0,0,0,0,0,0,,,1,0,12,5,258560.17000000,0.00000000,8432.00943750,20260915,34,0,1,1,正常,0,20260917
MOCK_TAG_0685,MOCK_CUST_0685,MOCK_ECIF_0685,宁波颂川精密制造和有限公司,9133021270000685X2,20140802,存续,工业零部件、自动化设备的研发与制造,33800000.00000000,CNY,15548000.00000000,CNY,私人控股,私营有限责任公司,中型,330000,330200,330212,宁波市鄞州区首南东路765号6幢106室,209,C,34,348,3484,1,0,0,1,0,0,0,0,0,0,0,0,0,朱思航,MOCK_PERSON_0685,王启博,MOCK_PERSON_0232,MOCK_ORG_ZJ_NB_06,MOCK_ORG_ZJ_NB,MOCK_ORG_ZJ_NB_06,MOCK_ORG_ZJ_NB,0,0,0,1,1,0,,,20240626,20240628,,0,0.00000000,0,0,1,1,0,0,0,0,0,20240616,1,1,2354992.00000000,4,0,1,0,0,1,0,38258221.48000000,14902111.09000000,13823887.47000000,12806581.51000000,1,0,0,0,0,0,0,0,21902400.00000000,0.00000000,0.00000000,21902400.00000000,0.00000000,2319969.60000000,0.00000000,0.00000000,0.00000000,20260917,48604400.00000000,4272320.00000000,21902400.00000000,0.00000000,0,0,0,0,0,0,0,0,0,0,0,0,0,0,0,,0.00000000,,,0,0,0,0,0,0,,0,0,0,0,0,0,0,0,MOCK_GROUP_11,产业集团11,1,0,12,0,0.00000000,0.45062587,0.00000000,,209,0,1,1,正常,0,20260917
MOCK_TAG_0686,MOCK_CUST_0686,MOCK_ECIF_0686,上海颂原信息科技和有限公司,91310114700006868H,20090713,存续,软件开发、信息系统集成及技术咨询,900000.00000000,CNY,306000.00000000,CNY,私人控股,私营有限责任公司,小型,310000,310100,310114,上海市嘉定区嘉罗公路766号7幢107室,48,I,65,651,6513,1,1,0,1,0,0,0,0,0,0,0,0,0,胡思航,MOCK_PERSON_0686,胡思航,MOCK_PERSON_0686,MOCK_ORG_SH_JD_07,MOCK_ORG_SH_JD,MOCK_ORG_SH_JD_07,MOCK_ORG_SH_JD,0,1,0,1,1,0,,20260803,20260731,20260802,,0,0.00000000,0,0,1,1,0,0,0,0,0,20260724,1,1,707766.00000000,1,0,1,0,0,0,0,369000.59000000,79477.05000000,56613.79000000,56613.79000000,0,0,0,0,0,0,0,0,0.00000000,0.00000000,0.00000000,0.00000000,0.00000000,0.00000000,0.00000000,0.00000000,0.00000000,20260917,135000.00000000,36450.00000000,0.00000000,0.00000000,0,0,0,0,0,0,0,0,1,0,0,1,0,0,0,,0.00000000,,,0,0,0,0,0,0,40–59,0,0,0,0,0,0,0,0,MOCK_GROUP_39,产业集团39,0,0,2,0,0.00000000,0.00000000,0.00000000,,48,0,1,1,正常,0,20260917
MOCK_TAG_0687,MOCK_CUST_0687,MOCK_ECIF_0687,宁波颂辰食品和有限公司,91330212700006876W,20190722,存续,食品加工、预包装食品销售,11100000.00000000,CNY,9879000.00000000,CNY,私人控股,私营有限责任公司,中型,330000,330200,330212,宁波市鄞州区首南东路767号8幢108室,463,C,14,149,1499,1,0,0,1,0,0,0,0,0,0,0,0,0,林思航,MOCK_PERSON_0687,林思航,MOCK_PERSON_0687,MOCK_ORG_ZJ_NB_08,MOCK_ORG_ZJ_NB,MOCK_ORG_ZJ_NB_08,MOCK_ORG_ZJ_NB,0,1,0,1,1,0,,20231206,20231203,20231205,,0,0.00000000,0,0,1,1,0,0,0,0,0,20231202,1,1,2378462.00000000,5,0,1,0,0,1,0,777000.91000000,6882785.54000000,4902806.14000000,4902806.14000000,1,0,0,0,0,0,0,0,15540000.00000000,6455316.00000000,6455316.00000000,9084684.00000000,6455316.00000000,6904625.22000000,6455316.00000000,0.00000000,0.00000000,20260917,20535000.00000000,7304466.00000000,15540000.00000000,6455316.00000000,0,0,0,0,0,0,0,0,0,0,0,0,0,0,0,,0.00000000,,,0,0,0,0,0,0,,0,0,0,0,0,0,0,0,MOCK_GROUP_18,产业集团18,1,0,12,0,0.00000000,0.75675676,0.00000000,,463,0,1,1,正常,0,20260917
MOCK_TAG_0688,MOCK_CUST_0688,MOCK_ECIF_0688,上海颂宁医疗科技和有限公司,91310112700006884A,20190824,存续,医疗器械研发、技术咨询及销售,59500000.00000000,CNY,42245000.00000000,CNY,私人控股,私营有限责任公司,大型,310000,310100,310112,上海市闵行区联航路768号1幢109室,1640,C,35,358,3589,1,1,0,1,0,0,0,0,0,0,0,0,0,陈瑞颖,MOCK_PERSON_0425,林文颖,MOCK_PERSON_0399,MOCK_ORG_SH_MH_01,MOCK_ORG_SH_MH,MOCK_ORG_SH_MH_01,MOCK_ORG_SH_MH,0,1,0,1,1,0,,20221011,20221008,20221010,,0,0.00000000,0,0,1,1,0,0,0,0,0,20221001,1,1,1585250.00000000,4,0,1,0,0,0,0,36890000.50000000,52719894.58000000,41744056.54000000,41744056.54000000,1,0,0,0,0,0,0,0,66759000.00000000,22324209.60000000,22324209.60000000,44434790.40000000,22324209.60000000,38154103.68000000,22324209.60000000,0.00000000,0.00000000,20260917,101269000.00000000,31296809.60000000,66759000.00000000,22324209.60000000,0,0,0,0,0,0,0,0,0,0,0,0,0,0,0,,0.00000000,,,0,0,0,0,0,0,60–79,0,0,0,0,0,0,0,0,MOCK_GROUP_47,产业集团47,1,0,12,0,0.00000000,0.65922444,0.00000000,,1640,0,1,1,正常,0,20260917
MOCK_TAG_0689,MOCK_CUST_0689,MOCK_ECIF_0689,杭州颂知商贸和有限公司,91330108700006892L,20090515,存续,日用百货、五金及电子产品批发,13500000.00000000,CNY,11340000.00000000,CNY,私人控股,私营有限责任公司,中型,330000,330100,330108,杭州市滨江区江陵路769号2幢110室,92,F,51,513,5135,1,0,0,1,0,0,0,0,0,0,0,0,0,赵宁航,MOCK_PERSON_0689,陈昕博,MOCK_PERSON_0089,MOCK_ORG_ZJ_HZ_02,MOCK_ORG_ZJ_HZ,MOCK_ORG_ZJ_HZ_02,MOCK_ORG_ZJ_HZ,0,0,0,1,0,1,,,20221007,,20221011,0,0.00000000,0,0,1,0,0,0,0,0,0,20220928,1,1,1930034.00000000,4,0,1,0,0,1,0,5940000.67000000,6275340.67000000,5942654.81000000,5942654.81000000,1,0,0,0,0,0,0,0,3726000.00000000,1356264.00000000,1356264.00000000,2369736.00000000,1356264.00000000,1691604.00000000,1356264.00000000,0.00000000,0.00000000,20260917,8046000.00000000,4207464.00000000,3726000.00000000,1356264.00000000,0,0,0,0,0,0,0,0,0,0,0,0,0,0,0,B,9990000.00000000,CNY,嘉禾产业投资06,0,0,0,0,0,0,,0,0,0,0,0,0,0,0,MOCK_GROUP_12,产业集团12,1,0,12,0,0.00000000,0.46308725,0.00000000,,92,0,1,0,正常,0,20260917
MOCK_TAG_0690,MOCK_CUST_0690,MOCK_ECIF_0690,上海颂禾医疗科技和有限公司,913101157000069056,20141121,存续,医疗器械研发、技术咨询及销售,2300000.00000000,CNY,874000.00000000,CNY,私人控股,私营有限责任公司,小型,310000,310100,310115,上海市浦东新区金海路770号3幢111室,38,C,35,358,3589,1,1,0,1,0,0,0,0,0,0,0,0,0,钱宁航,MOCK_PERSON_0690,钱宁航,MOCK_PERSON_0690,MOCK_ORG_SH_PD_03,MOCK_ORG_SH_PD,MOCK_ORG_SH_PD_03,MOCK_ORG_SH_PD,0,0,0,1,1,0,,,20240725,20240727,,0,0.00000000,0,0,1,1,0,0,0,0,0,20240720,1,1,2808548.00000000,5,0,1,0,0,0,0,322000.66000000,2021512.20000000,1583327.38000000,1583327.38000000,1,0,0,0,0,0,0,0,3684600.00000000,1072587.06000000,1072587.06000000,2612012.94000000,1072587.06000000,2024399.07000000,1072587.06000000,0.00000000,0.00000000,20260917,4351600.00000000,1185977.06000000,3684600.00000000,1072587.06000000,0,0,0,0,0,0,0,0,0,0,0,1,0,0,0,,0.00000000,,,0,0,0,0,0,0,60–79,0,0,0,0,0,0,0,0,,,1,0,12,0,0.00000000,0.84672304,0.00000000,,38,0,1,1,正常,0,20260917
MOCK_TAG_0691,MOCK_CUST_0691,MOCK_ECIF_0691,上海颂润医疗科技和有限公司,91310114700006913J,20210726,存续,医疗器械研发、技术咨询及销售,1500000.00000000,CNY,705000.00000000,CNY,私人控股,私营有限责任公司,小型,310000,310100,310114,上海市嘉定区嘉罗公路771号4幢112室,8,C,35,358,3589,1,1,0,1,0,0,0,0,0,0,0,0,0,孙宁航,MOCK_PERSON_0691,孙宁航,MOCK_PERSON_0691,MOCK_ORG_SH_JD_04,MOCK_ORG_SH_JD,MOCK_ORG_SH_JD_04,MOCK_ORG_SH_JD,1,1,0,1,1,0,20251120,20240912,20240909,20240911,,50,601980.39000000,5,1,1,1,0,1,0,0,0,20240831,1,1,2446752.00000000,4,0,1,0,0,0,0,1102950.71000000,912219.82000000,895759.48000000,855000.55000000,0,0,0,0,0,0,0,0,0.00000000,0.00000000,0.00000000,0.00000000,0.00000000,0.00000000,0.00000000,0.00000000,0.00000000,20260917,600000.00000000,372000.00000000,0.00000000,0.00000000,0,0,0,0,0,0,0,0,0,0,0,1,0,0,0,C,900000.00000000,CNY,嘉禾产业投资08,0,0,0,0,0,0,20–39,0,0,0,0,0,0,0,0,,,1,0,12,10,60500.28000000,0.00000000,12039.60780000,20260905,8,0,1,1,正常,0,20260917
MOCK_TAG_0692,MOCK_CUST_0692,MOCK_ECIF_0692,上海颂森商贸和有限公司,91310112700006921G,20191010,存续,日用百货、五金及电子产品批发,3400000.00000000,CNY,2176000.00000000,CNY,私人控股,私营有限责任公司,小型,310000,310100,310112,上海市闵行区联航路772号5幢113室,65,F,51,513,5135,1,0,0,1,0,0,0,0,0,0,0,0,0,李宁航,MOCK_PERSON_0692,朱昕博,MOCK_PERSON_0093,MOCK_ORG_SH_MH_05,MOCK_ORG_SH_MH,MOCK_ORG_SH_MH_05,MOCK_ORG_SH_MH,0,0,0,1,0,0,,,20221210,,,0,0.00000000,0,0,1,0,0,0,0,0,0,20221209,1,1,2424616.00000000,4,0,1,0,0,0,0,4108221.69000000,1898182.86000000,1772705.77000000,1462000.60000000,0,0,0,0,0,0,0,0,0.00000000,0.00000000,0.00000000,0.00000000,0.00000000,0.00000000,0.00000000,0.00000000,0.00000000,20260917,1020000.00000000,377400.00000000,0.00000000,0.00000000,0,0,0,0,0,0,0,0,0,0,0,0,0,0,0,,0.00000000,,,0,0,0,0,0,0,,0,0,0,0,0,0,0,0,MOCK_GROUP_60,产业集团60,1,0,12,0,0.00000000,0.00000000,0.00000000,,65,0,1,0,正常,0,20260917
MOCK_TAG_0693,MOCK_CUST_0693,MOCK_ECIF_0693,苏州颂远信息科技和有限公司,9132057170000693XF,20160828,存续,软件开发、信息系统集成及技术咨询,600000.00000000,CNY,576000.00000000,CNY,私人控股,私营有限责任公司,小型,320000,320500,320571,苏州市工业园区星湖街773号6幢114室,55,I,65,651,6513,1,1,0,1,0,0,0,0,0,0,0,0,0,周宁航,MOCK_PERSON_0693,周宁航,MOCK_PERSON_0693,MOCK_ORG_JS_SZ_06,MOCK_ORG_JS_SZ,MOCK_ORG_JS_SZ_06,MOCK_ORG_JS_SZ,0,1,0,1,0,0,,20250620,20250617,,,0,0.00000000,0,0,1,0,0,0,0,0,0,20250616,1,1,2653554.00000000,4,0,1,0,0,0,0,340561.43000000,214450.13000000,209718.14000000,198000.83000000,0,0,0,0,0,0,0,0,0.00000000,0.00000000,0.00000000,0.00000000,0.00000000,0.00000000,0.00000000,0.00000000,0.00000000,20260917,72000.00000000,7200.00000000,0.00000000,0.00000000,0,0,0,0,0,0,0,0,1,0,0,1,0,0,0,,0.00000000,,,0,0,0,0,0,0,60–79,0,0,0,0,0,0,0,0,,,1,0,12,0,0.00000000,0.00000000,0.00000000,,55,0,1,0,正常,0,20260917
MOCK_TAG_0694,MOCK_CUST_0694,MOCK_ECIF_0694,上海颂衡信息科技和有限公司,913101147000069485,20100827,存续,软件开发、信息系统集成及技术咨询,3200000.00000000,CNY,2144000.00000000,CNY,私人控股,私营有限责任公司,小型,310000,310100,310114,上海市嘉定区嘉罗公路774号7幢115室,28,I,65,651,6513,1,1,0,1,0,0,0,0,0,0,0,0,0,何瑞博,MOCK_PERSON_0112,郑明博,MOCK_PERSON_0007,MOCK_ORG_SH_JD_07,MOCK_ORG_SH_JD,MOCK_ORG_SH_JD_07,MOCK_ORG_SH_JD,0,1,0,1,1,0,,20250217,20250214,20250216,,0,0.00000000,0,0,1,1,0,0,0,0,0,20250204,1,1,1738634.00000000,3,0,1,0,0,0,0,1696000.29000000,1916147.49000000,1852817.47000000,1852817.47000000,1,0,0,0,0,0,0,0,1254400.00000000,0.00000000,0.00000000,1254400.00000000,0.00000000,220147.20000000,0.00000000,0.00000000,0.00000000,20260917,2118400.00000000,630720.00000000,1254400.00000000,0.00000000,0,0,0,0,0,0,0,0,1,0,0,1,0,0,0,,0.00000000,,,0,0,0,0,0,0,0–19,0,0,0,0,0,0,0,0,MOCK_GROUP_45,产业集团45,1,0,12,0,0.00000000,0.59214502,0.00000000,,28,0,1,1,正常,0,20260917
MOCK_TAG_0695,MOCK_CUST_0695,MOCK_ECIF_0695,上海颂昕供应链和有限公司,91310115700006956E,20090829,存续,仓储服务、国内货物运输代理,1700000.00000000,CNY,527000.00000000,CNY,私人控股,私营有限责任公司,小型,310000,310100,310115,上海市浦东新区金海路775号8幢116室,71,G,58,582,5821,1,0,0,1,0,0,0,0,0,0,0,0,0,郑宁航,MOCK_PERSON_0695,郑宁航,MOCK_PERSON_0695,MOCK_ORG_SH_PD_08,MOCK_ORG_SH_PD,MOCK_ORG_SH_PD_08,MOCK_ORG_SH_PD,0,0,0,1,1,0,,,20230522,20230524,,0,0.00000000,0,0,1,1,0,0,0,0,0,20230513,1,1,2473482.00000000,4,0,1,0,0,0,0,229500.59000000,124558.01000000,118068.79000000,102000.26000000,0,0,0,0,0,0,0,0,0.00000000,0.00000000,0.00000000,0.00000000,0.00000000,0.00000000,0.00000000,0.00000000,0.00000000,20260917,1020000.00000000,581400.00000000,0.00000000,0.00000000,0,0,0,0,0,0,0,0,0,0,0,0,0,0,0,,0.00000000,,,0,0,0,0,0,0,,0,0,0,0,0,0,0,0,,,1,0,12,0,0.00000000,0.00000000,0.00000000,,71,0,1,1,正常,0,20260917
MOCK_TAG_0696,MOCK_CUST_0696,MOCK_ECIF_0696,宁波颂途供应链和有限公司,91330212700006964B,20061026,存续,仓储服务、国内货物运输代理,600000.00000000,CNY,426000.00000000,CNY,私人控股,私营有限责任公司,小型,330000,330200,330212,宁波市鄞州区首南东路776号1幢117室,84,G,58,582,5821,1,0,0,1,0,0,0,0,0,0,0,0,0,王宁航,MOCK_PERSON_0696,王宁航,MOCK_PERSON_0696,MOCK_ORG_ZJ_NB_01,MOCK_ORG_ZJ_NB,MOCK_ORG_ZJ_NB_01,MOCK_ORG_ZJ_NB,1,0,0,1,0,0,20260401,,20220902,,,456,3964162.03000000,76,1,1,0,0,0,0,0,0,20220827,1,1,2628724.00000000,5,0,1,0,0,0,0,234000.53000000,339425.15000000,309097.52000000,309097.52000000,1,0,0,0,0,0,0,0,338400.00000000,0.00000000,0.00000000,338400.00000000,0.00000000,105424.62000000,0.00000000,0.00000000,0.00000000,20260917,530400.00000000,86400.00000000,338400.00000000,0.00000000,0,0,0,0,0,0,0,0,0,0,0,0,0,0,0,,0.00000000,,,0,0,0,0,0,0,,0,0,0,0,0,0,0,0,,,1,0,12,6,693120.32000000,0.63800905,8693.33778509,20260910,84,0,1,0,正常,0,20260917
MOCK_TAG_0697,MOCK_CUST_0697,MOCK_ECIF_0697,杭州澜川商贸和有限公司,913301087000069728,20100219,存续,日用百货、五金及电子产品批发,44600000.00000000,CNY,44154000.00000000,CNY,私人控股,私营有限责任公司,中型,330000,330100,330108,杭州市滨江区江陵路777号2幢118室,96,F,51,513,5135,1,0,0,1,0,0,0,0,0,0,0,0,0,胡正颖,MOCK_PERSON_0622,林嘉颖,MOCK_PERSON_0463,MOCK_ORG_ZJ_HZ_02,MOCK_ORG_ZJ_HZ,MOCK_ORG_ZJ_HZ_02,MOCK_ORG_ZJ_HZ,0,0,0,1,1,0,,,20250502,20250504,,0,0.00000000,0,0,1,1,0,0,0,0,0,20250430,1,1,1837276.00000000,4,0,1,0,0,1,0,9794160.85000000,8048379.47000000,8042517.08000000,8028000.70000000,0,0,0,0,0,0,0,0,0.00000000,0.00000000,0.00000000,0.00000000,0.00000000,0.00000000,0.00000000,0.00000000,0.00000000,20260917,30328000.00000000,3639360.00000000,0.00000000,0.00000000,0,0,0,0,0,0,0,0,0,0,0,0,0,0,0,,0.00000000,,,0,0,0,0,0,0,,0,0,0,0,0,0,0,0,MOCK_GROUP_51,产业集团51,1,0,12,0,0.00000000,0.00000000,0.00000000,,96,0,1,1,正常,0,20260917
MOCK_TAG_0698,MOCK_CUST_0698,MOCK_ECIF_0698,上海澜原食品和有限公司,91310115700006980Y,20110120,存续,食品加工、预包装食品销售,1500000.00000000,CNY,1455000.00000000,CNY,私人控股,私营有限责任公司,小型,310000,310100,310115,上海市浦东新区金海路778号3幢119室,84,C,14,149,1499,1,0,0,1,0,0,0,0,0,0,0,0,0,何宇博,MOCK_PERSON_0176,朱昕博,MOCK_PERSON_0093,MOCK_ORG_SH_PD_03,MOCK_ORG_SH_PD,MOCK_ORG_SH_PD_03,MOCK_ORG_SH_PD,1,0,0,1,1,0,20260315,,20250609,20250611,,342,2319333.93000000,57,1,1,1,0,0,0,0,0,20250604,1,1,1935520.00000000,4,0,1,0,0,0,0,810000.47000000,856739.41000000,765095.60000000,765095.60000000,1,0,0,0,0,0,0,0,882000.00000000,271832.40000000,271832.40000000,610167.60000000,271832.40000000,318571.34000000,271832.40000000,0.00000000,0.00000000,20260917,1872000.00000000,440132.40000000,882000.00000000,271832.40000000,0,0,0,0,0,0,0,0,0,0,0,0,0,0,0,,0.00000000,,,0,0,0,0,0,0,,0,0,0,0,0,0,0,0,MOCK_GROUP_60,产业集团60,1,0,12,6,0.00000000,0.47115385,6781.67815789,20260825,84,0,1,1,正常,0,20260917
MOCK_TAG_0699,MOCK_CUST_0699,MOCK_ECIF_0699,苏州澜辰食品和有限公司,91320571700006999P,20190101,存续,食品加工、预包装食品销售,4000000.00000000,CNY,3240000.00000000,CNY,私人控股,私营有限责任公司,小型,320000,320500,320571,苏州市工业园区星湖街779号4幢120室,50,C,14,149,1499,1,0,0,1,0,0,0,0,0,0,0,0,0,黄宁航,MOCK_PERSON_0699,黄宁航,MOCK_PERSON_0699,MOCK_ORG_JS_SZ_04,MOCK_ORG_JS_SZ,MOCK_ORG_JS_SZ_04,MOCK_ORG_JS_SZ,0,1,0,1,0,0,,20240228,20240225,,,0,0.00000000,0,0,1,0,0,0,0,0,0,20240216,1,1,1908154.00000000,3,0,1,0,0,0,0,1509600.51000000,2720104.90000000,2133225.48000000,2010937.22000000,1,0,0,0,0,0,0,0,6800000.00000000,0.00000000,0.00000000,6800000.00000000,0.00000000,1868430.77000000,0.00000000,0.00000000,0.00000000,20260917,9760000.00000000,503200.00000000,6800000.00000000,0.00000000,0,0,0,0,0,0,0,0,0,0,0,0,0,0,0,,0.00000000,,,0,0,0,0,0,0,,0,0,0,0,0,0,0,0,,,1,0,12,0,0.00000000,0.69672131,0.00000000,,50,0,1,0,正常,0,20260917
MOCK_TAG_0700,MOCK_CUST_0700,MOCK_ECIF_0700,苏州澜宁精密制造和有限公司,91320571700007000N,20101128,存续,工业零部件、自动化设备的研发与制造,4400000.00000000,CNY,3520000.00000000,CNY,私人控股,私营有限责任公司,小型,320000,320500,320571,苏州市工业园区星湖街780号5幢101室,84,C,34,348,3484,1,0,0,1,0,0,0,0,0,0,0,0,0,徐宁航,MOCK_PERSON_0700,徐宁航,MOCK_PERSON_0700,MOCK_ORG_JS_SZ_05,MOCK_ORG_JS_SZ,MOCK_ORG_JS_SZ_05,MOCK_ORG_JS_SZ,0,1,0,1,1,0,,20250525,20250522,20250524,,0,0.00000000,0,0,1,1,0,0,0,0,0,20250520,1,1,2358664.00000000,4,0,1,0,0,0,0,396000.46000000,2877962.17000000,2069514.58000000,2069514.58000000,1,0,0,0,1,0,0,0,6019200.00000000,1882203.84000000,1882203.84000000,4136996.16000000,1882203.84000000,2883678.34000000,1882203.84000000,0.00000000,0.00000000,20260917,8571200.00000000,3311323.84000000,6019200.00000000,1882203.84000000,0,1,0,0,0,0,1,0,0,0,0,0,0,0,0,,0.00000000,,,0,0,0,0,0,0,,0,0,0,0,0,0,0,0,,,1,0,12,0,0.00000000,0.70225873,0.00000000,,84,0,1,1,正常,0,20260917
MOCK_TAG_0701,MOCK_CUST_0701,MOCK_ECIF_0701,宁波澜知医疗科技和有限公司,91330212700007019R,20120630,存续,医疗器械研发、技术咨询及销售,26500000.00000000,CNY,23585000.00000000,CNY,私人控股,私营有限责任公司,中型,330000,330200,330212,宁波市鄞州区首南东路781号6幢102室,144,C,35,358,3589,1,1,0,1,0,0,0,0,0,0,0,0,0,朱宁航,MOCK_PERSON_0701,朱宁航,MOCK_PERSON_0701,MOCK_ORG_ZJ_NB_06,MOCK_ORG_ZJ_NB,MOCK_ORG_ZJ_NB_06,MOCK_ORG_ZJ_NB,0,0,0,1,1,0,,,20221203,20221205,,0,0.00000000,0,0,1,1,0,1,0,0,0,20221123,1,1,2573142.00000000,5,0,1,0,0,1,0,16430000.20000000,14043217.93000000,11424820.29000000,11424820.29000000,1,0,0,0,0,0,0,0,25228000.00000000,11488831.20000000,11488831.20000000,13739168.80000000,11488831.20000000,9102048.93000000,11488831.20000000,0.00000000,0.00000000,20260917,35828000.00000000,12654831.20000000,25228000.00000000,11488831.20000000,0,0,0,0,0,0,0,0,0,0,0,1,0,0,0,,0.00000000,,,0,0,0,0,0,0,40–59,0,0,0,0,0,0,0,0,,,1,0,12,0,0.00000000,0.70414201,0.00000000,,144,0,1,1,正常,0,20260917
MOCK_TAG_0702,MOCK_CUST_0702,MOCK_ECIF_0702,上海澜禾供应链和有限公司,913101147000070274,20190722,存续,仓储服务、国内货物运输代理,4300000.00000000,CNY,4085000.00000000,CNY,私人控股,私营有限责任公司,小型,310000,310100,310114,上海市嘉定区嘉罗公路782号7幢103室,86,G,58,582,5821,1,0,0,1,0,0,0,0,0,0,0,0,0,胡宁航,MOCK_PERSON_0702,胡宁航,MOCK_PERSON_0702,MOCK_ORG_SH_JD_07,MOCK_ORG_SH_JD,MOCK_ORG_SH_JD_07,MOCK_ORG_SH_JD,0,1,0,1,1,0,,20240803,20240731,20240802,,0,0.00000000,0,0,1,1,0,0,0,0,0,20240727,1,1,1975204.00000000,4,0,1,0,0,0,0,5562480.30000000,3004491.49000000,2659720.00000000,2339241.57000000,1,0,0,0,0,0,0,0,6286600.00000000,0.00000000,0.00000000,6286600.00000000,0.00000000,748588.98000000,0.00000000,0.00000000,0.00000000,20260917,7103600.00000000,596410.00000000,6286600.00000000,0.00000000,0,0,0,0,0,0,0,0,0,0,0,0,0,0,0,,0.00000000,,,0,0,0,0,0,0,,0,0,0,0,0,0,0,0,,,1,0,12,0,0.00000000,0.88498789,0.00000000,,86,0,1,1,正常,0,20260917
MOCK_TAG_0703,MOCK_CUST_0703,MOCK_ECIF_0703,苏州澜润医疗科技和有限公司,913205717000070359,20171130,存续,医疗器械研发、技术咨询及销售,39900000.00000000,CNY,13566000.00000000,CNY,私人控股,私营有限责任公司,中型,320000,320500,320571,苏州市工业园区星湖街783号8幢104室,246,C,35,358,3589,1,1,0,1,0,0,0,0,0,0,0,0,0,林宁航,MOCK_PERSON_0703,林宁航,MOCK_PERSON_0703,MOCK_ORG_JS_SZ_08,MOCK_ORG_JS_SZ,MOCK_ORG_JS_SZ_08,MOCK_ORG_JS_SZ,1,1,0,1,1,0,20260618,20221125,20221122,20221124,,522,5952541.90000000,174,1,1,1,0,0,0,0,0,20221112,1,1,2660274.00000000,5,0,1,0,0,1,0,61047001.13000000,27912198.98000000,26769511.73000000,23940000.44000000,0,0,0,0,0,0,0,0,0.00000000,0.00000000,0.00000000,0.00000000,0.00000000,0.00000000,0.00000000,0.00000000,0.00000000,20260917,11970000.00000000,3112200.00000000,0.00000000,0.00000000,0,0,0,0,0,0,0,0,1,0,0,1,0,0,0,,0.00000000,,,0,0,0,0,0,0,0–19,0,0,0,0,0,0,0,0,,,1,0,12,3,2067120.16000000,0.00000000,11403.33697318,20260905,246,0,1,1,正常,0,20260917
MOCK_TAG_0704,MOCK_CUST_0704,MOCK_ECIF_0704,上海澜森商贸和有限公司,913101157000070438,20170105,存续,日用百货、五金及电子产品批发,3700000.00000000,CNY,2183000.00000000,CNY,私人控股,私营有限责任公司,小型,310000,310100,310115,上海市浦东新区金海路784号1幢105室,83,F,51,513,5135,1,0,0,1,0,0,0,0,0,0,0,0,0,何宁航,MOCK_PERSON_0704,何宁航,MOCK_PERSON_0704,MOCK_ORG_SH_PD_01,MOCK_ORG_SH_PD,MOCK_ORG_SH_PD_01,MOCK_ORG_SH_PD,1,0,0,1,0,0,20260223,,20231025,,,420,3330002.63000000,60,1,1,0,0,0,0,0,0,20231021,1,1,2243420.00000000,4,0,1,0,0,0,0,304881.01000000,1037322.58000000,781490.20000000,770331.37000000,1,0,0,0,0,0,0,0,4214300.00000000,0.00000000,0.00000000,4214300.00000000,0.00000000,873656.81000000,0.00000000,0.00000000,0.00000000,20260917,5324300.00000000,743700.00000000,4214300.00000000,0.00000000,0,0,0,0,0,0,0,0,0,0,0,0,0,0,0,C,2294000.00000000,CNY,嘉禾产业投资09,0,0,0,0,0,0,,0,0,0,0,0,0,0,0,,,1,0,12,7,481500.59000000,0.79152189,7928.57769048,20260915,83,0,1,0,正常,0,20260917
MOCK_TAG_0705,MOCK_CUST_0705,MOCK_ECIF_0705,苏州澜远食品和有限公司,91320571700007051Y,20101126,存续,食品加工、预包装食品销售,3600000.00000000,CNY,2880000.00000000,CNY,私人控股,私营有限责任公司,小型,320000,320500,320571,苏州市工业园区星湖街785号2幢106室,70,C,14,149,1499,1,0,0,1,0,0,0,0,0,0,0,0,0,赵文航,MOCK_PERSON_0705,周宁颖,MOCK_PERSON_0373,MOCK_ORG_JS_SZ_02,MOCK_ORG_JS_SZ,MOCK_ORG_JS_SZ_02,MOCK_ORG_JS_SZ,0,1,0,1,0,0,,20220518,20220515,,,0,0.00000000,0,0,1,0,0,0,0,0,0,20220512,1,1,2672302.00000000,4,0,1,0,0,0,0,108000.96000000,1070393.96000000,762472.41000000,762472.41000000,1,0,0,0,0,0,0,0,3182400.00000000,1314649.44000000,1314649.44000000,1867750.56000000,1314649.44000000,1075034.92000000,1314649.44000000,0.00000000,0.00000000,20260917,4190400.00000000,2010169.44000000,3182400.00000000,1314649.44000000,0,0,0,0,0,0,0,0,0,0,0,0,0,0,0,,0.00000000,,,0,0,0,0,0,0,,0,0,0,0,0,0,0,0,MOCK_GROUP_48,产业集团48,1,0,12,0,0.00000000,0.75945017,0.00000000,,70,0,1,0,正常,0,20260917
MOCK_TAG_0706,MOCK_CUST_0706,MOCK_ECIF_0706,宁波澜衡精密制造和有限公司,9133021270000706XW,20110205,存续,工业零部件、自动化设备的研发与制造,3500000.00000000,CNY,2835000.00000000,CNY,私人控股,私营有限责任公司,小型,330000,330200,330212,宁波市鄞州区首南东路786号3幢107室,66,C,34,348,3484,1,0,0,1,0,0,0,0,0,0,0,0,0,钱文航,MOCK_PERSON_0706,钱文航,MOCK_PERSON_0706,MOCK_ORG_ZJ_NB_03,MOCK_ORG_ZJ_NB,MOCK_ORG_ZJ_NB_03,MOCK_ORG_ZJ_NB,1,0,0,1,0,1,20260622,,20231205,,20231209,198,1856911.11000000,66,1,1,0,0,0,0,0,0,20231203,1,1,2636880.00000000,4,0,1,0,0,0,0,2511250.74000000,1067298.39000000,1011979.75000000,875000.26000000,0,0,0,0,0,0,0,0,0.00000000,0.00000000,0.00000000,0.00000000,0.00000000,0.00000000,0.00000000,0.00000000,0.00000000,20260917,2555000.00000000,408800.00000000,0.00000000,0.00000000,0,0,0,0,0,0,0,0,0,0,0,0,0,0,0,,0.00000000,,,0,0,0,0,0,0,,0,0,0,0,0,0,0,0,,,1,0,12,3,516120.00000000,0.00000000,9378.33893939,20260910,66,0,1,0,正常,0,20260917
MOCK_TAG_0707,MOCK_CUST_0707,MOCK_ECIF_0707,上海澜昕食品和有限公司,91310115700007078T,20120519,存续,食品加工、预包装食品销售,25400000.00000000,CNY,7874000.00000000,CNY,私人控股,私营有限责任公司,中型,310000,310100,310115,上海市浦东新区金海路787号4幢108室,307,C,14,149,1499,1,0,0,1,0,0,0,0,0,0,0,0,0,孙文航,MOCK_PERSON_0707,孙文航,MOCK_PERSON_0707,MOCK_ORG_SH_PD_04,MOCK_ORG_SH_PD,MOCK_ORG_SH_PD_04,MOCK_ORG_SH_PD,1,1,0,1,1,0,20260701,20231221,20231218,20231220,,642,4159090.79000000,214,1,1,1,0,0,0,0,0,20231210,1,1,2393894.00000000,4,0,1,0,0,1,0,19019520.85000000,20225930.72000000,18207074.11000000,18079698.32000000,1,0,0,0,0,0,0,0,28346400.00000000,0.00000000,0.00000000,28346400.00000000,0.00000000,6839114.12000000,0.00000000,0.00000000,0.00000000,20260917,33680400.00000000,2453640.00000000,28346400.00000000,0.00000000,0,0,0,0,0,0,0,0,0,0,0,0,0,0,0,,0.00000000,,,0,0,0,0,0,0,,0,0,0,0,0,0,0,0,,,1,0,12,3,1196260.22000000,0.84162896,6478.33456386,20260910,307,0,1,1,正常,0,20260917
MOCK_TAG_0708,MOCK_CUST_0708,MOCK_ECIF_0708,苏州澜途食品和有限公司,91320571700007086H,20060624,存续,食品加工、预包装食品销售,3500000.00000000,CNY,1820000.00000000,CNY,私人控股,私营有限责任公司,小型,320000,320500,320571,苏州市工业园区星湖街788号5幢109室,15,C,14,149,1499,1,0,0,1,0,0,0,0,0,0,0,0,0,李文航,MOCK_PERSON_0708,李文航,MOCK_PERSON_0708,MOCK_ORG_JS_SZ_05,MOCK_ORG_JS_SZ,MOCK_ORG_JS_SZ_05,MOCK_ORG_JS_SZ,0,1,0,1,1,0,,20240321,20240318,20240320,,0,0.00000000,0,0,1,1,0,0,0,0,0,20240314,1,1,2182632.00000000,4,0,1,0,0,0,0,1015000.01000000,2674187.12000000,1913386.71000000,1913386.71000000,1,0,0,0,0,0,0,0,5250000.00000000,1796550.00000000,1796550.00000000,3453450.00000000,1796550.00000000,2677193.08000000,1796550.00000000,0.00000000,0.00000000,20260917,5740000.00000000,2164050.00000000,5250000.00000000,1796550.00000000,0,0,0,0,0,0,0,0,0,0,0,0,0,0,0,,0.00000000,,,0,0,0,0,0,0,,0,0,0,0,0,0,0,0,,,1,0,12,0,0.00000000,0.91463415,0.00000000,,15,0,1,1,正常,0,20260917
MOCK_TAG_0709,MOCK_CUST_0709,MOCK_ECIF_0709,宁波屿川精密制造和有限公司,91330212700007094J,20111103,存续,工业零部件、自动化设备的研发与制造,23000000.00000000,CNY,22770000.00000000,CNY,私人控股,私营有限责任公司,中型,330000,330200,330212,宁波市鄞州区首南东路789号6幢110室,221,C,34,348,3484,1,0,0,1,0,0,0,0,0,0,0,0,0,周文航,MOCK_PERSON_0709,周文航,MOCK_PERSON_0709,MOCK_ORG_ZJ_NB_06,MOCK_ORG_ZJ_NB,MOCK_ORG_ZJ_NB_06,MOCK_ORG_ZJ_NB,1,0,0,1,0,0,20251005,,20240525,,,1969,18668810.70000000,179,1,1,0,0,0,0,0,0,20240524,1,1,2443708.00000000,4,0,1,0,0,1,0,11730000.09000000,11730000.09000000,11730000.09000000,11730000.09000000,0,0,0,0,0,0,0,0,0.00000000,0.00000000,0.00000000,0.00000000,0.00000000,0.00000000,0.00000000,0.00000000,0.00000000,20260917,0.00000000,0.00000000,0.00000000,0.00000000,0,0,0,0,0,0,0,0,0,0,0,0,0,0,0,,0.00000000,,,0,0,0,0,0,0,,0,0,0,0,0,0,0,0,,,1,0,12,11,0.00000000,0.00000000,9481.36653123,20260820,221,0,1,0,正常,0,20260917
MOCK_TAG_0710,MOCK_CUST_0710,MOCK_ECIF_0710,杭州屿原医疗科技和有限公司,91330108700007107A,20110322,存续,医疗器械研发、技术咨询及销售,27800000.00000000,CNY,25298000.00000000,CNY,私人控股,私营有限责任公司,中型,330000,330100,330108,杭州市滨江区江陵路790号7幢111室,318,C,35,358,3589,1,1,0,1,0,0,0,0,0,0,0,0,0,吴文航,MOCK_PERSON_0710,吴文航,MOCK_PERSON_0710,MOCK_ORG_ZJ_HZ_07,MOCK_ORG_ZJ_HZ,MOCK_ORG_ZJ_HZ_07,MOCK_ORG_ZJ_HZ,1,1,0,0,0,0,20251008,20231124,,,,3212,37114664.67000000,292,1,0,0,0,0,0,0,0,20231112,1,1,2184658.00000000,4,0,1,0,0,1,0,12510000.14000000,12562185.44000000,11095382.59000000,11095382.59000000,1,0,0,0,0,0,0,0,10341600.00000000,5046700.80000000,5046700.80000000,5294899.20000000,5046700.80000000,5098886.10000000,5046700.80000000,0.00000000,0.00000000,20260917,29801600.00000000,16333500.80000000,10341600.00000000,5046700.80000000,0,0,0,0,0,0,0,0,1,0,0,1,0,0,0,,0.00000000,,,0,0,0,0,0,0,60–79,0,0,0,0,0,0,0,0,,,1,0,12,11,0.00000000,0.34701493,11555.00145392,20260820,318,0,0,0,正常,0,20260917
MOCK_TAG_0711,MOCK_CUST_0711,MOCK_ECIF_0711,上海屿辰医疗科技和有限公司,91310114700007115J,20141108,存续,医疗器械研发、技术咨询及销售,4900000.00000000,CNY,3038000.00000000,CNY,私人控股,私营有限责任公司,小型,310000,310100,310114,上海市嘉定区嘉罗公路791号8幢112室,65,C,35,358,3589,1,1,0,1,0,0,0,0,0,0,0,0,0,郑文航,MOCK_PERSON_0711,郑文航,MOCK_PERSON_0711,MOCK_ORG_SH_JD_08,MOCK_ORG_SH_JD,MOCK_ORG_SH_JD_08,MOCK_ORG_SH_JD,1,0,0,1,1,0,20260327,,20231001,20231003,,318,3626263.68000000,53,1,1,1,0,1,0,0,0,20230924,1,1,2458868.00000000,4,0,1,0,0,0,0,1905120.12000000,1563431.68000000,1334001.79000000,1243095.37000000,1,0,0,0,0,0,0,0,1666000.00000000,557110.40000000,557110.40000000,1108889.60000000,557110.40000000,669923.37000000,557110.40000000,0.00000000,0.00000000,20260917,2352000.00000000,838370.40000000,1666000.00000000,557110.40000000,0,0,0,0,0,0,0,0,0,0,0,1,0,0,0,,0.00000000,,,0,0,0,0,0,0,0–19,0,0,0,0,0,0,0,0,,,1,0,12,6,507210.76000000,0.70833333,11403.34490566,20260915,65,0,1,1,正常,0,20260917
MOCK_TAG_0712,MOCK_CUST_0712,MOCK_ECIF_0712,苏州屿宁商贸和有限公司,91320571700007123P,20150711,存续,日用百货、五金及电子产品批发,1000000.00000000,CNY,700000.00000000,CNY,私人控股,私营有限责任公司,小型,320000,320500,320571,苏州市工业园区星湖街792号1幢113室,72,F,51,513,5135,1,0,0,1,0,0,0,0,0,0,0,0,0,王文航,MOCK_PERSON_0712,王文航,MOCK_PERSON_0712,MOCK_ORG_JS_SZ_01,MOCK_ORG_JS_SZ,MOCK_ORG_JS_SZ_01,MOCK_ORG_JS_SZ,0,0,0,1,1,0,,,20250103,20250105,,0,0.00000000,0,0,1,1,0,0,0,0,0,20241226,1,1,2097710.00000000,5,0,1,0,0,0,0,644400.95000000,376661.33000000,315924.50000000,284757.33000000,1,0,0,0,0,0,0,0,296000.00000000,194472.00000000,194472.00000000,101528.00000000,194472.00000000,167378.89000000,194472.00000000,0.00000000,0.00000000,20260917,656000.00000000,230472.00000000,296000.00000000,194472.00000000,0,0,0,0,0,0,0,0,0,0,0,0,0,0,0,,0.00000000,,,0,0,0,0,0,0,,0,0,0,0,0,0,0,0,,,1,0,12,0,0.00000000,0.45121951,0.00000000,,72,0,1,1,正常,0,20260917
MOCK_TAG_0713,MOCK_CUST_0713,MOCK_ECIF_0713,上海屿知商贸和有限公司,91310115700007131N,20070322,存续,日用百货、五金及电子产品批发,2600000.00000000,CNY,1274000.00000000,CNY,私人控股,私营有限责任公司,小型,310000,310100,310115,上海市浦东新区金海路793号2幢114室,49,F,51,513,5135,1,0,0,1,0,0,0,0,0,0,0,0,0,陈文航,MOCK_PERSON_0713,陈文航,MOCK_PERSON_0713,MOCK_ORG_SH_PD_02,MOCK_ORG_SH_PD,MOCK_ORG_SH_PD_02,MOCK_ORG_SH_PD,0,0,0,1,1,0,,,20220621,20220623,,0,0.00000000,0,0,1,1,0,0,0,0,0,20220619,1,1,2203982.00000000,4,0,1,0,0,0,0,1196000.59000000,917086.76000000,840253.67000000,789393.37000000,1,0,0,0,0,0,0,0,873600.00000000,0.00000000,0.00000000,873600.00000000,0.00000000,195686.40000000,0.00000000,0.00000000,0.00000000,20260917,2589600.00000000,840840.00000000,873600.00000000,0.00000000,0,0,0,0,0,0,0,0,0,0,0,0,0,0,0,,0.00000000,,,0,0,0,0,0,0,,0,0,0,0,0,0,0,0,,,1,0,12,0,0.00000000,0.33734940,0.00000000,,49,0,1,1,正常,0,20260917
MOCK_TAG_0714,MOCK_CUST_0714,MOCK_ECIF_0714,上海屿禾精密制造和有限公司,9131011470000714X0,20131208,存续,工业零部件、自动化设备的研发与制造,1100000.00000000,CNY,407000.00000000,CNY,私人控股,私营有限责任公司,小型,310000,310100,310114,上海市嘉定区嘉罗公路794号3幢115室,88,C,34,348,3484,1,0,0,1,0,0,0,0,0,0,0,0,0,杨文航,MOCK_PERSON_0714,杨文航,MOCK_PERSON_0714,MOCK_ORG_SH_JD_03,MOCK_ORG_SH_JD,MOCK_ORG_SH_JD_03,MOCK_ORG_SH_JD,0,1,0,1,0,0,,20250118,20250115,,,0,0.00000000,0,0,1,0,0,0,0,0,0,20250110,1,1,2939988.00000000,5,0,1,0,0,0,0,308000.89000000,450224.17000000,320707.63000000,320707.63000000,1,0,0,0,1,0,0,0,1295800.00000000,487220.80000000,487220.80000000,808579.20000000,487220.80000000,450913.48000000,487220.80000000,0.00000000,0.00000000,20260917,2076800.00000000,666850.80000000,1295800.00000000,487220.80000000,0,1,0,0,0,0,1,0,0,0,0,0,0,0,0,,0.00000000,,,0,0,0,0,0,0,,0,0,0,0,0,0,0,0,,,1,0,12,0,0.00000000,0.62394068,0.00000000,,88,0,1,0,正常,0,20260917
MOCK_TAG_0715,MOCK_CUST_0715,MOCK_ECIF_0715,杭州屿润精密制造和有限公司,91330108700007158J,20130318,存续,工业零部件、自动化设备的研发与制造,25100000.00000000,CNY,13052000.00000000,CNY,私人控股,私营有限责任公司,中型,330000,330100,330108,杭州市滨江区江陵路795号4幢116室,210,C,34,348,3484,1,0,0,1,0,0,0,0,0,0,0,0,0,黄文航,MOCK_PERSON_0715,黄文航,MOCK_PERSON_0715,MOCK_ORG_ZJ_HZ_04,MOCK_ORG_ZJ_HZ,MOCK_ORG_ZJ_HZ_04,MOCK_ORG_ZJ_HZ,0,1,0,1,1,0,,20230623,20230620,20230622,,0,0.00000000,0,0,1,1,0,0,0,0,0,20230616,1,1,1869624.00000000,4,0,1,0,0,1,0,28076861.19000000,14095129.50000000,12454484.36000000,12065344.95000000,1,0,0,0,1,0,0,0,9538000.00000000,3405066.00000000,3405066.00000000,6132934.00000000,3405066.00000000,5156903.13000000,3405066.00000000,0.00000000,0.00000000,20260917,9789000.00000000,3500446.00000000,9538000.00000000,3405066.00000000,0,0,0,0,0,0,0,0,0,0,0,0,0,0,0,,0.00000000,,,0,0,0,0,0,0,,0,0,0,0,0,0,0,0,,,1,0,12,0,0.00000000,0.97435897,0.00000000,,210,0,1,1,正常,0,20260917
MOCK_TAG_0716,MOCK_CUST_0716,MOCK_ECIF_0716,上海屿森医疗科技和有限公司,91310112700007166X,20160714,存续,医疗器械研发、技术咨询及销售,7200000.00000000,CNY,6480000.00000000,CNY,私人控股,私营有限责任公司,中型,310000,310100,310112,上海市闵行区联航路796号5幢117室,338,C,35,358,3589,1,1,0,1,0,0,0,0,0,0,0,0,0,徐文航,MOCK_PERSON_0716,徐文航,MOCK_PERSON_0716,MOCK_ORG_SH_MH_05,MOCK_ORG_SH_MH,MOCK_ORG_SH_MH_05,MOCK_ORG_SH_MH,1,0,0,1,1,0,20260523,,20230225,20230227,,1052,11138052.08000000,263,1,1,1,0,0,0,0,0,20230220,1,1,1340478.00000000,3,0,1,0,0,1,0,4248000.70000000,4248000.70000000,4248000.70000000,4248000.70000000,0,0,0,0,0,0,0,0,0.00000000,0.00000000,0.00000000,0.00000000,0.00000000,0.00000000,0.00000000,0.00000000,0.00000000,20260917,2088000.00000000,1252800.00000000,0.00000000,0.00000000,0,0,0,0,0,0,0,0,1,0,0,1,0,0,0,,0.00000000,,,0,0,0,0,0,0,20–39,0,0,0,0,0,0,0,0,,,1,0,12,4,2690490.57000000,0.00000000,10587.50197719,20260905,338,0,1,1,正常,0,20260917
MOCK_TAG_0717,MOCK_CUST_0717,MOCK_ECIF_0717,苏州屿远商贸和有限公司,913205717000071740,20200121,存续,日用百货、五金及电子产品批发,2300000.00000000,CNY,920000.00000000,CNY,私人控股,私营有限责任公司,小型,320000,320500,320571,苏州市工业园区星湖街797号6幢118室,90,F,51,513,5135,1,0,0,1,0,0,0,0,0,0,0,0,0,朱文航,MOCK_PERSON_0717,朱文航,MOCK_PERSON_0717,MOCK_ORG_JS_SZ_06,MOCK_ORG_JS_SZ,MOCK_ORG_JS_SZ_06,MOCK_ORG_JS_SZ,1,0,0,1,0,0,20251107,,20240427,,,700,5475754.84000000,70,1,1,0,0,0,0,0,0,20240420,1,1,1927088.00000000,4,0,1,0,0,0,0,598000.17000000,1043678.52000000,761086.27000000,761086.27000000,1,0,0,0,0,0,0,0,1883700.00000000,536666.13000000,536666.13000000,1347033.87000000,536666.13000000,982344.48000000,536666.13000000,0.00000000,0.00000000,20260917,2665700.00000000,966766.13000000,1883700.00000000,536666.13000000,0,0,0,0,0,0,0,0,0,0,0,0,0,0,0,,0.00000000,,,0,0,0,0,0,0,,0,0,0,0,0,0,0,0,,,1,0,12,10,0.00000000,0.70664366,7822.50691429,20260825,90,0,1,0,正常,0,20260917
MOCK_TAG_0718,MOCK_CUST_0718,MOCK_ECIF_0718,上海屿衡商贸和有限公司,91310115700007182Y,20170830,存续,日用百货、五金及电子产品批发,4800000.00000000,CNY,2352000.00000000,CNY,私人控股,私营有限责任公司,小型,310000,310100,310115,上海市浦东新区金海路798号7幢119室,54,F,51,513,5135,1,0,0,1,0,0,0,0,0,0,0,0,0,胡文航,MOCK_PERSON_0718,胡文航,MOCK_PERSON_0718,MOCK_ORG_SH_PD_07,MOCK_ORG_SH_PD,MOCK_ORG_SH_PD_07,MOCK_ORG_SH_PD,1,1,0,1,0,1,20260612,20231012,20231009,,20231013,141,1085701.99000000,47,1,1,0,0,0,0,0,0,20231004,1,1,2367288.00000000,5,0,1,0,0,0,0,707520.78000000,544571.68000000,539804.65000000,528000.58000000,0,0,0,0,0,0,0,0,0.00000000,0.00000000,0.00000000,0.00000000,0.00000000,0.00000000,0.00000000,0.00000000,0.00000000,20260917,3312000.00000000,1192320.00000000,0.00000000,0.00000000,0,0,0,0,0,0,0,0,0,0,0,0,0,0,0,,0.00000000,,,0,0,0,0,0,0,,0,0,0,0,0,0,0,0,,,1,0,12,3,0.00000000,0.00000000,7700.01411348,20260825,54,0,1,0,正常,0,20260917
MOCK_TAG_0719,MOCK_CUST_0719,MOCK_ECIF_0719,上海屿昕供应链和有限公司,91310114700007190B,20161013,存续,仓储服务、国内货物运输代理,4200000.00000000,CNY,1596000.00000000,CNY,私人控股,私营有限责任公司,小型,310000,310100,310114,上海市嘉定区嘉罗公路799号8幢120室,87,G,58,582,5821,1,0,0,1,0,0,0,0,0,0,0,0,0,林文航,MOCK_PERSON_0719,林文航,MOCK_PERSON_0719,MOCK_ORG_SH_JD_08,MOCK_ORG_SH_JD,MOCK_ORG_SH_JD_08,MOCK_ORG_SH_JD,0,1,0,0,1,0,,20240126,,20240125,,0,0.00000000,0,0,0,1,0,0,0,0,0,20240120,1,1,2796098.00000000,5,0,1,0,0,0,0,1974000.82000000,2839376.57000000,2590432.86000000,2590432.86000000,1,0,0,0,0,0,0,0,1478400.00000000,0.00000000,0.00000000,1478400.00000000,0.00000000,865375.75000000,0.00000000,0.00000000,0.00000000,20260917,3662400.00000000,371280.00000000,1478400.00000000,0.00000000,0,0,0,0,0,0,0,0,0,0,0,0,0,0,0,A,966000.00000000,CNY,嘉禾产业投资12,0,0,0,0,0,0,,0,0,0,0,0,0,0,0,,,1,0,12,0,0.00000000,0.40366972,0.00000000,,87,0,0,1,正常,0,20260917
MOCK_TAG_0720,MOCK_CUST_0720,MOCK_ECIF_0720,宁波屿途信息科技铭有限公司,91330212700007203H,20200823,存续,软件开发、信息系统集成及技术咨询,4100000.00000000,CNY,2173000.00000000,CNY,私人控股,私营有限责任公司,小型,330000,330200,330212,宁波市鄞州区首南东路800号1幢101室,42,I,65,651,6513,1,1,0,1,0,0,0,0,0,0,0,0,0,何文航,MOCK_PERSON_0720,何文航,MOCK_PERSON_0720,MOCK_ORG_ZJ_NB_01,MOCK_ORG_ZJ_NB,MOCK_ORG_ZJ_NB_01,MOCK_ORG_ZJ_NB,1,0,0,1,1,0,20260422,,20220607,20220609,,140,1816502.87000000,28,1,1,1,0,0,0,0,0,20220601,1,1,2405348.00000000,4,0,1,0,0,0,0,492000.32000000,1136911.71000000,809854.92000000,809854.92000000,1,0,0,0,0,0,0,0,3944200.00000000,915054.40000000,915054.40000000,3029145.60000000,915054.40000000,1138538.84000000,915054.40000000,0.00000000,0.00000000,20260917,6773200.00000000,1735464.40000000,3944200.00000000,915054.40000000,0,0,0,0,0,0,0,0,1,0,0,1,0,0,0,C,3198000.00000000,CNY,嘉禾产业投资01,0,0,0,0,0,0,60–79,0,0,0,0,0,0,0,0,,,1,0,12,5,339500.31000000,0.58232446,12975.02050000,20260910,42,0,1,1,正常,0,20260917
MOCK_TAG_0721,MOCK_CUST_0721,MOCK_ECIF_0721,杭州澄川供应链铭有限公司,91330108700007211E,20180527,存续,仓储服务、国内货物运输代理,93500000.00000000,CNY,62645000.00000000,CNY,私人控股,私营有限责任公司,大型,330000,330100,330108,杭州市滨江区江陵路801号2幢102室,1035,G,58,582,5821,1,0,0,1,0,0,0,0,0,0,0,0,0,赵昕航,MOCK_PERSON_0721,赵昕航,MOCK_PERSON_0721,MOCK_ORG_ZJ_HZ_02,MOCK_ORG_ZJ_HZ,MOCK_ORG_ZJ_HZ_02,MOCK_ORG_ZJ_HZ,0,1,0,1,1,0,,20250614,20250611,20250613,,0,0.00000000,0,0,1,1,0,1,0,0,0,20250608,1,1,2073652.00000000,4,0,1,0,0,0,0,2805000.85000000,55238643.84000000,39348075.06000000,39348075.06000000,1,0,0,0,0,0,0,0,126225000.00000000,60057855.00000000,60057855.00000000,66167145.00000000,60057855.00000000,55458847.13000000,60057855.00000000,0.00000000,0.00000000,20260917,152405000.00000000,74456855.00000000,126225000.00000000,60057855.00000000,0,1,0,0,0,0,1,0,0,0,0,0,0,0,0,A,31790000.00000000,CNY,嘉禾产业投资02,0,0,0,0,0,0,,0,0,0,0,0,0,0,0,,,1,0,12,0,0.00000000,0.82822086,0.00000000,,1035,0,1,1,正常,0,20260917
MOCK_TAG_0722,MOCK_CUST_0722,MOCK_ECIF_0722,上海澄原精密制造铭有限公司,9131011270000722XN,20200903,存续,工业零部件、自动化设备的研发与制造,4300000.00000000,CNY,2752000.00000000,CNY,私人控股,私营有限责任公司,小型,310000,310100,310112,上海市闵行区联航路802号3幢103室,78,C,34,348,3484,1,0,0,1,0,0,0,0,0,0,0,0,0,钱昕航,MOCK_PERSON_0722,钱昕航,MOCK_PERSON_0722,MOCK_ORG_SH_MH_03,MOCK_ORG_SH_MH,MOCK_ORG_SH_MH_03,MOCK_ORG_SH_MH,0,0,0,0,0,1,,,,,20250510,0,0.00000000,0,0,0,0,0,0,0,0,0,20250502,1,1,2756670.00000000,5,0,1,0,0,0,0,2795000.96000000,2795000.96000000,2795000.96000000,2795000.96000000,0,0,0,0,0,0,0,0,0.00000000,0.00000000,0.00000000,0.00000000,0.00000000,0.00000000,0.00000000,0.00000000,0.00000000,20260917,2881000.00000000,1152400.00000000,0.00000000,0.00000000,0,0,0,0,0,0,0,0,0,0,0,0,0,0,0,,0.00000000,,,0,0,0,0,0,0,,0,0,0,0,0,0,0,0,,,1,0,12,0,0.00000000,0.00000000,0.00000000,,78,0,0,0,正常,0,20260917
MOCK_TAG_0723,MOCK_CUST_0723,MOCK_ECIF_0723,上海澄辰信息科技铭有限公司,913101157000072382,20080815,存续,软件开发、信息系统集成及技术咨询,1900000.00000000,CNY,931000.00000000,CNY,私人控股,私营有限责任公司,小型,310000,310100,310115,上海市浦东新区金海路803号4幢104室,53,I,65,651,6513,1,1,0,1,0,0,0,0,0,0,0,0,0,孙昕航,MOCK_PERSON_0723,孙昕航,MOCK_PERSON_0723,MOCK_ORG_SH_PD_04,MOCK_ORG_SH_PD,MOCK_ORG_SH_PD_04,MOCK_ORG_SH_PD,0,1,0,1,1,0,,20230112,20230109,20230111,,0,0.00000000,0,0,1,1,0,0,0,0,0,20230101,1,1,1685154.00000000,4,0,1,0,0,0,0,247000.98000000,928558.48000000,661438.92000000,661438.92000000,1,0,0,0,0,0,0,0,2251500.00000000,737591.40000000,737591.40000000,1513908.60000000,737591.40000000,930445.36000000,737591.40000000,0.00000000,0.00000000,20260917,2669500.00000000,1046911.40000000,2251500.00000000,737591.40000000,0,0,0,0,0,0,0,0,0,0,0,1,0,0,0,C,608000.00000000,CNY,嘉禾产业投资04,0,0,0,0,0,0,0–19,0,0,0,0,0,0,0,0,,,1,0,12,0,0.00000000,0.84341637,0.00000000,,53,0,1,1,正常,0,20260917
MOCK_TAG_0724,MOCK_CUST_0724,MOCK_ECIF_0724,苏州澄宁食品铭有限公司,91320571700007246Q,20090503,存续,食品加工、预包装食品销售,3700000.00000000,CNY,3441000.00000000,CNY,私人控股,私营有限责任公司,小型,320000,320500,320571,苏州市工业园区星湖街804号5幢105室,74,C,14,149,1499,1,0,0,1,0,0,0,0,0,0,0,0,0,李昕航,MOCK_PERSON_0724,陈文颖,MOCK_PERSON_0393,MOCK_ORG_JS_SZ_05,MOCK_ORG_JS_SZ,MOCK_ORG_JS_SZ_05,MOCK_ORG_JS_SZ,0,1,0,0,1,0,,20220808,,20220807,,0,0.00000000,0,0,0,1,0,0,0,0,0,20220729,1,1,2186232.00000000,4,0,1,0,0,0,0,481000.46000000,704580.12000000,601801.18000000,601801.18000000,1,0,0,0,0,0,0,0,1165500.00000000,346153.50000000,346153.50000000,819346.50000000,346153.50000000,569733.16000000,346153.50000000,0.00000000,0.00000000,20260917,3940500.00000000,2205403.50000000,1165500.00000000,346153.50000000,0,0,0,0,0,0,0,0,0,0,0,0,0,0,0,,0.00000000,,,0,0,0,0,0,0,,0,0,0,0,0,0,0,0,MOCK_GROUP_54,产业集团54,1,0,12,0,0.00000000,0.29577465,0.00000000,,74,0,0,1,正常,0,20260917
MOCK_TAG_0725,MOCK_CUST_0725,MOCK_ECIF_0725,上海澄知精密制造铭有限公司,91310112700007254C,20180203,存续,工业零部件、自动化设备的研发与制造,3000000.00000000,CNY,2730000.00000000,CNY,私人控股,私营有限责任公司,小型,310000,310100,310112,上海市闵行区联航路805号6幢106室,8,C,34,348,3484,1,0,0,1,0,0,0,0,0,0,0,0,0,周昕航,MOCK_PERSON_0725,周昕航,MOCK_PERSON_0725,MOCK_ORG_SH_MH_06,MOCK_ORG_SH_MH,MOCK_ORG_SH_MH_06,MOCK_ORG_SH_MH,0,0,0,1,1,0,,,20221031,20221102,,0,0.00000000,0,0,1,1,0,0,0,0,0,20221021,1,1,1786696.00000000,4,0,1,0,0,0,0,1560000.04000000,2148061.42000000,1978893.08000000,1978893.08000000,1,0,0,0,0,0,0,0,1548000.00000000,0.00000000,0.00000000,1548000.00000000,0.00000000,588061.38000000,0.00000000,0.00000000,0.00000000,20260917,2688000.00000000,798000.00000000,1548000.00000000,0.00000000,0,0,0,0,0,0,0,0,0,0,0,0,0,0,0,,0.00000000,,,0,0,0,0,0,0,,0,0,0,0,0,0,0,0,,,1,0,12,0,0.00000000,0.57589286,0.00000000,,8,0,1,1,正常,0,20260917
MOCK_TAG_0726,MOCK_CUST_0726,MOCK_ECIF_0726,苏州澄禾精密制造铭有限公司,91320571700007262E,20111015,存续,工业零部件、自动化设备的研发与制造,32200000.00000000,CNY,30268000.00000000,CNY,私人控股,私营有限责任公司,中型,320000,320500,320571,苏州市工业园区星湖街806号7幢107室,179,C,34,348,3484,1,0,0,1,0,0,0,0,0,0,0,0,0,吴昕航,MOCK_PERSON_0726,吴昕航,MOCK_PERSON_0726,MOCK_ORG_JS_SZ_07,MOCK_ORG_JS_SZ,MOCK_ORG_JS_SZ_07,MOCK_ORG_JS_SZ,0,0,0,1,1,0,,,20250504,20250506,,0,0.00000000,0,0,1,1,0,0,0,0,0,20250502,1,1,2233114.00000000,4,0,1,0,0,1,0,644000.58000000,12643432.18000000,9006280.45000000,9006280.45000000,1,0,0,0,1,0,0,0,26565000.00000000,14849835.00000000,14849835.00000000,11715165.00000000,14849835.00000000,12698070.00000000,14849835.00000000,0.00000000,0.00000000,20260917,40089000.00000000,20394675.00000000,26565000.00000000,14849835.00000000,0,0,0,0,0,0,0,0,0,0,0,0,0,0,0,,0.00000000,,,0,0,0,0,0,0,,0,0,0,0,0,0,0,0,,,1,0,12,0,0.00000000,0.66265060,0.00000000,,179,0,1,1,正常,0,20260917
MOCK_TAG_0727,MOCK_CUST_0727,MOCK_ECIF_0727,上海澄润信息科技铭有限公司,91310114700007270Y,20110509,存续,软件开发、信息系统集成及技术咨询,1400000.00000000,CNY,644000.00000000,CNY,私人控股,私营有限责任公司,小型,310000,310100,310114,上海市嘉定区嘉罗公路807号8幢108室,34,I,65,651,6513,1,1,0,1,0,0,0,0,0,0,0,0,0,郑昕航,MOCK_PERSON_0727,郑昕航,MOCK_PERSON_0727,MOCK_ORG_SH_JD_08,MOCK_ORG_SH_JD,MOCK_ORG_SH_JD_08,MOCK_ORG_SH_JD,1,0,0,1,1,0,20251231,,20220723,20220725,,270,3673129.84000000,30,1,1,1,0,0,0,0,0,20220714,1,1,2250720.00000000,5,0,1,0,0,0,0,574561.57000000,359559.75000000,352782.55000000,336000.92000000,0,0,0,0,0,0,0,0,0.00000000,0.00000000,0.00000000,0.00000000,0.00000000,0.00000000,0.00000000,0.00000000,0.00000000,20260917,322000.00000000,215740.00000000,0.00000000,0.00000000,0,0,0,0,0,0,0,0,0,0,0,1,0,0,0,,0.00000000,,,0,0,0,0,0,0,20–39,0,0,0,0,0,0,0,0,,,1,0,12,9,375000.27000000,0.00000000,13604.18459259,20260910,34,0,1,1,正常,0,20260917
MOCK_TAG_0728,MOCK_CUST_0728,MOCK_ECIF_0728,上海澄森食品铭有限公司,91310115700007289A,20160903,存续,食品加工、预包装食品销售,1900000.00000000,CNY,1254000.00000000,CNY,私人控股,私营有限责任公司,小型,310000,310100,310115,上海市浦东新区金海路808号1幢109室,68,C,14,149,1499,1,0,0,1,0,0,0,0,0,0,0,0,0,王昕航,MOCK_PERSON_0728,王昕航,MOCK_PERSON_0728,MOCK_ORG_SH_PD_01,MOCK_ORG_SH_PD,MOCK_ORG_SH_PD_01,MOCK_ORG_SH_PD,0,0,0,1,0,0,,,20230815,,,0,0.00000000,0,0,1,0,0,0,0,0,0,20230812,1,1,2569534.00000000,4,0,1,0,0,0,0,57000.07000000,113527.69000000,80869.04000000,80869.04000000,1,0,0,0,0,0,0,0,562400.00000000,104718.88000000,104718.88000000,457681.12000000,104718.88000000,113711.22000000,104718.88000000,0.00000000,0.00000000,20260917,676400.00000000,124098.88000000,562400.00000000,104718.88000000,0,1,0,0,0,0,1,0,0,0,0,0,0,0,0,,0.00000000,,,0,0,0,0,0,0,,0,0,0,0,0,0,0,0,,,1,0,12,0,0.00000000,0.83146067,0.00000000,,68,0,1,0,正常,0,20260917
MOCK_TAG_0729,MOCK_CUST_0729,MOCK_ECIF_0729,上海澄远供应链铭有限公司,91310112700007297R,20160330,存续,仓储服务、国内货物运输代理,25900000.00000000,CNY,22015000.00000000,CNY,私人控股,私营有限责任公司,中型,310000,310100,310112,上海市闵行区联航路809号2幢110室,184,G,58,582,5821,1,0,0,1,0,0,0,0,0,0,0,0,0,陈昕航,MOCK_PERSON_0729,陈启博,MOCK_PERSON_0233,MOCK_ORG_SH_MH_02,MOCK_ORG_SH_MH,MOCK_ORG_SH_MH_02,MOCK_ORG_SH_MH,1,0,0,1,1,0,20260430,,20230703,20230705,,745,5983842.72000000,149,1,1,1,0,0,0,0,0,20230630,1,1,2645068.00000000,5,0,1,0,0,1,0,18710160.05000000,12243846.49000000,11925438.61000000,11137000.03000000,0,0,0,0,0,0,0,0,0.00000000,0.00000000,0.00000000,0.00000000,0.00000000,0.00000000,0.00000000,0.00000000,0.00000000,20260917,6216000.00000000,4164720.00000000,0.00000000,0.00000000,0,0,0,0,0,0,0,0,0,0,0,0,0,0,0,,0.00000000,,,0,0,0,0,0,0,,0,0,0,0,0,0,0,0,MOCK_GROUP_16,产业集团16,1,0,12,5,1323120.75000000,0.00000000,8032.00365101,20260915,184,0,1,1,正常,0,20260917
MOCK_TAG_0730,MOCK_CUST_0730,MOCK_ECIF_0730,上海澄衡食品铭有限公司,9131011470000730X7,20211006,存续,食品加工、预包装食品销售,3300000.00000000,CNY,1485000.00000000,CNY,私人控股,私营有限责任公司,小型,310000,310100,310114,上海市嘉定区嘉罗公路810号3幢111室,87,C,14,149,1499,1,0,0,1,0,0,0,0,0,0,0,0,0,杨昕航,MOCK_PERSON_0730,杨昕航,MOCK_PERSON_0730,MOCK_ORG_SH_JD_03,MOCK_ORG_SH_JD,MOCK_ORG_SH_JD_03,MOCK_ORG_SH_JD,0,1,0,0,0,0,,20230125,,,,0,0.00000000,0,0,0,0,0,0,0,0,0,20230112,1,1,2264074.00000000,4,0,1,0,0,0,0,330000.66000000,739979.46000000,622040.35000000,622040.35000000,1,0,0,0,0,0,0,0,1148400.00000000,0.00000000,0.00000000,1148400.00000000,0.00000000,409978.80000000,0.00000000,0.00000000,0.00000000,20260917,2369400.00000000,561660.00000000,1148400.00000000,0.00000000,0,0,0,0,0,0,0,0,0,0,0,0,0,0,0,,0.00000000,,,0,0,0,0,0,0,,0,0,0,0,0,0,0,0,,,1,0,12,0,0.00000000,0.48467967,0.00000000,,87,0,0,0,正常,0,20260917
MOCK_TAG_0731,MOCK_CUST_0731,MOCK_ECIF_0731,宁波澄昕医疗科技铭有限公司,91330212700007318P,20141106,存续,医疗器械研发、技术咨询及销售,10900000.00000000,CNY,4360000.00000000,CNY,私人控股,私营有限责任公司,中型,330000,330200,330212,宁波市鄞州区首南东路811号4幢112室,240,C,35,358,3589,1,1,0,1,0,0,0,0,0,0,0,0,0,黄昕航,MOCK_PERSON_0731,黄昕航,MOCK_PERSON_0731,MOCK_ORG_ZJ_NB_04,MOCK_ORG_ZJ_NB,MOCK_ORG_ZJ_NB_04,MOCK_ORG_ZJ_NB,1,1,0,1,1,0,20260222,20250626,20250623,20250625,,1225,12839753.84000000,175,1,1,1,0,1,0,0,0,20250621,1,1,1359286.00000000,3,0,1,0,0,1,0,2398000.56000000,4325702.77000000,3081322.52000000,3081322.52000000,1,0,0,0,0,0,0,0,8632800.00000000,4167915.84000000,4167915.84000000,4464884.16000000,4167915.84000000,4332510.13000000,4167915.84000000,0.00000000,0.00000000,20260917,13537800.00000000,6571365.84000000,8632800.00000000,4167915.84000000,0,0,0,0,0,0,0,0,1,0,0,1,0,0,0,,0.00000000,,,0,0,0,0,0,0,20–39,0,0,0,0,0,0,0,0,,,1,0,12,7,1848000.43000000,0.63768116,10481.43170612,20260905,240,0,1,1,正常,0,20260917
MOCK_TAG_0732,MOCK_CUST_0732,MOCK_ECIF_0732,上海澄途商贸铭有限公司,913101147000073262,20171207,存续,日用百货、五金及电子产品批发,4900000.00000000,CNY,3969000.00000000,CNY,私人控股,私营有限责任公司,小型,310000,310100,310114,上海市嘉定区嘉罗公路812号5幢113室,19,F,51,513,5135,1,0,0,1,0,0,0,0,0,0,0,0,0,徐昕航,MOCK_PERSON_0732,徐昕航,MOCK_PERSON_0732,MOCK_ORG_SH_JD_05,MOCK_ORG_SH_JD,MOCK_ORG_SH_JD_05,MOCK_ORG_SH_JD,1,1,0,1,0,0,20260125,20250501,20250428,,,128,994804.07000000,16,1,1,0,0,0,0,0,0,20250421,1,1,1997772.00000000,4,0,1,0,0,0,0,2548000.85000000,2548000.85000000,2548000.85000000,2548000.85000000,0,0,0,0,0,0,0,0,0.00000000,0.00000000,0.00000000,0.00000000,0.00000000,0.00000000,0.00000000,0.00000000,0.00000000,20260917,3871000.00000000,1819370.00000000,0.00000000,0.00000000,0,0,0,0,0,0,0,0,0,0,0,0,0,0,0,,0.00000000,,,0,0,0,0,0,0,,0,0,0,0,0,0,0,0,,,1,0,12,8,118800.30000000,0.00000000,7771.90679688,20260910,19,0,1,0,正常,0,20260917
MOCK_TAG_0733,MOCK_CUST_0733,MOCK_ECIF_0733,苏州禾川食品铭有限公司,913205717000073347,20150319,存续,食品加工、预包装食品销售,12200000.00000000,CNY,7320000.00000000,CNY,私人控股,私营有限责任公司,中型,320000,320500,320571,苏州市工业园区星湖街813号6幢114室,119,C,14,149,1499,1,0,0,1,0,0,0,0,0,0,0,0,0,朱昕航,MOCK_PERSON_0733,朱昕航,MOCK_PERSON_0733,MOCK_ORG_JS_SZ_06,MOCK_ORG_JS_SZ,MOCK_ORG_JS_SZ_06,MOCK_ORG_JS_SZ,0,1,0,1,1,0,,20260626,20260623,20260625,,0,0.00000000,0,0,1,1,0,0,0,0,0,20260620,1,1,420804.00000000,1,1,1,0,0,1,0,0.00000000,42.26000000,30.10000000,30.10000000,0,0,0,0,0,0,0,0,0.00000000,0.00000000,0.00000000,0.00000000,0.00000000,0.00000000,0.00000000,0.00000000,0.00000000,20260917,7930000.00000000,3568500.00000000,0.00000000,0.00000000,0,0,0,0,0,0,0,0,0,0,0,0,0,0,0,,0.00000000,,,0,0,0,0,0,0,,0,0,0,0,0,0,0,0,,,0,0,3,0,0.00000000,0.00000000,0.00000000,,119,0,1,1,正常,0,20260917
MOCK_TAG_0734,MOCK_CUST_0734,MOCK_ECIF_0734,上海禾原医疗科技铭有限公司,913101157000073426,20191101,存续,医疗器械研发、技术咨询及销售,3800000.00000000,CNY,1938000.00000000,CNY,私人控股,私营有限责任公司,小型,310000,310100,310115,上海市浦东新区金海路814号7幢115室,74,C,35,358,3589,1,1,0,1,0,0,0,0,0,0,0,0,0,胡昕航,MOCK_PERSON_0734,胡昕航,MOCK_PERSON_0734,MOCK_ORG_SH_PD_07,MOCK_ORG_SH_PD,MOCK_ORG_SH_PD_07,MOCK_ORG_SH_PD,0,0,0,1,1,0,,,20240427,20240429,,0,0.00000000,0,0,1,1,0,0,0,0,0,20240425,1,1,2040846.00000000,4,1,1,0,0,0,0,0.00000000,122.98000000,123.11000000,123.11000000,0,0,0,0,0,0,0,0,0.00000000,0.00000000,0.00000000,0.00000000,0.00000000,0.00000000,0.00000000,0.00000000,0.00000000,20260917,1368000.00000000,218880.00000000,0.00000000,0.00000000,0,0,0,0,0,0,0,0,1,0,0,1,0,0,0,,0.00000000,,,0,0,0,0,0,0,60–79,0,0,0,0,0,0,0,0,,,1,0,12,0,0.00000000,0.00000000,0.00000000,,74,0,1,1,正常,0,20260917
MOCK_TAG_0735,MOCK_CUST_0735,MOCK_ECIF_0735,宁波禾辰食品铭有限公司,913302127000073503,20151222,存续,食品加工、预包装食品销售,2700000.00000000,CNY,1377000.00000000,CNY,私人控股,私营有限责任公司,小型,330000,330200,330212,宁波市鄞州区首南东路815号8幢116室,61,C,14,149,1499,1,0,0,1,0,0,0,0,0,0,0,0,0,林昕航,MOCK_PERSON_0735,林昕航,MOCK_PERSON_0735,MOCK_ORG_ZJ_NB_08,MOCK_ORG_ZJ_NB,MOCK_ORG_ZJ_NB_08,MOCK_ORG_ZJ_NB,1,1,0,1,0,0,20260402,20250704,20250701,,,276,1973401.23000000,46,1,1,0,0,0,0,0,0,20250621,1,1,2622922.00000000,4,0,1,0,0,0,0,1045441.37000000,696443.07000000,666973.37000000,594000.78000000,0,0,0,0,0,0,0,0,0.00000000,0.00000000,0.00000000,0.00000000,0.00000000,0.00000000,0.00000000,0.00000000,0.00000000,20260917,108000.00000000,31320.00000000,0.00000000,0.00000000,0,0,0,0,0,0,0,0,0,0,0,0,0,0,0,A,1134000.00000000,CNY,嘉禾产业投资04,0,0,0,0,0,0,,0,0,0,0,0,0,0,0,,,1,0,12,6,337870.20000000,0.00000000,7150.00445652,20260915,61,0,1,0,正常,0,20260917
MOCK_TAG_0736,MOCK_CUST_0736,MOCK_ECIF_0736,上海禾宁供应链铭有限公司,91310114700007369F,20180224,存续,仓储服务、国内货物运输代理,32200000.00000000,CNY,31556000.00000000,CNY,私人控股,私营有限责任公司,中型,310000,310100,310114,上海市嘉定区嘉罗公路816号1幢117室,266,G,58,582,5821,1,0,0,1,0,0,0,0,0,0,0,0,0,何昕航,MOCK_PERSON_0736,赵嘉博,MOCK_PERSON_0129,MOCK_ORG_SH_JD_01,MOCK_ORG_SH_JD,MOCK_ORG_SH_JD_01,MOCK_ORG_SH_JD,1,0,0,1,0,0,20251002,,20230516,,,1892,15817124.38000000,172,1,1,0,0,0,0,0,0,20230513,1,1,2297708.00000000,4,0,1,0,0,1,0,5042520.04000000,12862658.77000000,9162441.86000000,9000471.45000000,1,0,0,0,0,0,0,0,26790400.00000000,13502361.60000000,13502361.60000000,13288038.40000000,13502361.60000000,12676063.23000000,13502361.60000000,0.00000000,0.00000000,20260917,39026400.00000000,17295521.60000000,26790400.00000000,13502361.60000000,0,0,0,0,0,0,0,0,0,0,0,0,0,0,0,,0.00000000,,,0,0,0,0,0,0,,0,0,0,0,0,0,0,0,MOCK_GROUP_52,产业集团52,1,0,12,11,0.00000000,0.68646865,8360.00231501,20260820,266,0,1,0,正常,0,20260917
MOCK_TAG_0737,MOCK_CUST_0737,MOCK_ECIF_0737,宁波禾知商贸铭有限公司,91330212700007377T,20231124,存续,日用百货、五金及电子产品批发,700000.00000000,CNY,525000.00000000,CNY,私人控股,私营有限责任公司,小型,330000,330200,330212,宁波市鄞州区首南东路817号2幢118室,9,F,51,513,5135,1,0,0,1,0,0,0,0,0,0,0,0,0,赵瑞航,MOCK_PERSON_0737,赵瑞航,MOCK_PERSON_0737,MOCK_ORG_ZJ_NB_02,MOCK_ORG_ZJ_NB,MOCK_ORG_ZJ_NB_02,MOCK_ORG_ZJ_NB,1,0,0,1,0,1,20260306,,20250526,,20250530,42,308703.52000000,7,1,1,0,0,0,0,0,0,20250518,1,1,2164330.00000000,4,0,1,0,0,0,0,91000.89000000,332930.87000000,237156.23000000,237156.23000000,1,0,0,0,0,0,0,0,1170400.00000000,480800.32000000,480800.32000000,689599.68000000,480800.32000000,334430.10000000,480800.32000000,0.00000000,0.00000000,20260917,1569400.00000000,628430.32000000,1170400.00000000,480800.32000000,0,0,0,0,0,0,0,0,0,0,0,0,0,0,0,,0.00000000,,,0,0,0,0,0,0,,0,0,0,0,0,0,0,0,,,1,0,12,6,0.00000000,0.74576271,7350.08380952,20260825,9,0,1,0,正常,0,20260917
MOCK_TAG_0738,MOCK_CUST_0738,MOCK_ECIF_0738,杭州禾禾精密制造铭有限公司,91330108700007385P,20060726,存续,工业零部件、自动化设备的研发与制造,37500000.00000000,CNY,22875000.00000000,CNY,私人控股,私营有限责任公司,中型,330000,330100,330108,杭州市滨江区江陵路818号3幢119室,213,C,34,348,3484,1,0,0,1,0,0,0,0,0,0,0,0,0,钱瑞航,MOCK_PERSON_0738,钱瑞航,MOCK_PERSON_0738,MOCK_ORG_ZJ_HZ_03,MOCK_ORG_ZJ_HZ,MOCK_ORG_ZJ_HZ_03,MOCK_ORG_ZJ_HZ,0,0,0,1,1,0,,,20230927,20230929,,0,0.00000000,0,0,1,1,0,0,0,0,0,20230918,1,1,2094126.00000000,4,0,1,0,0,1,0,21870000.65000000,11604418.61000000,11178832.52000000,10125000.30000000,0,0,0,0,0,0,0,0,0.00000000,0.00000000,0.00000000,0.00000000,0.00000000,0.00000000,0.00000000,0.00000000,0.00000000,20260917,15750000.00000000,5512500.00000000,0.00000000,0.00000000,0,0,0,0,0,0,0,0,0,0,0,0,0,0,0,,0.00000000,,,0,0,0,0,0,0,,0,0,0,0,0,0,0,0,,,1,0,12,0,0.00000000,0.00000000,0.00000000,,213,0,1,1,正常,0,20260917
MOCK_TAG_0739,MOCK_CUST_0739,MOCK_ECIF_0739,苏州禾润食品铭有限公司,91320571700007393A,20150527,存续,食品加工、预包装食品销售,1800000.00000000,CNY,1152000.00000000,CNY,私人控股,私营有限责任公司,小型,320000,320500,320571,苏州市工业园区星湖街819号4幢120室,46,C,14,149,1499,1,0,0,1,0,0,0,0,0,0,0,0,0,孙瑞航,MOCK_PERSON_0739,孙瑞航,MOCK_PERSON_0739,MOCK_ORG_JS_SZ_04,MOCK_ORG_JS_SZ,MOCK_ORG_JS_SZ_04,MOCK_ORG_JS_SZ,0,0,0,1,1,0,,,20230624,20230626,,0,0.00000000,0,0,1,1,0,0,0,0,0,20230618,1,1,2768324.00000000,5,0,1,0,0,0,0,306000.98000000,380749.38000000,271218.74000000,271218.74000000,1,0,0,0,0,0,0,0,1742400.00000000,472016.16000000,472016.16000000,1270383.84000000,472016.16000000,381387.90000000,472016.16000000,0.00000000,0.00000000,20260917,3038400.00000000,860816.16000000,1742400.00000000,472016.16000000,0,0,0,0,0,0,0,0,0,0,0,0,0,0,0,,0.00000000,,,0,0,0,0,0,0,,0,0,0,0,0,0,0,0,,,1,0,12,0,0.00000000,0.57345972,0.00000000,,46,0,1,1,正常,0,20260917
MOCK_TAG_0740,MOCK_CUST_0740,MOCK_ECIF_0740,苏州禾森信息科技铭有限公司,913205717000074060,20061125,存续,软件开发、信息系统集成及技术咨询,3400000.00000000,CNY,2584000.00000000,CNY,私人控股,私营有限责任公司,小型,320000,320500,320571,苏州市工业园区星湖街820号5幢101室,50,I,65,651,6513,1,1,0,1,0,0,0,0,0,0,0,0,0,李瑞航,MOCK_PERSON_0740,李瑞航,MOCK_PERSON_0740,MOCK_ORG_JS_SZ_05,MOCK_ORG_JS_SZ,MOCK_ORG_JS_SZ_05,MOCK_ORG_JS_SZ,1,0,0,1,0,0,20260505,,20240217,,,168,2341501.57000000,42,1,1,0,0,0,0,0,0,20240212,1,1,2405676.00000000,4,0,1,0,0,0,0,238000.43000000,238000.43000000,238000.43000000,238000.43000000,0,0,0,0,0,0,0,0,0.00000000,0.00000000,0.00000000,0.00000000,0.00000000,0.00000000,0.00000000,0.00000000,0.00000000,20260917,1530000.00000000,810900.00000000,0.00000000,0.00000000,0,0,0,0,0,0,0,0,1,0,0,1,0,0,0,B,2278000.00000000,CNY,嘉禾产业投资09,0,0,0,0,0,0,60–79,0,0,0,0,0,0,0,0,,,1,0,12,4,0.00000000,0.00000000,13937.50934524,20260825,50,0,1,0,正常,0,20260917
MOCK_TAG_0741,MOCK_CUST_0741,MOCK_ECIF_0741,杭州禾远商贸铭有限公司,913301087000074143,20100430,存续,日用百货、五金及电子产品批发,1200000.00000000,CNY,552000.00000000,CNY,私人控股,私营有限责任公司,小型,330000,330100,330108,杭州市滨江区江陵路821号6幢102室,26,F,51,513,5135,1,0,0,1,0,0,0,0,0,0,0,0,0,周瑞航,MOCK_PERSON_0741,赵远博,MOCK_PERSON_0017,MOCK_ORG_ZJ_HZ_06,MOCK_ORG_ZJ_HZ,MOCK_ORG_ZJ_HZ_06,MOCK_ORG_ZJ_HZ,0,1,0,1,0,1,,20260708,20260705,,20260709,0,0.00000000,0,0,1,0,0,1,0,0,0,20260627,1,1,476298.00000000,1,0,1,0,0,0,0,732000.20000000,233676.99000000,166454.84000000,166454.84000000,0,0,0,0,0,0,0,0,0.00000000,0.00000000,0.00000000,0.00000000,0.00000000,0.00000000,0.00000000,0.00000000,0.00000000,20260917,168000.00000000,31920.00000000,0.00000000,0.00000000,0,0,0,0,0,0,0,0,0,0,0,0,0,0,0,B,288000.00000000,CNY,嘉禾产业投资10,0,0,0,0,0,0,,0,0,0,0,0,0,0,0,MOCK_GROUP_44,产业集团44,0,0,3,0,0.00000000,0.00000000,0.00000000,,26,0,1,0,正常,0,20260917
MOCK_TAG_0742,MOCK_CUST_0742,MOCK_ECIF_0742,苏州禾衡食品铭有限公司,91320571700007422M,20210308,存续,食品加工、预包装食品销售,300000.00000000,CNY,204000.00000000,CNY,私人控股,私营有限责任公司,小型,320000,320500,320571,苏州市工业园区星湖街822号7幢103室,23,C,14,149,1499,1,0,0,1,0,0,0,0,0,0,0,0,0,吴瑞航,MOCK_PERSON_0742,吴瑞航,MOCK_PERSON_0742,MOCK_ORG_JS_SZ_07,MOCK_ORG_JS_SZ,MOCK_ORG_JS_SZ_07,MOCK_ORG_JS_SZ,1,1,0,1,0,0,20260508,20231221,20231218,,,95,659494.07000000,19,1,1,0,0,0,0,0,0,20231212,1,1,2516214.00000000,4,0,1,0,0,0,0,108000.95000000,165591.95000000,149024.68000000,149024.68000000,1,0,0,0,0,0,0,0,140400.00000000,0.00000000,0.00000000,140400.00000000,0.00000000,57591.00000000,0.00000000,0.00000000,0.00000000,20260917,350400.00000000,81900.00000000,140400.00000000,0.00000000,0,0,0,0,0,0,0,0,0,0,0,0,0,0,0,,0.00000000,,,0,0,0,0,0,0,,0,0,0,0,0,0,0,0,,,1,0,12,5,117325.96000000,0.40068493,6942.04284211,20260915,23,0,1,0,正常,0,20260917
MOCK_TAG_0743,MOCK_CUST_0743,MOCK_ECIF_0743,苏州禾昕医疗科技铭有限公司,91320571700007430G,20210604,存续,医疗器械研发、技术咨询及销售,700000.00000000,CNY,651000.00000000,CNY,私人控股,私营有限责任公司,小型,320000,320500,320571,苏州市工业园区星湖街823号8幢104室,21,C,35,358,3589,1,1,0,1,0,0,0,0,0,0,0,0,0,郑瑞航,MOCK_PERSON_0743,郑瑞航,MOCK_PERSON_0743,MOCK_ORG_JS_SZ_08,MOCK_ORG_JS_SZ,MOCK_ORG_JS_SZ_08,MOCK_ORG_JS_SZ,0,1,0,1,1,0,,20250111,20250108,20250110,,0,0.00000000,0,0,1,1,0,0,0,0,0,20250107,1,1,1609456.00000000,3,0,1,0,0,0,0,237160.55000000,162636.23000000,160151.94000000,154000.36000000,0,0,0,0,0,0,0,0,0.00000000,0.00000000,0.00000000,0.00000000,0.00000000,0.00000000,0.00000000,0.00000000,0.00000000,20260917,322000.00000000,109480.00000000,0.00000000,0.00000000,0,0,0,0,0,0,0,0,0,0,0,1,0,0,0,,0.00000000,,,0,0,0,0,0,0,60–79,0,0,0,0,0,0,0,0,,,1,0,12,0,0.00000000,0.00000000,0.00000000,,21,0,1,1,正常,0,20260917
MOCK_TAG_0744,MOCK_CUST_0744,MOCK_ECIF_0744,苏州禾途食品铭有限公司,91320571700007449D,20210623,存续,食品加工、预包装食品销售,2600000.00000000,CNY,1612000.00000000,CNY,私人控股,私营有限责任公司,小型,320000,320500,320571,苏州市工业园区星湖街824号1幢105室,74,C,14,149,1499,1,0,0,1,0,0,0,0,0,0,0,0,0,王瑞航,MOCK_PERSON_0744,王瑞航,MOCK_PERSON_0744,MOCK_ORG_JS_SZ_01,MOCK_ORG_JS_SZ,MOCK_ORG_JS_SZ_01,MOCK_ORG_JS_SZ,1,1,0,1,0,0,20251102,20230101,20221229,,,737,5328348.94000000,67,1,1,0,0,0,0,0,0,20221224,1,1,2749852.00000000,5,0,1,0,0,0,0,1508000.34000000,1465518.45000000,1220978.65000000,1220978.65000000,1,0,0,0,0,0,0,0,2373800.00000000,892548.80000000,892548.80000000,1481251.20000000,892548.80000000,850066.91000000,892548.80000000,0.00000000,0.00000000,20260917,3439800.00000000,1681388.80000000,2373800.00000000,892548.80000000,0,0,0,0,0,0,0,0,0,0,0,0,0,0,0,B,1950000.00000000,CNY,嘉禾产业投资01,0,0,0,0,0,0,,0,0,0,0,0,0,0,0,,,1,0,12,11,439855.77000000,0.69009826,7229.78146540,20260910,74,0,1,0,正常,0,20260917
MOCK_TAG_0745,MOCK_CUST_0745,MOCK_ECIF_0745,上海沐川精密制造铭有限公司,91310115700007457C,20120829,存续,工业零部件、自动化设备的研发与制造,1900000.00000000,CNY,988000.00000000,CNY,私人控股,私营有限责任公司,小型,310000,310100,310115,上海市浦东新区金海路825号2幢106室,53,C,34,348,3484,1,0,0,1,0,0,0,0,0,0,0,0,0,陈瑞航,MOCK_PERSON_0745,陈瑞航,MOCK_PERSON_0745,MOCK_ORG_SH_PD_02,MOCK_ORG_SH_PD,MOCK_ORG_SH_PD_02,MOCK_ORG_SH_PD,1,0,0,1,1,1,20260612,,20220820,20220822,20220824,120,948600.49000000,40,1,1,1,0,0,0,0,0,20220812,1,1,2362670.00000000,4,0,1,0,0,0,0,2259101.62000000,1267851.91000000,1220141.31000000,1102000.79000000,0,0,0,0,0,0,0,0,0.00000000,0.00000000,0.00000000,0.00000000,0.00000000,0.00000000,0.00000000,0.00000000,0.00000000,20260917,1007000.00000000,745180.00000000,0.00000000,0.00000000,0,0,0,0,0,0,0,0,0,0,0,0,0,0,0,,0.00000000,,,0,0,0,0,0,0,,0,0,0,0,0,0,0,0,,,1,0,12,3,0.00000000,0.00000000,7905.00408333,20260820,53,0,1,1,正常,0,20260917
MOCK_TAG_0746,MOCK_CUST_0746,MOCK_ECIF_0746,上海沐原商贸铭有限公司,913101157000074657,20161229,存续,日用百货、五金及电子产品批发,600000.00000000,CNY,288000.00000000,CNY,私人控股,私营有限责任公司,小型,310000,310100,310115,上海市浦东新区金海路826号3幢107室,20,F,51,513,5135,1,0,0,1,0,0,0,0,0,0,0,0,0,杨瑞航,MOCK_PERSON_0746,杨瑞航,MOCK_PERSON_0746,MOCK_ORG_SH_PD_03,MOCK_ORG_SH_PD,MOCK_ORG_SH_PD_03,MOCK_ORG_SH_PD,1,0,0,1,1,0,20260528,,20221129,20221201,,64,486001.54000000,16,1,1,1,0,0,0,0,0,20221125,1,1,2529164.00000000,4,0,1,0,0,0,0,971461.44000000,456246.68000000,433737.52000000,378000.56000000,0,0,0,0,0,0,0,0,0.00000000,0.00000000,0.00000000,0.00000000,0.00000000,0.00000000,0.00000000,0.00000000,0.00000000,20260917,294000.00000000,88200.00000000,0.00000000,0.00000000,0,0,0,0,0,0,0,0,0,0,0,0,0,0,0,C,390000.00000000,CNY,嘉禾产业投资03,0,0,0,0,0,0,,0,0,0,0,0,0,0,0,,,1,0,12,4,120000.35000000,0.00000000,7593.77406250,20260905,20,0,1,1,正常,0,20260917
MOCK_TAG_0747,MOCK_CUST_0747,MOCK_ECIF_0747,上海沐辰精密制造铭有限公司,913101157000074732,20071021,存续,工业零部件、自动化设备的研发与制造,4400000.00000000,CNY,1320000.00000000,CNY,私人控股,私营有限责任公司,小型,310000,310100,310115,上海市浦东新区金海路827号4幢108室,34,C,34,348,3484,1,0,0,1,0,0,0,0,0,0,0,0,0,黄瑞航,MOCK_PERSON_0747,黄瑞航,MOCK_PERSON_0747,MOCK_ORG_SH_PD_04,MOCK_ORG_SH_PD,MOCK_ORG_SH_PD_04,MOCK_ORG_SH_PD,0,1,0,1,1,0,,20241117,20241114,20241116,,0,0.00000000,0,0,1,1,0,0,0,0,0,20241113,1,1,2007434.00000000,4,0,1,0,0,0,0,2420000.83000000,2557445.83000000,2215550.01000000,2215550.01000000,1,0,0,0,1,0,0,0,2002000.00000000,1051050.00000000,1051050.00000000,950950.00000000,1051050.00000000,1188495.00000000,1051050.00000000,0.00000000,0.00000000,20260917,4554000.00000000,2633290.00000000,2002000.00000000,1051050.00000000,0,0,0,0,0,0,0,0,0,0,0,0,0,0,0,,0.00000000,,,0,0,0,0,0,0,,0,0,0,0,0,0,0,0,,,1,0,12,0,0.00000000,0.43961353,0.00000000,,34,0,1,1,正常,0,20260917
MOCK_TAG_0748,MOCK_CUST_0748,MOCK_ECIF_0748,宁波沐宁食品铭有限公司,91330212700007481Y,20110220,存续,食品加工、预包装食品销售,4600000.00000000,CNY,2806000.00000000,CNY,私人控股,私营有限责任公司,小型,330000,330200,330212,宁波市鄞州区首南东路828号5幢109室,26,C,14,149,1499,1,0,0,1,0,0,0,0,0,0,0,0,0,徐瑞航,MOCK_PERSON_0748,徐瑞航,MOCK_PERSON_0748,MOCK_ORG_ZJ_NB_05,MOCK_ORG_ZJ_NB,MOCK_ORG_ZJ_NB_05,MOCK_ORG_ZJ_NB,1,1,0,1,0,0,20251111,20240408,20240405,,,180,1273549.18000000,18,1,1,0,0,0,0,0,0,20240404,1,1,3083066.00000000,5,0,1,0,0,0,0,1192320.68000000,1637841.99000000,1404873.88000000,1375927.89000000,1,0,0,0,0,0,0,0,3266000.00000000,0.00000000,0.00000000,3266000.00000000,0.00000000,769205.81000000,0.00000000,0.00000000,0.00000000,20260917,5888000.00000000,1809180.00000000,3266000.00000000,0.00000000,0,0,0,0,0,0,0,0,0,0,0,0,0,0,0,,0.00000000,,,0,0,0,0,0,0,,0,0,0,0,0,0,0,0,,,1,0,12,10,0.00000000,0.55468750,7075.27322222,20260825,26,0,1,0,正常,0,20260917
MOCK_TAG_0749,MOCK_CUST_0749,MOCK_ECIF_0749,上海沐知医疗科技铭有限公司,9131011570000749XL,20141015,存续,医疗器械研发、技术咨询及销售,1900000.00000000,CNY,1653000.00000000,CNY,私人控股,私营有限责任公司,小型,310000,310100,310115,上海市浦东新区金海路829号6幢110室,80,C,35,358,3589,1,1,0,1,0,0,0,0,0,0,0,0,0,朱瑞航,MOCK_PERSON_0749,朱瑞航,MOCK_PERSON_0749,MOCK_ORG_SH_PD_06,MOCK_ORG_SH_PD,MOCK_ORG_SH_PD_06,MOCK_ORG_SH_PD,0,0,0,1,0,0,,,20260621,,,0,0.00000000,0,0,1,0,0,0,0,0,0,20260614,1,1,777998.00000000,1,0,1,0,0,0,0,551000.18000000,203446.22000000,144920.60000000,144920.60000000,0,0,0,0,0,0,0,0,0.00000000,0.00000000,0.00000000,0.00000000,0.00000000,0.00000000,0.00000000,0.00000000,0.00000000,20260917,741000.00000000,540930.00000000,0.00000000,0.00000000,0,0,0,0,0,0,0,0,0,0,0,1,0,0,0,,0.00000000,,,0,0,0,0,0,0,40–59,0,0,0,0,0,0,0,0,,,0,0,4,0,0.00000000,0.00000000,0.00000000,,80,0,1,0,正常,0,20260917
MOCK_TAG_0750,MOCK_CUST_0750,MOCK_ECIF_0750,上海沐禾商贸铭有限公司,91310114700007502Y,20070525,存续,日用百货、五金及电子产品批发,40300000.00000000,CNY,14105000.00000000,CNY,私人控股,私营有限责任公司,中型,310000,310100,310114,上海市嘉定区嘉罗公路830号7幢111室,278,F,51,513,5135,1,0,0,1,0,0,0,0,0,0,0,0,0,胡瑞航,MOCK_PERSON_0750,胡瑞航,MOCK_PERSON_0750,MOCK_ORG_SH_JD_07,MOCK_ORG_SH_JD,MOCK_ORG_SH_JD_07,MOCK_ORG_SH_JD,1,0,0,1,1,0,20260104,,20230423,20230425,,1620,12980252.29000000,180,1,1,1,0,0,0,0,0,20230416,1,1,2026176.00000000,4,0,1,0,0,1,0,31824911.43000000,23774211.07000000,23079424.60000000,21359000.96000000,0,0,0,0,0,0,0,0,0.00000000,0.00000000,0.00000000,0.00000000,0.00000000,0.00000000,0.00000000,0.00000000,0.00000000,20260917,15717000.00000000,2829060.00000000,0.00000000,0.00000000,0,0,0,0,0,0,0,0,0,0,0,0,0,0,0,,0.00000000,,,0,0,0,0,0,0,,0,0,0,0,0,0,0,0,,,1,0,12,9,1431000.08000000,0.00000000,8012.50141358,20260915,278,0,1,1,正常,0,20260917
MOCK_TAG_0751,MOCK_CUST_0751,MOCK_ECIF_0751,宁波沐润精密制造铭有限公司,91330212700007510A,20120612,存续,工业零部件、自动化设备的研发与制造,32400000.00000000,CNY,16524000.00000000,CNY,私人控股,私营有限责任公司,中型,330000,330200,330212,宁波市鄞州区首南东路831号8幢112室,373,C,34,348,3484,1,0,0,1,0,0,0,0,0,0,0,0,0,林瑞航,MOCK_PERSON_0751,林瑞航,MOCK_PERSON_0751,MOCK_ORG_ZJ_NB_08,MOCK_ORG_ZJ_NB,MOCK_ORG_ZJ_NB_08,MOCK_ORG_ZJ_NB,1,1,0,1,1,0,20251001,20250204,20250201,20250203,,3608,32243224.94000000,328,1,1,1,0,1,0,0,0,20250130,1,1,2193870.00000000,4,0,1,0,0,1,0,15876000.37000000,15537619.95000000,13613313.05000000,13613313.05000000,1,0,0,0,1,0,0,0,10108800.00000000,7027637.76000000,7027637.76000000,3081162.24000000,7027637.76000000,6689257.34000000,7027637.76000000,0.00000000,0.00000000,20260917,21124800.00000000,15069317.76000000,10108800.00000000,7027637.76000000,0,0,0,0,0,0,0,0,0,0,0,0,0,0,0,,0.00000000,,,0,0,0,0,0,0,,0,0,0,0,0,0,0,0,,,1,0,12,11,0.00000000,0.47852761,8936.59227827,20260820,373,0,1,1,正常,0,20260917
MOCK_TAG_0752,MOCK_CUST_0752,MOCK_ECIF_0752,宁波沐森食品铭有限公司,913302127000075297,20150530,存续,食品加工、预包装食品销售,32100000.00000000,CNY,17334000.00000000,CNY,私人控股,私营有限责任公司,中型,330000,330200,330212,宁波市鄞州区首南东路832号1幢113室,119,C,14,149,1499,1,0,0,1,0,0,0,0,0,0,0,0,0,钱正颖,MOCK_PERSON_0610,王启博,MOCK_PERSON_0232,MOCK_ORG_ZJ_NB_01,MOCK_ORG_ZJ_NB,MOCK_ORG_ZJ_NB_01,MOCK_ORG_ZJ_NB,1,1,0,1,1,0,20260319,20240613,20240610,20240612,,624,4035722.78000000,104,1,1,1,0,0,0,0,0,20240604,1,1,1929646.00000000,4,1,1,0,0,1,0,0.00000000,122.98000000,123.11000000,123.11000000,0,0,0,0,0,0,0,0,0.00000000,0.00000000,0.00000000,0.00000000,0.00000000,0.00000000,0.00000000,0.00000000,0.00000000,20260917,20544000.00000000,9039360.00000000,0.00000000,0.00000000,0,0,0,0,0,0,0,0,0,0,0,0,0,0,0,,0.00000000,,,0,0,0,0,0,0,,0,0,0,0,0,0,0,0,MOCK_GROUP_11,产业集团11,1,0,12,6,608400.98000000,0.00000000,6467.50445513,20260905,119,0,1,1,正常,0,20260917
MOCK_TAG_0753,MOCK_CUST_0753,MOCK_ECIF_0753,宁波沐远供应链铭有限公司,913302127000075372,20110819,存续,仓储服务、国内货物运输代理,4900000.00000000,CNY,3626000.00000000,CNY,私人控股,私营有限责任公司,小型,330000,330200,330212,宁波市鄞州区首南东路833号2幢114室,42,G,58,582,5821,1,0,0,1,0,0,0,0,0,0,0,0,0,赵安航,MOCK_PERSON_0753,赵安航,MOCK_PERSON_0753,MOCK_ORG_ZJ_NB_02,MOCK_ORG_ZJ_NB,MOCK_ORG_ZJ_NB_02,MOCK_ORG_ZJ_NB,1,0,0,1,0,0,20260418,,20230623,,,190,1532162.33000000,38,1,1,0,0,0,0,0,0,20230618,1,1,1582800.00000000,3,0,1,0,0,0,0,4785340.62000000,1981669.56000000,1947244.14000000,1862000.24000000,0,0,0,0,0,0,0,0,0.00000000,0.00000000,0.00000000,0.00000000,0.00000000,0.00000000,0.00000000,0.00000000,0.00000000,20260917,2450000.00000000,514500.00000000,0.00000000,0.00000000,0,0,0,0,0,0,0,0,0,0,0,0,0,0,0,B,2989000.00000000,CNY,嘉禾产业投资10,0,0,0,0,0,0,,0,0,0,0,0,0,0,0,,,1,0,12,5,328320.50000000,0.00000000,8064.01226316,20260905,42,0,1,0,正常,0,20260917
MOCK_TAG_0754,MOCK_CUST_0754,MOCK_ECIF_0754,上海沐衡医疗科技铭有限公司,91310115700007545T,20210326,存续,医疗器械研发、技术咨询及销售,41900000.00000000,CNY,15084000.00000000,CNY,私人控股,私营有限责任公司,中型,310000,310100,310115,上海市浦东新区金海路834号3幢115室,444,C,35,358,3589,1,1,0,1,0,0,0,0,0,0,0,0,0,钱安航,MOCK_PERSON_0754,何远博,MOCK_PERSON_0032,MOCK_ORG_SH_PD_03,MOCK_ORG_SH_PD,MOCK_ORG_SH_PD_03,MOCK_ORG_SH_PD,1,1,0,1,1,0,20260127,20230606,20230603,20230605,,3016,34544514.26000000,377,1,1,1,0,0,0,0,0,20230530,1,1,2393980.00000000,4,0,1,0,0,1,0,34290960.45000000,20021496.26000000,19565394.67000000,18436000.24000000,0,0,0,0,0,0,0,0,0.00000000,0.00000000,0.00000000,0.00000000,0.00000000,0.00000000,0.00000000,0.00000000,0.00000000,20260917,2514000.00000000,1206720.00000000,0.00000000,0.00000000,0,0,0,0,0,0,0,0,1,0,0,1,0,0,0,,0.00000000,,,0,0,0,0,0,0,20–39,0,0,0,0,0,0,0,0,MOCK_GROUP_56,产业集团56,1,0,12,8,3939650.65000000,0.00000000,11453.75141247,20260915,444,0,1,1,正常,0,20260917
MOCK_TAG_0755,MOCK_CUST_0755,MOCK_ECIF_0755,宁波沐昕食品铭有限公司,91330212700007553P,20160814,存续,食品加工、预包装食品销售,900000.00000000,CNY,576000.00000000,CNY,私人控股,私营有限责任公司,小型,330000,330200,330212,宁波市鄞州区首南东路835号4幢116室,24,C,14,149,1499,1,0,0,1,0,0,0,0,0,0,0,0,0,钱宁博,MOCK_PERSON_0050,赵远博,MOCK_PERSON_0017,MOCK_ORG_ZJ_NB_04,MOCK_ORG_ZJ_NB,MOCK_ORG_ZJ_NB_04,MOCK_ORG_ZJ_NB,1,1,0,1,0,0,20250923,20241127,20241124,,,264,1897616.06000000,22,1,1,0,0,0,0,0,0,20241121,1,1,2141166.00000000,4,0,1,0,0,0,0,540000.47000000,933310.30000000,667694.90000000,667694.90000000,1,0,0,0,0,0,0,0,1278000.00000000,796449.60000000,796449.60000000,481550.40000000,796449.60000000,934296.65000000,796449.60000000,0.00000000,0.00000000,20260917,1980000.00000000,985989.60000000,1278000.00000000,796449.60000000,0,0,0,0,0,0,0,0,0,0,0,0,0,0,0,,0.00000000,,,0,0,0,0,0,0,,0,0,0,0,0,0,0,0,MOCK_GROUP_44,产业集团44,1,0,12,12,128700.48000000,0.64545455,7187.93962121,20260905,24,0,1,0,正常,0,20260917
MOCK_TAG_0756,MOCK_CUST_0756,MOCK_ECIF_0756,上海沐途商贸铭有限公司,913101147000075612,20180627,存续,日用百货、五金及电子产品批发,3400000.00000000,CNY,2924000.00000000,CNY,私人控股,私营有限责任公司,小型,310000,310100,310114,上海市嘉定区嘉罗公路836号5幢117室,25,F,51,513,5135,1,0,0,1,0,0,0,0,0,0,0,0,0,李安航,MOCK_PERSON_0756,陈文颖,MOCK_PERSON_0393,MOCK_ORG_SH_JD_05,MOCK_ORG_SH_JD,MOCK_ORG_SH_JD_05,MOCK_ORG_SH_JD,1,1,0,1,0,1,20260626,20250318,20250315,,20250319,63,496127.73000000,21,1,1,0,0,0,0,0,0,20250306,1,1,1920768.00000000,4,0,1,0,0,0,0,1077120.42000000,769207.61000000,629539.96000000,625717.05000000,1,0,0,0,0,0,0,0,965600.00000000,328304.00000000,328304.00000000,637296.00000000,328304.00000000,480144.60000000,328304.00000000,0.00000000,0.00000000,20260917,2427600.00000000,1234744.00000000,965600.00000000,328304.00000000,0,1,0,0,0,0,1,0,0,0,0,0,0,0,0,A,850000.00000000,CNY,嘉禾产业投资01,0,0,0,0,0,0,,0,0,0,0,0,0,0,0,MOCK_GROUP_54,产业集团54,1,0,12,3,135450.92000000,0.39775910,7875.04333333,20260905,25,0,1,0,正常,0,20260917
MOCK_TAG_0757,MOCK_CUST_0757,MOCK_ECIF_0757,上海岚川医疗科技铭有限公司,9131011470000757XR,20060331,存续,医疗器械研发、技术咨询及销售,3200000.00000000,CNY,1952000.00000000,CNY,私人控股,私营有限责任公司,小型,310000,310100,310114,上海市嘉定区嘉罗公路837号6幢118室,33,C,35,358,3589,1,1,0,1,0,0,0,0,0,0,0,0,0,周安航,MOCK_PERSON_0757,周安航,MOCK_PERSON_0757,MOCK_ORG_SH_JD_06,MOCK_ORG_SH_JD,MOCK_ORG_SH_JD_06,MOCK_ORG_SH_JD,0,0,0,1,1,0,,,20220908,20220910,,0,0.00000000,0,0,1,1,0,0,0,0,0,20220905,1,1,1713234.00000000,4,0,1,0,0,0,0,1184000.52000000,2912196.46000000,2415044.20000000,2415044.20000000,1,0,0,0,0,0,0,0,5004800.00000000,0.00000000,0.00000000,5004800.00000000,0.00000000,1728195.94000000,0.00000000,0.00000000,0.00000000,20260917,7404800.00000000,1032000.00000000,5004800.00000000,0.00000000,0,0,0,0,0,0,0,0,0,0,0,1,0,0,0,,0.00000000,,,0,0,0,0,0,0,40–59,0,0,0,0,0,0,0,0,,,1,0,12,0,0.00000000,0.67588591,0.00000000,,33,0,1,1,正常,0,20260917
MOCK_TAG_0758,MOCK_CUST_0758,MOCK_ECIF_0758,苏州岚原信息科技铭有限公司,913205717000075884,20210618,存续,软件开发、信息系统集成及技术咨询,3300000.00000000,CNY,2046000.00000000,CNY,私人控股,私营有限责任公司,小型,320000,320500,320571,苏州市工业园区星湖街838号7幢119室,80,I,65,651,6513,1,1,0,1,0,0,0,0,0,0,0,0,0,林远颖,MOCK_PERSON_0351,黄瑞博,MOCK_PERSON_0107,MOCK_ORG_JS_SZ_07,MOCK_ORG_JS_SZ,MOCK_ORG_JS_SZ_07,MOCK_ORG_JS_SZ,1,1,0,1,1,0,20251229,20250526,20250523,20250525,,666,9300877.58000000,74,1,1,1,0,0,0,0,0,20250515,1,1,1771272.00000000,3,0,1,0,0,0,0,2548260.19000000,1351867.95000000,1276248.42000000,1089000.08000000,0,0,0,0,0,0,0,0,0.00000000,0.00000000,0.00000000,0.00000000,0.00000000,0.00000000,0.00000000,0.00000000,0.00000000,20260917,396000.00000000,126720.00000000,0.00000000,0.00000000,0,0,0,0,0,0,0,0,0,0,0,1,0,0,0,,0.00000000,,,0,0,0,0,0,0,20–39,0,0,0,0,0,0,0,0,MOCK_GROUP_29,产业集团29,1,0,12,9,1045250.89000000,0.00000000,13965.28165165,20260910,80,0,1,1,正常,0,20260917
MOCK_TAG_0759,MOCK_CUST_0759,MOCK_ECIF_0759,苏州岚辰商贸铭有限公司,91320571700007596Y,20231208,存续,日用百货、五金及电子产品批发,400000.00000000,CNY,360000.00000000,CNY,私人控股,私营有限责任公司,小型,320000,320500,320571,苏州市工业园区星湖街839号8幢120室,60,F,51,513,5135,1,0,0,1,0,0,0,0,0,0,0,0,0,郑安航,MOCK_PERSON_0759,郑安航,MOCK_PERSON_0759,MOCK_ORG_JS_SZ_08,MOCK_ORG_JS_SZ,MOCK_ORG_JS_SZ_08,MOCK_ORG_JS_SZ,0,1,0,1,0,1,,20250501,20250428,,20250502,0,0.00000000,0,0,1,0,0,0,0,0,0,20250422,1,1,2627848.00000000,4,0,1,0,0,0,0,212000.80000000,443601.56000000,318575.05000000,318575.05000000,1,0,0,0,0,0,0,0,582400.00000000,391547.52000000,391547.52000000,190852.48000000,391547.52000000,444292.13000000,391547.52000000,0.00000000,0.00000000,20260917,598400.00000000,403547.52000000,582400.00000000,391547.52000000,0,0,0,0,0,0,0,0,0,0,0,0,0,0,0,,0.00000000,,,0,0,0,0,0,0,,0,0,0,0,0,0,0,0,,,1,0,12,0,0.00000000,0.97326203,0.00000000,,60,0,1,0,正常,0,20260917
MOCK_TAG_0760,MOCK_CUST_0760,MOCK_ECIF_0760,上海岚宁精密制造铭有限公司,91310112700007609D,20161129,存续,工业零部件、自动化设备的研发与制造,4400000.00000000,CNY,4180000.00000000,CNY,私人控股,私营有限责任公司,小型,310000,310100,310112,上海市闵行区联航路840号1幢101室,11,C,34,348,3484,1,0,0,1,0,0,0,0,0,0,0,0,0,王安航,MOCK_PERSON_0760,王安航,MOCK_PERSON_0760,MOCK_ORG_SH_MH_01,MOCK_ORG_SH_MH,MOCK_ORG_SH_MH_01,MOCK_ORG_SH_MH,0,0,0,1,0,0,,,20221015,,,0,0.00000000,0,0,1,0,0,0,0,0,0,20221013,1,1,2735906.00000000,5,0,1,0,0,0,0,2024000.01000000,3427290.55000000,2562201.66000000,2562201.66000000,1,0,0,0,1,0,0,0,5834400.00000000,3087564.48000000,3087564.48000000,2746835.52000000,3087564.48000000,3431381.18000000,3087564.48000000,0.00000000,0.00000000,20260917,6010400.00000000,3219564.48000000,5834400.00000000,3087564.48000000,0,0,0,0,0,0,0,0,0,0,0,0,0,0,0,C,3256000.00000000,CNY,嘉禾产业投资05,0,0,0,0,0,0,,0,0,0,0,0,0,0,0,,,1,0,12,0,0.00000000,0.97071742,0.00000000,,11,0,1,0,正常,0,20260917
MOCK_TAG_0761,MOCK_CUST_0761,MOCK_ECIF_0761,杭州岚知信息科技铭有限公司,91330108700007617P,20150329,存续,软件开发、信息系统集成及技术咨询,2400000.00000000,CNY,1944000.00000000,CNY,私人控股,私营有限责任公司,小型,330000,330100,330108,杭州市滨江区江陵路841号2幢102室,23,I,65,651,6513,1,1,0,1,0,0,0,0,0,0,0,0,0,黄景博,MOCK_PERSON_0203,杨泽博,MOCK_PERSON_0186,MOCK_ORG_ZJ_HZ_02,MOCK_ORG_ZJ_HZ,MOCK_ORG_ZJ_HZ_02,MOCK_ORG_ZJ_HZ,0,1,0,0,1,0,,20240109,,20240108,,0,0.00000000,0,0,0,1,0,1,0,0,0,20231230,1,1,3009566.00000000,5,0,1,0,0,0,0,784080.62000000,651664.21000000,650610.27000000,648000.51000000,0,0,0,0,0,0,0,0,0.00000000,0.00000000,0.00000000,0.00000000,0.00000000,0.00000000,0.00000000,0.00000000,0.00000000,20260917,1536000.00000000,660480.00000000,0.00000000,0.00000000,0,0,0,0,0,0,0,0,0,0,0,1,0,0,0,,0.00000000,,,0,0,0,0,0,0,20–39,0,0,0,0,0,0,0,0,MOCK_GROUP_36,产业集团36,1,0,12,0,0.00000000,0.00000000,0.00000000,,23,0,0,1,正常,0,20260917
MOCK_TAG_0762,MOCK_CUST_0762,MOCK_ECIF_0762,苏州岚禾供应链铭有限公司,91320571700007625A,20060328,存续,仓储服务、国内货物运输代理,3600000.00000000,CNY,2484000.00000000,CNY,私人控股,私营有限责任公司,小型,320000,320500,320571,苏州市工业园区星湖街842号3幢103室,29,G,58,582,5821,1,0,0,1,0,0,0,0,0,0,0,0,0,杨安航,MOCK_PERSON_0762,徐启颖,MOCK_PERSON_0556,MOCK_ORG_JS_SZ_03,MOCK_ORG_JS_SZ,MOCK_ORG_JS_SZ_03,MOCK_ORG_JS_SZ,1,0,0,1,1,0,20260703,,20231012,20231014,,66,545601.27000000,22,1,1,1,0,0,0,0,0,20231004,1,1,2242682.00000000,4,0,1,0,0,0,0,3538080.20000000,3029733.67000000,2271560.28000000,2144552.27000000,1,0,0,0,0,0,0,0,3855600.00000000,1873821.60000000,1873821.60000000,1981778.40000000,1873821.60000000,2457255.44000000,1873821.60000000,0.00000000,0.00000000,20260917,4791600.00000000,2238861.60000000,3855600.00000000,1873821.60000000,0,0,0,0,0,0,0,0,0,0,0,0,0,0,0,,0.00000000,,,0,0,0,0,0,0,,0,0,0,0,0,0,0,0,MOCK_GROUP_20,产业集团20,1,0,12,3,179520.86000000,0.80465815,8266.68590909,20260915,29,0,1,1,正常,0,20260917
MOCK_TAG_0763,MOCK_CUST_0763,MOCK_ECIF_0763,宁波岚润供应链铭有限公司,91330212700007633B,20210601,存续,仓储服务、国内货物运输代理,700000.00000000,CNY,693000.00000000,CNY,私人控股,私营有限责任公司,小型,330000,330200,330212,宁波市鄞州区首南东路843号4幢104室,68,G,58,582,5821,1,0,0,1,0,0,0,0,0,0,0,0,0,黄安航,MOCK_PERSON_0763,黄安航,MOCK_PERSON_0763,MOCK_ORG_ZJ_NB_04,MOCK_ORG_ZJ_NB,MOCK_ORG_ZJ_NB_04,MOCK_ORG_ZJ_NB,1,0,0,1,0,0,20250926,,20240918,,,696,6245443.15000000,58,1,1,0,0,0,0,0,0,20240917,1,1,1895838.00000000,3,0,1,0,0,0,0,545160.14000000,254215.57000000,247537.13000000,231000.06000000,0,0,0,0,0,0,0,0,0.00000000,0.00000000,0.00000000,0.00000000,0.00000000,0.00000000,0.00000000,0.00000000,0.00000000,20260917,203000.00000000,136010.00000000,0.00000000,0.00000000,0,0,0,0,0,0,0,0,0,0,0,0,0,0,0,,0.00000000,,,0,0,0,0,0,0,,0,0,0,0,0,0,0,0,,,1,0,12,12,519680.05000000,0.00000000,8973.33785920,20260905,68,0,1,0,正常,0,20260917
MOCK_TAG_0764,MOCK_CUST_0764,MOCK_ECIF_0764,苏州岚森信息科技铭有限公司,913205717000076410,20190306,存续,软件开发、信息系统集成及技术咨询,2000000.00000000,CNY,1780000.00000000,CNY,私人控股,私营有限责任公司,小型,320000,320500,320571,苏州市工业园区星湖街844号5幢105室,46,I,65,651,6513,1,1,0,1,0,0,0,0,0,0,0,0,0,徐安航,MOCK_PERSON_0764,徐安航,MOCK_PERSON_0764,MOCK_ORG_JS_SZ_05,MOCK_ORG_JS_SZ,MOCK_ORG_JS_SZ_05,MOCK_ORG_JS_SZ,1,1,0,1,0,0,20250929,20220827,20220824,,,492,6795756.72000000,41,1,1,0,0,0,0,0,0,20220817,1,1,2330784.00000000,4,0,1,0,0,0,0,1692800.33000000,1272907.12000000,1171385.95000000,1091635.79000000,1,0,0,0,0,0,0,0,2054000.00000000,0.00000000,0.00000000,2054000.00000000,0.00000000,240950.00000000,0.00000000,0.00000000,0.00000000,20260917,2494000.00000000,105600.00000000,2054000.00000000,0.00000000,0,0,0,0,0,0,0,0,0,0,0,1,0,0,0,,0.00000000,,,0,0,0,0,0,0,60–79,0,0,0,0,0,0,0,0,,,1,0,12,12,512500.72000000,0.82357658,13812.51365854,20260915,46,0,1,0,正常,0,20260917
MOCK_TAG_0765,MOCK_CUST_0765,MOCK_ECIF_0765,杭州岚远信息科技铭有限公司,9133010870000765X0,20100802,存续,软件开发、信息系统集成及技术咨询,300000.00000000,CNY,195000.00000000,CNY,私人控股,私营有限责任公司,小型,330000,330100,330108,杭州市滨江区江陵路845号6幢106室,73,I,65,651,6513,1,1,0,1,0,0,0,0,0,0,0,0,0,朱安航,MOCK_PERSON_0765,朱安航,MOCK_PERSON_0765,MOCK_ORG_ZJ_HZ_06,MOCK_ORG_ZJ_HZ,MOCK_ORG_ZJ_HZ_06,MOCK_ORG_ZJ_HZ,1,1,0,1,0,0,20260303,20240520,20240517,,,469,5870879.37000000,67,1,1,0,0,0,0,0,0,20240514,1,1,2572896.00000000,4,0,1,0,0,0,0,123000.52000000,123000.52000000,123000.52000000,123000.52000000,0,0,0,0,0,0,0,0,0.00000000,0.00000000,0.00000000,0.00000000,0.00000000,0.00000000,0.00000000,0.00000000,0.00000000,20260917,18000.00000000,2880.00000000,0.00000000,0.00000000,0,0,0,0,0,0,0,0,1,0,0,1,0,0,0,,0.00000000,,,0,0,0,0,0,0,40–59,0,0,0,0,0,0,0,0,,,1,0,12,7,787250.85000000,0.00000000,12517.86646055,20260910,73,0,1,0,正常,0,20260917
MOCK_TAG_0766,MOCK_CUST_0766,MOCK_ECIF_0766,宁波岚衡商贸铭有限公司,91330212700007668X,20121118,存续,日用百货、五金及电子产品批发,4800000.00000000,CNY,4080000.00000000,CNY,私人控股,私营有限责任公司,小型,330000,330200,330212,宁波市鄞州区首南东路846号7幢107室,35,F,51,513,5135,1,0,0,1,0,0,0,0,0,0,0,0,0,胡安航,MOCK_PERSON_0766,胡安航,MOCK_PERSON_0766,MOCK_ORG_ZJ_NB_07,MOCK_ORG_ZJ_NB,MOCK_ORG_ZJ_NB_07,MOCK_ORG_ZJ_NB,1,0,0,0,1,1,20251107,,,20230211,20230213,320,2557206.13000000,32,1,0,1,0,0,0,0,0,20230204,1,1,1592054.00000000,4,0,1,0,0,0,0,5088960.32000000,3243716.28000000,3011011.63000000,2947333.38000000,1,0,0,0,0,0,0,0,1728000.00000000,541209.60000000,541209.60000000,1186790.40000000,541209.60000000,719531.22000000,541209.60000000,0.00000000,0.00000000,20260917,3888000.00000000,1772409.60000000,1728000.00000000,541209.60000000,0,0,0,0,0,0,0,0,0,0,0,0,0,0,0,C,1056000.00000000,CNY,嘉禾产业投资11,0,0,0,0,0,0,,0,0,0,0,0,0,0,0,,,1,0,12,10,0.00000000,0.44444444,7991.26915625,20260820,35,0,0,1,正常,0,20260917
MOCK_TAG_0767,MOCK_CUST_0767,MOCK_ECIF_0767,宁波岚昕食品铭有限公司,91330212700007676Q,20150223,存续,食品加工、预包装食品销售,2600000.00000000,CNY,2132000.00000000,CNY,私人控股,私营有限责任公司,小型,330000,330200,330212,宁波市鄞州区首南东路847号8幢108室,85,C,14,149,1499,1,0,0,1,0,0,0,0,0,0,0,0,0,林安航,MOCK_PERSON_0767,林安航,MOCK_PERSON_0767,MOCK_ORG_ZJ_NB_08,MOCK_ORG_ZJ_NB,MOCK_ORG_ZJ_NB_08,MOCK_ORG_ZJ_NB,1,0,0,1,0,0,20251113,,20220809,,,710,4908057.89000000,71,1,1,0,0,0,0,0,0,20220805,1,1,2408120.00000000,4,0,1,0,0,0,0,884000.10000000,692300.08000000,680131.58000000,650000.07000000,0,0,0,0,0,0,0,0,0.00000000,0.00000000,0.00000000,0.00000000,0.00000000,0.00000000,0.00000000,0.00000000,0.00000000,20260917,884000.00000000,282880.00000000,0.00000000,0.00000000,0,0,0,0,0,0,0,0,0,0,0,0,0,0,0,A,598000.00000000,CNY,嘉禾产业投资12,0,0,0,0,0,0,,0,0,0,0,0,0,0,0,,,1,0,12,10,0.00000000,0.00000000,6912.75759155,20260825,85,0,1,0,正常,0,20260917
MOCK_TAG_0768,MOCK_CUST_0768,MOCK_ECIF_0768,苏州岚途医疗科技铭有限公司,91320571700007684D,20100511,存续,医疗器械研发、技术咨询及销售,4300000.00000000,CNY,1892000.00000000,CNY,私人控股,私营有限责任公司,小型,320000,320500,320571,苏州市工业园区星湖街848号1幢109室,32,C,35,358,3589,1,1,0,1,0,0,0,0,0,0,0,0,0,何安航,MOCK_PERSON_0768,何安航,MOCK_PERSON_0768,MOCK_ORG_JS_SZ_01,MOCK_ORG_JS_SZ,MOCK_ORG_JS_SZ_01,MOCK_ORG_JS_SZ,0,0,0,1,1,0,,,20221020,20221022,,0,0.00000000,0,0,1,1,0,0,0,0,0,20221015,1,1,2328748.00000000,4,0,1,0,0,0,0,4611751.04000000,2670750.48000000,1902452.40000000,1547313.55000000,1,0,0,0,0,0,0,0,3594800.00000000,2417143.52000000,2417143.52000000,1177656.48000000,2417143.52000000,2172390.73000000,2417143.52000000,0.00000000,0.00000000,20260917,5486800.00000000,2644183.52000000,3594800.00000000,2417143.52000000,0,0,0,0,0,0,0,0,1,0,0,1,0,0,0,,0.00000000,,,0,0,0,0,0,0,40–59,0,0,0,0,0,0,0,0,,,1,0,12,0,0.00000000,0.65517241,0.00000000,,32,0,1,1,正常,0,20260917
MOCK_TAG_0769,MOCK_CUST_0769,MOCK_ECIF_0769,苏州岳川信息科技铭有限公司,913205717000076928,20190810,存续,软件开发、信息系统集成及技术咨询,4600000.00000000,CNY,2300000.00000000,CNY,私人控股,私营有限责任公司,小型,320000,320500,320571,苏州市工业园区星湖街849号2幢110室,87,I,65,651,6513,1,1,0,1,0,0,0,0,0,0,0,0,0,赵嘉航,MOCK_PERSON_0769,赵嘉航,MOCK_PERSON_0769,MOCK_ORG_JS_SZ_02,MOCK_ORG_JS_SZ,MOCK_ORG_JS_SZ_02,MOCK_ORG_JS_SZ,1,1,0,1,1,0,20251025,20240811,20240808,20240810,,682,9210878.79000000,62,1,1,1,0,0,0,0,0,20240729,1,1,2167006.00000000,4,0,1,0,0,0,0,2714000.89000000,3031456.09000000,2639154.23000000,2639154.23000000,1,0,0,0,0,0,0,0,5961600.00000000,1046260.80000000,1046260.80000000,4915339.20000000,1046260.80000000,1363716.00000000,1046260.80000000,0.00000000,0.00000000,20260917,7755600.00000000,2212360.80000000,5961600.00000000,1046260.80000000,0,0,0,0,0,0,0,0,0,0,0,1,0,0,0,,0.00000000,,,0,0,0,0,0,0,60–79,0,0,0,0,0,0,0,0,,,1,0,12,11,860250.11000000,0.76868327,13505.68737537,20260910,87,0,1,1,正常,0,20260917
MOCK_TAG_0770,MOCK_CUST_0770,MOCK_ECIF_0770,上海岳原食品铭有限公司,91310112700007705N,20210325,存续,食品加工、预包装食品销售,4300000.00000000,CNY,3225000.00000000,CNY,私人控股,私营有限责任公司,小型,310000,310100,310112,上海市闵行区联航路850号3幢111室,36,C,14,149,1499,1,0,0,1,0,0,0,0,0,0,0,0,0,钱嘉航,MOCK_PERSON_0770,钱嘉航,MOCK_PERSON_0770,MOCK_ORG_SH_MH_03,MOCK_ORG_SH_MH,MOCK_ORG_SH_MH_03,MOCK_ORG_SH_MH,1,1,0,1,1,0,20251130,20220602,20220530,20220601,,250,1693255.35000000,25,1,1,1,0,0,0,0,0,20220528,1,1,1615290.00000000,4,0,1,0,0,0,0,3065042.28000000,1087728.81000000,1071697.46000000,1032000.77000000,0,0,0,0,0,0,0,0,0.00000000,0.00000000,0.00000000,0.00000000,0.00000000,0.00000000,0.00000000,0.00000000,0.00000000,20260917,946000.00000000,652740.00000000,0.00000000,0.00000000,0,0,0,0,0,0,0,0,0,0,0,0,0,0,0,,0.00000000,,,0,0,0,0,0,0,,0,0,0,0,0,0,0,0,,,1,0,12,10,177125.44000000,0.00000000,6773.02140000,20260910,36,0,1,1,正常,0,20260917
MOCK_TAG_0771,MOCK_CUST_0771,MOCK_ECIF_0771,上海岳辰精密制造铭有限公司,91310115700007713W,20070904,存续,工业零部件、自动化设备的研发与制造,3800000.00000000,CNY,2242000.00000000,CNY,私人控股,私营有限责任公司,小型,310000,310100,310115,上海市浦东新区金海路851号4幢112室,51,C,34,348,3484,1,0,0,1,0,0,0,0,0,0,0,0,0,孙嘉航,MOCK_PERSON_0771,何昕颖,MOCK_PERSON_0416,MOCK_ORG_SH_PD_04,MOCK_ORG_SH_PD,MOCK_ORG_SH_PD_04,MOCK_ORG_SH_PD,0,0,0,1,1,1,,,20241120,20241122,20241124,0,0.00000000,0,0,1,1,0,1,0,0,0,20241113,1,1,2084868.00000000,5,0,1,0,0,0,0,2318000.66000000,2385094.22000000,2026606.17000000,2026606.17000000,1,0,0,0,1,0,0,0,2964000.00000000,1179079.20000000,1179079.20000000,1784920.80000000,1179079.20000000,1246172.76000000,1179079.20000000,0.00000000,0.00000000,20260917,5358000.00000000,2208499.20000000,2964000.00000000,1179079.20000000,0,0,0,0,0,0,0,0,0,0,0,0,0,0,0,,0.00000000,,,0,0,0,0,0,0,,0,0,0,0,0,0,0,0,MOCK_GROUP_55,产业集团55,1,0,12,0,0.00000000,0.55319149,0.00000000,,51,0,1,1,正常,0,20260917
MOCK_TAG_0772,MOCK_CUST_0772,MOCK_ECIF_0772,苏州岳宁食品铭有限公司,91320571700007721K,20180729,存续,食品加工、预包装食品销售,400000.00000000,CNY,392000.00000000,CNY,私人控股,私营有限责任公司,小型,320000,320500,320571,苏州市工业园区星湖街852号5幢113室,54,C,14,149,1499,1,0,0,1,0,0,0,0,0,0,0,0,0,李嘉航,MOCK_PERSON_0772,李嘉航,MOCK_PERSON_0772,MOCK_ORG_JS_SZ_05,MOCK_ORG_JS_SZ,MOCK_ORG_JS_SZ_05,MOCK_ORG_JS_SZ,0,1,0,0,1,0,,20250509,,20250508,,0,0.00000000,0,0,0,1,0,0,0,0,0,20250426,1,1,2618042.00000000,5,0,1,0,0,0,0,44000.78000000,52991.31000000,37747.24000000,37747.24000000,1,0,0,0,0,0,0,0,134400.00000000,45991.68000000,45991.68000000,88408.32000000,45991.68000000,52998.97000000,45991.68000000,0.00000000,0.00000000,20260917,358400.00000000,135591.68000000,134400.00000000,45991.68000000,0,0,0,0,0,0,0,0,0,0,0,0,0,0,0,B,104000.00000000,CNY,嘉禾产业投资05,0,0,0,0,0,0,,0,0,0,0,0,0,0,0,,,1,0,12,0,0.00000000,0.37500000,0.00000000,,54,0,0,1,正常,0,20260917
MOCK_TAG_0773,MOCK_CUST_0773,MOCK_ECIF_0773,上海岳知供应链铭有限公司,9131011470000773X1,20080817,存续,仓储服务、国内货物运输代理,4900000.00000000,CNY,2842000.00000000,CNY,私人控股,私营有限责任公司,小型,310000,310100,310114,上海市嘉定区嘉罗公路853号6幢114室,36,G,58,582,5821,1,0,0,1,0,0,0,0,0,0,0,0,0,周嘉航,MOCK_PERSON_0773,陈安博,MOCK_PERSON_0121,MOCK_ORG_SH_JD_06,MOCK_ORG_SH_JD,MOCK_ORG_SH_JD_06,MOCK_ORG_SH_JD,1,0,0,1,1,0,20260422,,20221111,20221113,,180,1483202.45000000,36,1,1,1,0,0,0,0,0,20221101,1,1,2024198.00000000,4,0,1,0,0,0,0,1617000.51000000,1713237.58000000,1518751.20000000,1518751.20000000,1,0,0,0,0,0,0,0,1999200.00000000,813074.64000000,813074.64000000,1186125.36000000,813074.64000000,909311.71000000,813074.64000000,0.00000000,0.00000000,20260917,3616200.00000000,1928804.64000000,1999200.00000000,813074.64000000,0,0,0,0,0,0,0,0,0,0,0,0,0,0,0,,0.00000000,,,0,0,0,0,0,0,,0,0,0,0,0,0,0,0,MOCK_GROUP_28,产业集团28,1,0,12,5,279360.98000000,0.55284553,8240.01361111,20260910,36,0,1,1,正常,0,20260917
MOCK_TAG_0774,MOCK_CUST_0774,MOCK_ECIF_0774,杭州岳禾食品铭有限公司,91330108700007748K,20161211,存续,食品加工、预包装食品销售,47900000.00000000,CNY,34967000.00000000,CNY,私人控股,私营有限责任公司,中型,330000,330100,330108,杭州市滨江区江陵路854号7幢115室,199,C,14,149,1499,1,0,0,1,0,0,0,0,0,0,0,0,0,吴嘉航,MOCK_PERSON_0774,吴嘉航,MOCK_PERSON_0774,MOCK_ORG_ZJ_HZ_07,MOCK_ORG_ZJ_HZ,MOCK_ORG_ZJ_HZ_07,MOCK_ORG_ZJ_HZ,0,1,0,1,0,0,,20230505,20230502,,,0,0.00000000,0,0,1,0,0,0,0,0,0,20230424,1,1,1863020.00000000,4,0,1,0,0,1,0,24429000.78000000,29846299.18000000,25747187.78000000,25747187.78000000,1,0,0,0,0,0,0,0,32093000.00000000,8831993.60000000,8831993.60000000,23261006.40000000,8831993.60000000,14249292.00000000,8831993.60000000,0.00000000,0.00000000,20260917,62749000.00000000,15269753.60000000,32093000.00000000,8831993.60000000,0,0,0,0,0,0,0,0,0,0,0,0,0,0,0,,0.00000000,,,0,0,0,0,0,0,,0,0,0,0,0,0,0,0,,,1,0,12,0,0.00000000,0.51145038,0.00000000,,199,0,1,0,正常,0,20260917
MOCK_TAG_0775,MOCK_CUST_0775,MOCK_ECIF_0775,苏州岳润精密制造铭有限公司,913205717000077566,20210531,存续,工业零部件、自动化设备的研发与制造,4400000.00000000,CNY,3784000.00000000,CNY,私人控股,私营有限责任公司,小型,320000,320500,320571,苏州市工业园区星湖街855号8幢116室,10,C,34,348,3484,1,0,0,1,0,0,0,0,0,0,0,0,0,郑嘉航,MOCK_PERSON_0775,郑嘉航,MOCK_PERSON_0775,MOCK_ORG_JS_SZ_08,MOCK_ORG_JS_SZ,MOCK_ORG_JS_SZ_08,MOCK_ORG_JS_SZ,1,1,0,1,1,0,20260425,20250530,20250527,20250529,,45,414632.26000000,9,1,1,1,0,0,0,0,0,20250523,1,1,2113082.00000000,4,0,1,0,0,0,0,4055042.02000000,1595427.26000000,1541510.03000000,1408000.70000000,0,0,0,0,0,0,0,0,0.00000000,0.00000000,0.00000000,0.00000000,0.00000000,0.00000000,0.00000000,0.00000000,0.00000000,20260917,3080000.00000000,1478400.00000000,0.00000000,0.00000000,0,0,0,0,0,0,0,0,0,0,0,0,0,0,0,,0.00000000,,,0,0,0,0,0,0,,0,0,0,0,0,0,0,0,,,1,0,12,5,74205.38000000,0.00000000,9214.05022222,20260915,10,0,1,1,正常,0,20260917
MOCK_TAG_0776,MOCK_CUST_0776,MOCK_ECIF_0776,宁波岳森供应链铭有限公司,913302127000077647,20191124,存续,仓储服务、国内货物运输代理,4900000.00000000,CNY,4557000.00000000,CNY,私人控股,私营有限责任公司,小型,330000,330200,330212,宁波市鄞州区首南东路856号1幢117室,81,G,58,582,5821,1,0,0,1,0,0,0,0,0,0,0,0,0,王嘉航,MOCK_PERSON_0776,王嘉航,MOCK_PERSON_0776,MOCK_ORG_ZJ_NB_01,MOCK_ORG_ZJ_NB,MOCK_ORG_ZJ_NB_01,MOCK_ORG_ZJ_NB,0,1,0,1,0,0,,20260627,20260624,,,0,0.00000000,0,0,1,0,0,0,0,0,0,20260617,1,1,614888.00000000,1,0,1,0,0,0,0,441000.92000000,157742.64000000,112364.62000000,112364.62000000,0,0,0,0,0,0,0,0,0.00000000,0.00000000,0.00000000,0.00000000,0.00000000,0.00000000,0.00000000,0.00000000,0.00000000,20260917,2450000.00000000,245000.00000000,0.00000000,0.00000000,0,0,0,0,0,0,0,0,0,0,0,0,0,0,0,,0.00000000,,,0,0,0,0,0,0,,0,0,0,0,0,0,0,0,,,0,0,3,0,0.00000000,0.00000000,0.00000000,,81,0,1,0,正常,0,20260917
MOCK_TAG_0777,MOCK_CUST_0777,MOCK_ECIF_0777,苏州岳远食品铭有限公司,91320571700007772U,20080901,存续,食品加工、预包装食品销售,2100000.00000000,CNY,1554000.00000000,CNY,私人控股,私营有限责任公司,小型,320000,320500,320571,苏州市工业园区星湖街857号2幢118室,24,C,14,149,1499,1,0,0,1,0,0,0,0,0,0,0,0,0,陈嘉航,MOCK_PERSON_0777,陈嘉航,MOCK_PERSON_0777,MOCK_ORG_JS_SZ_02,MOCK_ORG_JS_SZ,MOCK_ORG_JS_SZ_02,MOCK_ORG_JS_SZ,0,0,0,1,1,0,,,20230630,20230702,,0,0.00000000,0,0,1,1,0,0,0,0,0,20230628,1,1,2193468.00000000,3,0,1,0,0,0,0,2154602.24000000,1108971.76000000,812798.70000000,709408.40000000,1,0,0,0,0,0,0,0,2673300.00000000,718583.04000000,718583.04000000,1954716.96000000,718583.04000000,884409.90000000,718583.04000000,0.00000000,0.00000000,20260917,3639300.00000000,1327163.04000000,2673300.00000000,718583.04000000,0,1,0,0,0,0,1,0,0,0,0,0,0,0,0,,0.00000000,,,0,0,0,0,0,0,,0,0,0,0,0,0,0,0,,,1,0,12,0,0.00000000,0.73456434,0.00000000,,24,0,1,1,正常,0,20260917
MOCK_TAG_0778,MOCK_CUST_0778,MOCK_ECIF_0778,杭州岳衡医疗科技铭有限公司,91330108700007780Y,20131101,存续,医疗器械研发、技术咨询及销售,2700000.00000000,CNY,1944000.00000000,CNY,私人控股,私营有限责任公司,小型,330000,330100,330108,杭州市滨江区江陵路858号3幢119室,22,C,35,358,3589,1,1,0,1,0,0,0,0,0,0,0,0,0,孙景博,MOCK_PERSON_0195,陈昕博,MOCK_PERSON_0089,MOCK_ORG_ZJ_HZ_03,MOCK_ORG_ZJ_HZ,MOCK_ORG_ZJ_HZ_03,MOCK_ORG_ZJ_HZ,1,1,0,1,1,0,20260314,20230730,20230727,20230729,,120,1309003.65000000,20,1,1,1,0,0,0,0,0,20230718,1,1,1560400.00000000,3,0,1,0,0,0,0,1485000.81000000,1485000.81000000,1485000.81000000,1485000.81000000,0,0,0,0,0,0,0,0,0.00000000,0.00000000,0.00000000,0.00000000,0.00000000,0.00000000,0.00000000,0.00000000,0.00000000,20260917,1593000.00000000,1003590.00000000,0.00000000,0.00000000,0,0,0,0,0,0,0,0,0,0,0,1,0,0,0,,0.00000000,,,0,0,0,0,0,0,20–39,0,0,0,0,0,0,0,0,MOCK_GROUP_12,产业集团12,1,0,12,6,0.00000000,0.00000000,10908.36375000,20260825,22,0,1,1,正常,0,20260917
MOCK_TAG_0779,MOCK_CUST_0779,MOCK_ECIF_0779,苏州岳昕信息科技铭有限公司,91320571700007799K,20150919,存续,软件开发、信息系统集成及技术咨询,2800000.00000000,CNY,2324000.00000000,CNY,私人控股,私营有限责任公司,小型,320000,320500,320571,苏州市工业园区星湖街859号4幢120室,87,I,65,651,6513,1,1,0,1,0,0,0,0,0,0,0,0,0,黄嘉航,MOCK_PERSON_0779,黄嘉航,MOCK_PERSON_0779,MOCK_ORG_JS_SZ_04,MOCK_ORG_JS_SZ,MOCK_ORG_JS_SZ_04,MOCK_ORG_JS_SZ,0,1,0,1,1,0,,20231110,20231107,20231109,,0,0.00000000,0,0,1,1,0,0,0,0,0,20231030,1,1,2366888.00000000,5,0,1,0,0,0,0,700000.09000000,625479.66000000,486958.49000000,486958.49000000,1,0,0,0,0,0,0,0,3192000.00000000,556046.40000000,556046.40000000,2635953.60000000,556046.40000000,481525.97000000,556046.40000000,0.00000000,0.00000000,20260917,4340000.00000000,797126.40000000,3192000.00000000,556046.40000000,0,0,0,0,0,0,0,0,0,0,0,1,0,0,0,A,616000.00000000,CNY,嘉禾产业投资12,0,0,0,0,0,0,40–59,0,0,0,0,0,0,0,0,,,1,0,12,0,0.00000000,0.73548387,0.00000000,,87,0,1,1,正常,0,20260917
MOCK_TAG_0780,MOCK_CUST_0780,MOCK_ECIF_0780,上海岳途食品铭有限公司,91310115700007801B,20171017,存续,食品加工、预包装食品销售,800000.00000000,CNY,472000.00000000,CNY,私人控股,私营有限责任公司,小型,310000,310100,310115,上海市浦东新区金海路860号5幢101室,65,C,14,149,1499,1,0,0,1,0,0,0,0,0,0,0,0,0,徐嘉航,MOCK_PERSON_0780,徐嘉航,MOCK_PERSON_0780,MOCK_ORG_SH_PD_05,MOCK_ORG_SH_PD,MOCK_ORG_SH_PD_05,MOCK_ORG_SH_PD,0,1,0,0,1,0,,20230603,,20230602,,0,0.00000000,0,0,0,1,0,0,0,0,0,20230530,1,1,1711952.00000000,4,0,1,0,0,0,0,104000.80000000,104000.80000000,104000.80000000,104000.80000000,0,0,0,0,0,0,0,0,0.00000000,0.00000000,0.00000000,0.00000000,0.00000000,0.00000000,0.00000000,0.00000000,0.00000000,20260917,256000.00000000,30720.00000000,0.00000000,0.00000000,0,0,0,0,0,0,0,0,0,0,0,0,0,0,0,,0.00000000,,,0,0,0,0,0,0,,0,0,0,0,0,0,0,0,,,1,0,12,0,0.00000000,0.00000000,0.00000000,,65,0,0,1,正常,0,20260917
MOCK_TAG_0781,MOCK_CUST_0781,MOCK_ECIF_0781,宁波朔川信息科技铭有限公司,9133021270000781X5,20120921,存续,软件开发、信息系统集成及技术咨询,1800000.00000000,CNY,576000.00000000,CNY,私人控股,私营有限责任公司,小型,330000,330200,330212,宁波市鄞州区首南东路861号6幢102室,45,I,65,651,6513,1,1,0,1,0,0,0,0,0,0,0,0,0,朱嘉航,MOCK_PERSON_0781,胡文博,MOCK_PERSON_0078,MOCK_ORG_ZJ_NB_06,MOCK_ORG_ZJ_NB,MOCK_ORG_ZJ_NB_06,MOCK_ORG_ZJ_NB,0,1,0,1,1,0,,20260722,20260719,20260721,,0,0.00000000,0,0,1,1,0,1,0,0,0,20260716,1,1,305386.00000000,1,0,1,0,0,0,0,342000.32000000,84184.69000000,59967.18000000,59967.18000000,0,0,0,0,0,0,0,0,0.00000000,0.00000000,0.00000000,0.00000000,0.00000000,0.00000000,0.00000000,0.00000000,0.00000000,20260917,684000.00000000,287280.00000000,0.00000000,0.00000000,0,1,0,0,0,0,0,0,1,0,0,1,0,0,0,,0.00000000,,,0,0,0,0,0,0,0–19,0,0,0,0,0,0,0,0,MOCK_GROUP_25,产业集团25,0,0,2,0,0.00000000,0.00000000,0.00000000,,45,0,1,1,正常,0,20260917
MOCK_TAG_0782,MOCK_CUST_0782,MOCK_ECIF_0782,上海朔原精密制造铭有限公司,913101157000078283,20140105,存续,工业零部件、自动化设备的研发与制造,2500000.00000000,CNY,2375000.00000000,CNY,私人控股,私营有限责任公司,小型,310000,310100,310115,上海市浦东新区金海路862号7幢103室,58,C,34,348,3484,1,0,0,1,0,0,0,0,0,0,0,0,0,胡嘉航,MOCK_PERSON_0782,胡嘉航,MOCK_PERSON_0782,MOCK_ORG_SH_PD_07,MOCK_ORG_SH_PD,MOCK_ORG_SH_PD_07,MOCK_ORG_SH_PD,0,0,0,1,0,0,,,20230926,,,0,0.00000000,0,0,1,0,0,0,0,0,0,20230921,1,1,1357304.00000000,3,0,1,0,0,0,0,2677502.30000000,1226282.85000000,1059507.05000000,992479.59000000,1,0,0,0,1,0,0,0,2625000.00000000,403462.50000000,403462.50000000,2221537.50000000,403462.50000000,485648.22000000,403462.50000000,0.00000000,0.00000000,20260917,4050000.00000000,959212.50000000,2625000.00000000,403462.50000000,0,0,0,0,0,0,0,0,0,0,0,0,0,0,0,,0.00000000,,,0,0,0,0,0,0,,0,0,0,0,0,0,0,0,,,1,0,12,0,0.00000000,0.64814815,0.00000000,,58,0,1,0,正常,0,20260917
MOCK_TAG_0783,MOCK_CUST_0783,MOCK_ECIF_0783,宁波朔辰食品铭有限公司,913302127000078360,20170307,存续,食品加工、预包装食品销售,900000.00000000,CNY,639000.00000000,CNY,私人控股,私营有限责任公司,小型,330000,330200,330212,宁波市鄞州区首南东路863号8幢104室,79,C,14,149,1499,1,0,0,1,0,0,0,0,0,0,0,0,0,林嘉航,MOCK_PERSON_0783,林嘉航,MOCK_PERSON_0783,MOCK_ORG_ZJ_NB_08,MOCK_ORG_ZJ_NB,MOCK_ORG_ZJ_NB_08,MOCK_ORG_ZJ_NB,0,1,0,1,0,0,,20241017,20241014,,,0,0.00000000,0,0,1,0,0,0,0,0,0,20241006,1,1,2294794.00000000,4,0,1,0,0,0,0,225000.64000000,220484.58000000,177045.09000000,177045.09000000,1,0,0,0,0,0,0,0,607500.00000000,155520.00000000,155520.00000000,451980.00000000,155520.00000000,151003.94000000,155520.00000000,0.00000000,0.00000000,20260917,1156500.00000000,320220.00000000,607500.00000000,155520.00000000,0,0,0,0,0,0,0,0,0,0,0,0,0,0,0,,0.00000000,,,0,0,0,0,0,0,,0,0,0,0,0,0,0,0,,,1,0,12,0,0.00000000,0.52529183,0.00000000,,79,0,1,0,正常,0,20260917
MOCK_TAG_0784,MOCK_CUST_0784,MOCK_ECIF_0784,上海朔宁食品铭有限公司,91310115700007844Q,20140120,存续,食品加工、预包装食品销售,4300000.00000000,CNY,1591000.00000000,CNY,私人控股,私营有限责任公司,小型,310000,310100,310115,上海市浦东新区金海路864号1幢105室,80,C,14,149,1499,1,0,0,1,0,0,0,0,0,0,0,0,0,何嘉航,MOCK_PERSON_0784,何嘉航,MOCK_PERSON_0784,MOCK_ORG_SH_PD_01,MOCK_ORG_SH_PD,MOCK_ORG_SH_PD_01,MOCK_ORG_SH_PD,1,1,0,0,1,0,20251003,20230203,,20230202,,671,4833340.26000000,61,1,0,1,0,0,0,0,0,20230125,1,1,2213938.00000000,5,0,1,0,0,0,0,6052682.07000000,3073659.24000000,2820319.13000000,2193000.75000000,0,0,0,0,0,0,0,0,0.00000000,0.00000000,0.00000000,0.00000000,0.00000000,0.00000000,0.00000000,0.00000000,0.00000000,20260917,946000.00000000,473000.00000000,0.00000000,0.00000000,0,0,0,0,0,0,0,0,0,0,0,0,0,0,0,,0.00000000,,,0,0,0,0,0,0,,0,0,0,0,0,0,0,0,,,1,0,12,11,0.00000000,0.00000000,7203.18965723,20260820,80,0,0,1,正常,0,20260917
MOCK_TAG_0785,MOCK_CUST_0785,MOCK_ECIF_0785,上海朔知医疗科技铭有限公司,913101127000078528,20131228,存续,医疗器械研发、技术咨询及销售,600000.00000000,CNY,336000.00000000,CNY,私人控股,私营有限责任公司,小型,310000,310100,310112,上海市闵行区联航路865号2幢106室,34,C,35,358,3589,1,1,0,1,0,0,0,0,0,0,0,0,0,赵涵航,MOCK_PERSON_0785,赵涵航,MOCK_PERSON_0785,MOCK_ORG_SH_MH_02,MOCK_ORG_SH_MH,MOCK_ORG_SH_MH_02,MOCK_ORG_SH_MH,0,1,0,1,1,0,,20230115,20230112,20230114,,0,0.00000000,0,0,1,1,0,0,0,0,0,20230108,1,1,2286498.00000000,4,0,1,0,0,0,0,216000.56000000,433626.24000000,344541.41000000,344541.41000000,1,0,0,0,0,0,0,0,948600.00000000,376499.34000000,376499.34000000,572100.66000000,376499.34000000,434243.54000000,376499.34000000,0.00000000,0.00000000,20260917,1290600.00000000,499619.34000000,948600.00000000,376499.34000000,0,0,0,0,0,0,0,0,0,0,0,1,0,0,0,,0.00000000,,,0,0,0,0,0,0,20–39,0,0,0,0,0,0,0,0,,,1,0,12,0,0.00000000,0.73500697,0.00000000,,34,0,1,1,正常,0,20260917
MOCK_TAG_0786,MOCK_CUST_0786,MOCK_ECIF_0786,上海朔禾食品铭有限公司,91310115700007860E,20170916,存续,食品加工、预包装食品销售,1600000.00000000,CNY,1600000.00000000,CNY,私人控股,私营有限责任公司,小型,310000,310100,310115,上海市浦东新区金海路866号3幢107室,66,C,14,149,1499,1,0,0,1,0,0,0,0,0,0,0,0,0,钱涵航,MOCK_PERSON_0786,钱涵航,MOCK_PERSON_0786,MOCK_ORG_SH_PD_03,MOCK_ORG_SH_PD,MOCK_ORG_SH_PD_03,MOCK_ORG_SH_PD,0,0,0,1,0,0,,,20231123,,,0,0.00000000,0,0,1,0,0,0,0,0,0,20231114,1,1,2163622.00000000,4,0,1,0,0,0,0,80001.59000000,362328.13000000,258096.75000000,253350.14000000,1,0,0,0,0,0,0,0,1776000.00000000,388944.00000000,388944.00000000,1387056.00000000,388944.00000000,357037.48000000,388944.00000000,0.00000000,0.00000000,20260917,2832000.00000000,1096464.00000000,1776000.00000000,388944.00000000,0,0,0,0,0,0,0,0,0,0,0,0,0,0,0,,0.00000000,,,0,0,0,0,0,0,,0,0,0,0,0,0,0,0,,,1,0,12,0,0.00000000,0.62711864,0.00000000,,66,0,1,0,正常,0,20260917
MOCK_TAG_0787,MOCK_CUST_0787,MOCK_ECIF_0787,杭州朔润信息科技铭有限公司,91330108700007879F,20150923,存续,软件开发、信息系统集成及技术咨询,3000000.00000000,CNY,2520000.00000000,CNY,私人控股,私营有限责任公司,小型,330000,330100,330108,杭州市滨江区江陵路867号4幢108室,19,I,65,651,6513,1,1,0,1,0,0,0,0,0,0,0,0,0,孙涵航,MOCK_PERSON_0787,孙涵航,MOCK_PERSON_0787,MOCK_ORG_ZJ_HZ_04,MOCK_ORG_ZJ_HZ,MOCK_ORG_ZJ_HZ_04,MOCK_ORG_ZJ_HZ,0,1,0,1,1,0,,20250202,20250130,20250201,,0,0.00000000,0,0,1,1,0,0,0,0,0,20250121,1,1,2605800.00000000,4,0,1,0,0,0,0,810000.53000000,1280359.10000000,973860.62000000,973860.62000000,1,0,0,0,0,0,0,0,1932000.00000000,1100080.80000000,1100080.80000000,831919.20000000,1100080.80000000,1281474.79000000,1100080.80000000,0.00000000,0.00000000,20260917,2202000.00000000,1197280.80000000,1932000.00000000,1100080.80000000,0,0,0,0,0,0,0,0,0,0,0,1,0,0,0,,0.00000000,,,0,0,0,0,0,0,40–59,0,0,0,0,0,0,0,0,,,1,0,12,0,0.00000000,0.87738420,0.00000000,,19,0,1,1,正常,0,20260917
MOCK_TAG_0788,MOCK_CUST_0788,MOCK_ECIF_0788,上海朔森供应链铭有限公司,91310114700007887P,20120329,存续,仓储服务、国内货物运输代理,28200000.00000000,CNY,18894000.00000000,CNY,私人控股,私营有限责任公司,中型,310000,310100,310114,上海市嘉定区嘉罗公路868号5幢109室,351,G,58,582,5821,1,0,0,1,0,0,0,0,0,0,0,0,0,李涵航,MOCK_PERSON_0788,李涵航,MOCK_PERSON_0788,MOCK_ORG_SH_JD_05,MOCK_ORG_SH_JD,MOCK_ORG_SH_JD_05,MOCK_ORG_SH_JD,1,1,0,1,1,0,20260317,20240712,20240709,20240711,,1998,18248403.39000000,333,1,1,1,0,0,0,0,0,20240707,1,1,2566596.00000000,4,0,1,0,0,1,0,17484000.20000000,17734145.48000000,16570798.60000000,16570798.60000000,1,0,0,0,0,0,0,0,10264800.00000000,3793870.08000000,3793870.08000000,6470929.92000000,3793870.08000000,4044015.36000000,3793870.08000000,0.00000000,0.00000000,20260917,20980800.00000000,11080750.08000000,10264800.00000000,3793870.08000000,0,0,0,0,0,0,0,0,0,0,0,0,0,0,0,B,22560000.00000000,CNY,嘉禾产业投资09,0,0,0,0,0,0,,0,0,0,0,0,0,0,0,,,1,0,12,6,0.00000000,0.48924731,9133.33503003,20260825,351,0,1,1,正常,0,20260917
MOCK_TAG_0789,MOCK_CUST_0789,MOCK_ECIF_0789,上海朔远精密制造铭有限公司,91310112700007895M,20171118,存续,工业零部件、自动化设备的研发与制造,4300000.00000000,CNY,4171000.00000000,CNY,私人控股,私营有限责任公司,小型,310000,310100,310112,上海市闵行区联航路869号6幢110室,85,C,34,348,3484,1,0,0,1,0,0,0,0,0,0,0,0,0,周涵航,MOCK_PERSON_0789,陈安博,MOCK_PERSON_0121,MOCK_ORG_SH_MH_06,MOCK_ORG_SH_MH,MOCK_ORG_SH_MH_06,MOCK_ORG_SH_MH,1,0,0,1,1,1,20260607,,20240522,20240524,20240526,320,2652001.89000000,80,1,1,1,0,0,0,0,0,20240519,1,1,2441346.00000000,4,0,1,0,0,0,0,366360.54000000,144892.02000000,140320.40000000,129000.19000000,0,0,0,0,0,0,0,0,0.00000000,0.00000000,0.00000000,0.00000000,0.00000000,0.00000000,0.00000000,0.00000000,0.00000000,20260917,516000.00000000,304440.00000000,0.00000000,0.00000000,0,0,0,0,0,0,0,0,0,0,0,0,0,0,0,,0.00000000,,,0,0,0,0,0,0,,0,0,0,0,0,0,0,0,MOCK_GROUP_28,产业集团28,1,0,12,4,768400.59000000,0.00000000,8287.50590625,20260915,85,0,1,1,正常,0,20260917
MOCK_TAG_0790,MOCK_CUST_0790,MOCK_ECIF_0790,上海朔衡信息科技铭有限公司,91310115700007908N,20140506,存续,软件开发、信息系统集成及技术咨询,2700000.00000000,CNY,2187000.00000000,CNY,私人控股,私营有限责任公司,小型,310000,310100,310115,上海市浦东新区金海路870号7幢111室,53,I,65,651,6513,1,1,0,1,0,0,0,0,0,0,0,0,0,吴涵航,MOCK_PERSON_0790,吴涵航,MOCK_PERSON_0790,MOCK_ORG_SH_PD_07,MOCK_ORG_SH_PD,MOCK_ORG_SH_PD_07,MOCK_ORG_SH_PD,1,0,0,1,1,0,20260121,,20250810,20250812,,336,4263003.69000000,42,1,1,1,0,0,0,0,0,20250803,1,1,2738574.00000000,4,0,1,0,0,0,0,287550.79000000,162566.41000000,154636.45000000,135000.37000000,0,0,0,0,0,0,0,0,0.00000000,0.00000000,0.00000000,0.00000000,0.00000000,0.00000000,0.00000000,0.00000000,0.00000000,20260917,999000.00000000,519480.00000000,0.00000000,0.00000000,0,0,0,0,0,0,0,0,1,0,0,1,0,0,0,,0.00000000,,,0,0,0,0,0,0,20–39,0,0,0,0,0,0,0,0,,,1,0,12,8,609000.23000000,0.00000000,12687.51098214,20260910,53,0,1,1,正常,0,20260917
MOCK_TAG_0791,MOCK_CUST_0791,MOCK_ECIF_0791,上海朔昕信息科技铭有限公司,91310115700007916H,20120620,存续,软件开发、信息系统集成及技术咨询,260500000.00000000,CNY,257895000.00000000,CNY,私人控股,私营有限责任公司,大型,310000,310100,310115,上海市浦东新区金海路871号8幢112室,1828,I,65,651,6513,1,1,0,1,0,0,0,0,0,0,0,0,0,郑涵航,MOCK_PERSON_0791,郑涵航,MOCK_PERSON_0791,MOCK_ORG_SH_PD_08,MOCK_ORG_SH_PD,MOCK_ORG_SH_PD_08,MOCK_ORG_SH_PD,0,1,0,1,0,0,,20260617,20260614,,,0,0.00000000,0,0,1,0,0,1,0,0,0,20260611,1,1,642200.00000000,2,0,1,0,0,0,0,7815000.82000000,2975711.85000000,2119685.15000000,2119685.15000000,0,0,0,0,0,0,0,0,0.00000000,0.00000000,0.00000000,0.00000000,0.00000000,0.00000000,0.00000000,0.00000000,0.00000000,20260917,75545000.00000000,55147850.00000000,0.00000000,0.00000000,0,0,0,0,0,0,0,0,0,0,0,0,0,0,0,,0.00000000,,,0,0,0,0,0,0,0–19,0,0,0,0,0,0,0,0,,,0,0,4,0,0.00000000,0.00000000,0.00000000,,1828,0,1,0,正常,0,20260917
MOCK_TAG_0792,MOCK_CUST_0792,MOCK_ECIF_0792,上海朔途食品铭有限公司,91310115700007924C,20091106,存续,食品加工、预包装食品销售,38600000.00000000,CNY,38214000.00000000,CNY,私人控股,私营有限责任公司,中型,310000,310100,310115,上海市浦东新区金海路872号1幢113室,169,C,14,149,1499,1,0,0,1,0,0,0,0,0,0,0,0,0,林清博,MOCK_PERSON_0287,吴宇博,MOCK_PERSON_0166,MOCK_ORG_SH_PD_01,MOCK_ORG_SH_PD,MOCK_ORG_SH_PD_01,MOCK_ORG_SH_PD,1,1,0,1,1,0,20260404,20231021,20231018,20231020,,930,6145752.89000000,155,1,1,1,0,0,0,0,0,20231010,1,1,1964042.00000000,4,0,1,0,0,1,0,23160000.33000000,24475986.27000000,21376497.27000000,21376497.27000000,1,0,0,0,0,0,0,0,35319000.00000000,11295016.20000000,11295016.20000000,24023983.80000000,11295016.20000000,12611002.14000000,11295016.20000000,0.00000000,0.00000000,20260917,51145000.00000000,21107136.20000000,35319000.00000000,11295016.20000000,0,0,0,0,0,0,0,0,0,0,0,0,0,0,0,A,20844000.00000000,CNY,嘉禾产业投资01,0,0,0,0,0,0,,0,0,0,0,0,0,0,0,MOCK_GROUP_08,产业集团08,1,0,12,6,957125.54000000,0.69056604,6608.33644086,20260915,169,0,1,1,正常,0,20260917
MOCK_TAG_0793,MOCK_CUST_0793,MOCK_ECIF_0793,宁波翊川精密制造铭有限公司,913302127000079329,20160712,存续,工业零部件、自动化设备的研发与制造,25900000.00000000,CNY,18907000.00000000,CNY,私人控股,私营有限责任公司,中型,330000,330200,330212,宁波市鄞州区首南东路873号2幢114室,466,C,34,348,3484,1,0,0,1,0,0,0,0,0,0,0,0,0,陈涵航,MOCK_PERSON_0793,陈涵航,MOCK_PERSON_0793,MOCK_ORG_ZJ_NB_02,MOCK_ORG_ZJ_NB,MOCK_ORG_ZJ_NB_02,MOCK_ORG_ZJ_NB,0,1,0,1,1,0,,20230927,20230924,20230926,,0,0.00000000,0,0,1,1,0,0,0,0,0,20230918,1,1,2264532.00000000,4,0,1,0,0,1,0,6153841.15000000,3553161.89000000,3425101.79000000,3108000.58000000,0,0,0,0,0,0,0,0,0.00000000,0.00000000,0.00000000,0.00000000,0.00000000,0.00000000,0.00000000,0.00000000,0.00000000,20260917,12173000.00000000,8764560.00000000,0.00000000,0.00000000,0,0,0,0,0,0,0,0,0,0,0,0,0,0,0,,0.00000000,,,0,0,0,0,0,0,,0,0,0,0,0,0,0,0,,,1,0,12,0,0.00000000,0.00000000,0.00000000,,466,0,1,1,正常,0,20260917
MOCK_TAG_0794,MOCK_CUST_0794,MOCK_ECIF_0794,上海翊原信息科技铭有限公司,91310112700007940N,20080710,存续,软件开发、信息系统集成及技术咨询,3900000.00000000,CNY,3822000.00000000,CNY,私人控股,私营有限责任公司,小型,310000,310100,310112,上海市闵行区联航路874号3幢115室,79,I,65,651,6513,1,1,0,1,0,0,0,0,0,0,0,0,0,何昕航,MOCK_PERSON_0736,赵嘉博,MOCK_PERSON_0129,MOCK_ORG_SH_MH_03,MOCK_ORG_SH_MH,MOCK_ORG_SH_MH_03,MOCK_ORG_SH_MH,1,1,0,1,1,0,20260412,20220828,20220825,20220827,,320,3864002.65000000,64,1,1,1,0,0,0,0,0,20220824,1,1,2455716.00000000,5,0,1,0,0,0,0,507000.69000000,2536568.55000000,1806870.75000000,1806870.75000000,1,0,0,0,0,0,0,0,4968600.00000000,1452321.78000000,1452321.78000000,3516278.22000000,1452321.78000000,2540204.40000000,1452321.78000000,0.00000000,0.00000000,20260917,7464600.00000000,1901601.78000000,4968600.00000000,1452321.78000000,0,0,0,0,0,0,0,0,0,0,0,1,0,0,0,,0.00000000,,,0,0,0,0,0,0,60–79,0,0,0,0,0,0,0,0,MOCK_GROUP_52,产业集团52,1,0,12,5,0.00000000,0.66562173,12075.00828125,20260825,79,0,1,1,正常,0,20260917
MOCK_TAG_0795,MOCK_CUST_0795,MOCK_ECIF_0795,上海翊辰食品铭股份有限公司,91310115700007959Y,20100610,存续,食品加工、预包装食品销售,150300000.00000000,CNY,96192000.00000000,CNY,私人控股,私营股份有限公司,大型,310000,310100,310115,上海市浦东新区金海路875号4幢116室,935,C,14,149,1499,1,0,0,1,0,0,0,0,0,0,0,0,0,黄涵航,MOCK_PERSON_0795,黄涵航,MOCK_PERSON_0795,MOCK_ORG_SH_PD_04,MOCK_ORG_SH_PD,MOCK_ORG_SH_PD_04,MOCK_ORG_SH_PD,1,1,0,1,1,0,20260128,20240427,20240424,20240426,,6208,41512125.19000000,776,1,1,1,0,0,0,0,0,20240419,1,1,2089618.00000000,4,0,1,0,0,0,0,121171860.71000000,87827805.51000000,87639724.62000000,87174000.51000000,0,0,0,0,0,0,0,0,0.00000000,0.00000000,0.00000000,0.00000000,0.00000000,0.00000000,0.00000000,0.00000000,0.00000000,20260917,30060000.00000000,9619200.00000000,0.00000000,0.00000000,0,0,0,0,0,0,0,0,0,0,0,0,0,0,0,,0.00000000,,,1,0,0,0,0,0,,0,0,0,0,0,0,0,0,,,1,0,12,8,5951920.68000000,0.00000000,6686.87583602,20260905,935,0,1,1,正常,0,20260917
MOCK_TAG_0796,MOCK_CUST_0796,MOCK_ECIF_0796,宁波翊宁商贸铭有限公司,91330212700007967U,20201030,存续,日用百货、五金及电子产品批发,2300000.00000000,CNY,1150000.00000000,CNY,私人控股,私营有限责任公司,小型,330000,330200,330212,宁波市鄞州区首南东路876号5幢117室,38,F,51,513,5135,1,0,0,1,0,0,0,0,0,0,0,0,0,徐涵航,MOCK_PERSON_0796,林思航,MOCK_PERSON_0687,MOCK_ORG_ZJ_NB_05,MOCK_ORG_ZJ_NB,MOCK_ORG_ZJ_NB_05,MOCK_ORG_ZJ_NB,0,1,0,1,1,1,,20240308,20240305,20240307,20240309,0,0.00000000,0,0,1,1,0,0,0,0,0,20240225,1,1,2400174.00000000,4,0,1,0,0,0,0,1012000.42000000,1012000.42000000,1012000.42000000,1012000.42000000,0,0,0,0,0,0,0,0,0.00000000,0.00000000,0.00000000,0.00000000,0.00000000,0.00000000,0.00000000,0.00000000,0.00000000,20260917,736000.00000000,448960.00000000,0.00000000,0.00000000,0,0,0,0,0,0,0,0,0,0,0,0,0,0,0,,0.00000000,,,0,0,0,0,0,0,,0,0,0,0,0,0,0,0,MOCK_GROUP_18,产业集团18,1,0,12,0,0.00000000,0.00000000,0.00000000,,38,0,1,1,正常,0,20260917
MOCK_TAG_0797,MOCK_CUST_0797,MOCK_ECIF_0797,上海翊知信息科技铭有限公司,913101127000079759,20150914,存续,软件开发、信息系统集成及技术咨询,23900000.00000000,CNY,21988000.00000000,CNY,私人控股,私营有限责任公司,中型,310000,310100,310112,上海市闵行区联航路877号6幢118室,111,I,65,651,6513,1,1,0,1,0,0,0,0,0,0,0,0,0,朱涵航,MOCK_PERSON_0797,朱涵航,MOCK_PERSON_0797,MOCK_ORG_SH_MH_06,MOCK_ORG_SH_MH,MOCK_ORG_SH_MH_06,MOCK_ORG_SH_MH,1,1,0,1,0,0,20251227,20241218,20241215,,,693,9215942.78000000,77,1,1,0,0,0,0,0,0,20241210,1,1,2319942.00000000,4,0,1,0,0,1,0,31050881.64000000,16801811.19000000,15956112.29000000,13862000.73000000,0,0,0,0,0,0,0,0,0.00000000,0.00000000,0.00000000,0.00000000,0.00000000,0.00000000,0.00000000,0.00000000,0.00000000,20260917,8126000.00000000,4306780.00000000,0.00000000,0.00000000,0,0,0,0,0,0,0,0,1,0,0,1,0,0,0,C,11233000.00000000,CNY,嘉禾产业投资06,0,0,0,0,0,0,40–59,0,0,0,0,0,0,0,0,,,1,0,12,9,943250.96000000,0.00000000,13298.61873016,20260915,111,0,1,0,正常,0,20260917
MOCK_TAG_0798,MOCK_CUST_0798,MOCK_ECIF_0798,上海翊禾医疗科技铭有限公司,91310115700007983F,20130203,存续,医疗器械研发、技术咨询及销售,25900000.00000000,CNY,18648000.00000000,CNY,私人控股,私营有限责任公司,中型,310000,310100,310115,上海市浦东新区金海路878号7幢119室,388,C,35,358,3589,1,1,0,1,0,0,0,0,0,0,0,0,0,胡涵航,MOCK_PERSON_0798,胡涵航,MOCK_PERSON_0798,MOCK_ORG_SH_PD_07,MOCK_ORG_SH_PD,MOCK_ORG_SH_PD_07,MOCK_ORG_SH_PD,1,0,0,1,0,0,20260213,,20250430,,,2415,27969153.07000000,345,1,1,0,0,0,0,0,0,20250420,1,1,2615554.00000000,4,0,1,0,0,1,0,25977701.88000000,10335196.52000000,9895290.86000000,8806000.64000000,0,0,0,0,0,0,0,0,0.00000000,0.00000000,0.00000000,0.00000000,0.00000000,0.00000000,0.00000000,0.00000000,0.00000000,20260917,17871000.00000000,6254850.00000000,0.00000000,0.00000000,0,0,0,0,0,0,0,0,0,0,0,1,0,0,0,C,19943000.00000000,CNY,嘉禾产业投资07,0,0,0,0,0,0,40–59,0,0,0,0,0,0,0,0,,,1,0,12,7,0.00000000,0.00000000,11581.42984265,20260820,388,0,1,0,正常,0,20260917
MOCK_TAG_0799,MOCK_CUST_0799,MOCK_ECIF_0799,上海翊润精密制造铭有限公司,91310115700007991A,20090729,存续,工业零部件、自动化设备的研发与制造,900000.00000000,CNY,567000.00000000,CNY,私人控股,私营有限责任公司,小型,310000,310100,310115,上海市浦东新区金海路879号8幢120室,38,C,34,348,3484,1,0,0,1,0,0,0,0,0,0,0,0,0,林涵航,MOCK_PERSON_0799,林涵航,MOCK_PERSON_0799,MOCK_ORG_SH_PD_08,MOCK_ORG_SH_PD,MOCK_ORG_SH_PD_08,MOCK_ORG_SH_PD,1,1,0,1,0,1,20260606,20240404,20240401,,20240405,81,764236.64000000,27,1,1,0,0,0,0,0,0,20240326,1,1,2630806.00000000,4,0,1,0,0,0,0,432000.09000000,369536.88000000,328450.76000000,328450.76000000,1,0,0,0,1,0,0,0,691200.00000000,205286.40000000,205286.40000000,485913.60000000,205286.40000000,142823.19000000,205286.40000000,0.00000000,0.00000000,20260917,1141200.00000000,317786.40000000,691200.00000000,205286.40000000,0,0,0,0,0,0,0,0,0,0,0,0,0,0,0,B,342000.00000000,CNY,嘉禾产业投资08,0,0,0,0,0,0,,0,0,0,0,0,0,0,0,,,1,0,12,3,0.00000000,0.60567823,9435.02024691,20260820,38,0,1,0,正常,0,20260917
MOCK_TAG_0800,MOCK_CUST_0800,MOCK_ECIF_0800,上海翊森商贸铭有限公司,913101127000080030,20220831,存续,日用百货、五金及电子产品批发,4200000.00000000,CNY,1428000.00000000,CNY,私人控股,私营有限责任公司,小型,310000,310100,310112,上海市闵行区联航路880号1幢101室,38,F,51,513,5135,1,0,0,1,0,0,0,0,0,0,0,0,0,何涵航,MOCK_PERSON_0800,何涵航,MOCK_PERSON_0800,MOCK_ORG_SH_MH_01,MOCK_ORG_SH_MH,MOCK_ORG_SH_MH_01,MOCK_ORG_SH_MH,0,1,0,1,1,0,,20240420,20240417,20240419,,0,0.00000000,0,0,1,1,0,0,0,0,0,20240416,1,1,1961974.00000000,4,0,1,0,0,0,0,2310000.15000000,2495106.92000000,1777336.44000000,1777336.44000000,1,0,0,0,0,0,0,0,4725000.00000000,3213000.00000000,3213000.00000000,1512000.00000000,3213000.00000000,2498580.00000000,3213000.00000000,0.00000000,0.00000000,20260917,7749000.00000000,3696840.00000000,4725000.00000000,3213000.00000000,0,0,0,0,0,0,0,0,0,0,0,0,0,0,0,,0.00000000,,,0,0,0,0,0,0,,0,0,0,0,0,0,0,0,,,1,0,12,0,0.00000000,0.60975610,0.00000000,,38,0,1,1,正常,0,20260917
MOCK_TAG_0801,MOCK_CUST_0801,MOCK_ECIF_0801,苏州翊远商贸铭有限公司,913205717000080112,20080612,存续,日用百货、五金及电子产品批发,2400000.00000000,CNY,840000.00000000,CNY,私人控股,私营有限责任公司,小型,320000,320500,320571,苏州市工业园区星湖街881号2幢102室,20,F,51,513,5135,1,0,0,1,0,0,0,0,0,0,0,0,0,赵宇航,MOCK_PERSON_0801,赵宇航,MOCK_PERSON_0801,MOCK_ORG_JS_SZ_02,MOCK_ORG_JS_SZ,MOCK_ORG_JS_SZ_02,MOCK_ORG_JS_SZ,0,1,0,1,1,0,,20230202,20230130,20230201,,0,0.00000000,0,0,1,1,0,1,0,0,0,20230129,1,1,2438588.00000000,4,0,1,0,0,0,0,432000.19000000,1184583.16000000,843812.66000000,843812.66000000,1,0,0,0,0,0,0,0,4058400.00000000,821420.16000000,821420.16000000,3236979.84000000,821420.16000000,1186080.93000000,821420.16000000,0.00000000,0.00000000,20260917,5498400.00000000,1181420.16000000,4058400.00000000,821420.16000000,0,0,0,0,0,0,0,0,0,0,0,0,0,0,0,A,1776000.00000000,CNY,嘉禾产业投资10,0,0,0,0,0,0,,0,0,0,0,0,0,0,0,,,1,0,12,0,0.00000000,0.73810563,0.00000000,,20,0,1,1,正常,0,20260917
MOCK_TAG_0802,MOCK_CUST_0802,MOCK_ECIF_0802,上海翊衡信息科技铭有限公司,9131011270000802XJ,20200213,存续,软件开发、信息系统集成及技术咨询,1600000.00000000,CNY,1312000.00000000,CNY,私人控股,私营有限责任公司,小型,310000,310100,310112,上海市闵行区联航路882号3幢103室,43,I,65,651,6513,1,1,0,1,0,0,0,0,0,0,0,0,0,钱宇航,MOCK_PERSON_0802,钱宇航,MOCK_PERSON_0802,MOCK_ORG_SH_MH_03,MOCK_ORG_SH_MH,MOCK_ORG_SH_MH_03,MOCK_ORG_SH_MH,1,1,0,0,1,0,20250925,20240728,,20240727,,372,5115005.75000000,31,1,0,1,0,0,0,0,0,20240724,1,1,2114370.00000000,4,0,1,0,0,0,0,1336001.34000000,1657839.73000000,1180926.93000000,1136872.09000000,1,0,0,0,0,0,0,0,2678400.00000000,889228.80000000,889228.80000000,1789171.20000000,889228.80000000,1596336.70000000,889228.80000000,0.00000000,0.00000000,20260917,3926400.00000000,1500748.80000000,2678400.00000000,889228.80000000,0,0,0,0,0,0,0,0,1,0,0,1,0,0,0,,0.00000000,,,0,0,0,0,0,0,0–19,0,0,0,0,0,0,0,0,,,1,0,12,12,430125.16000000,0.68215159,13750.01545699,20260905,43,0,0,1,正常,0,20260917
MOCK_TAG_0803,MOCK_CUST_0803,MOCK_ECIF_0803,杭州翊昕信息科技铭有限公司,913301087000080382,20181029,存续,软件开发、信息系统集成及技术咨询,2900000.00000000,CNY,1102000.00000000,CNY,私人控股,私营有限责任公司,小型,330000,330100,330108,杭州市滨江区江陵路883号4幢104室,88,I,65,651,6513,1,1,0,1,0,0,0,0,0,0,0,0,0,孙宇航,MOCK_PERSON_0803,孙宇航,MOCK_PERSON_0803,MOCK_ORG_ZJ_HZ_04,MOCK_ORG_ZJ_HZ,MOCK_ORG_ZJ_HZ_04,MOCK_ORG_ZJ_HZ,1,0,0,1,0,0,20251229,,20250105,,,594,7994254.87000000,66,1,1,0,0,0,0,0,0,20241230,1,1,2387254.00000000,5,0,1,0,0,0,0,1583400.25000000,598072.24000000,512835.79000000,420433.03000000,1,0,0,0,0,0,0,0,951200.00000000,278226.00000000,278226.00000000,672974.00000000,278226.00000000,166578.90000000,278226.00000000,0.00000000,0.00000000,20260917,1995200.00000000,915066.00000000,951200.00000000,278226.00000000,0,0,0,0,0,0,0,0,0,0,0,1,0,0,0,,0.00000000,,,0,0,0,0,0,0,0–19,0,0,0,0,0,0,0,0,,,1,0,12,9,924000.40000000,0.47674419,13458.34153199,20260905,88,0,1,0,正常,0,20260917
MOCK_TAG_0804,MOCK_CUST_0804,MOCK_ECIF_0804,杭州翊途食品铭有限公司,91330108700008046W,20100927,存续,食品加工、预包装食品销售,3300000.00000000,CNY,1221000.00000000,CNY,私人控股,私营有限责任公司,小型,330000,330100,330108,杭州市滨江区江陵路884号5幢105室,48,C,14,149,1499,1,0,0,1,0,0,0,0,0,0,0,0,0,李宇航,MOCK_PERSON_0804,李宇航,MOCK_PERSON_0804,MOCK_ORG_ZJ_HZ_05,MOCK_ORG_ZJ_HZ,MOCK_ORG_ZJ_HZ_05,MOCK_ORG_ZJ_HZ,0,0,0,1,1,0,,,20230827,20230829,,0,0.00000000,0,0,1,1,0,0,0,0,0,20230825,1,1,2976972.00000000,5,0,1,0,0,0,0,1988911.08000000,1661344.02000000,1648587.77000000,1617000.88000000,0,0,0,0,0,0,0,0,0.00000000,0.00000000,0.00000000,0.00000000,0.00000000,0.00000000,0.00000000,0.00000000,0.00000000,20260917,1650000.00000000,445500.00000000,0.00000000,0.00000000,0,0,0,0,0,0,0,0,0,0,0,0,0,0,0,A,2277000.00000000,CNY,嘉禾产业投资01,0,0,0,0,0,0,,0,0,0,0,0,0,0,0,,,1,0,12,0,0.00000000,0.00000000,0.00000000,,48,0,1,1,正常,0,20260917
MOCK_TAG_0805,MOCK_CUST_0805,MOCK_ECIF_0805,上海璟川食品铭有限公司,913101147000080545,20091219,存续,食品加工、预包装食品销售,33500000.00000000,CNY,22780000.00000000,CNY,私人控股,私营有限责任公司,中型,310000,310100,310114,上海市嘉定区嘉罗公路885号6幢106室,110,C,14,149,1499,1,0,0,1,0,0,0,0,0,0,0,0,0,周宇航,MOCK_PERSON_0805,周宇航,MOCK_PERSON_0805,MOCK_ORG_SH_JD_06,MOCK_ORG_SH_JD,MOCK_ORG_SH_JD_06,MOCK_ORG_SH_JD,1,1,0,0,1,0,20260308,20240129,,20240128,,504,3364923.42000000,72,1,0,1,0,0,0,0,0,20240125,1,1,2619698.00000000,4,0,1,0,0,1,0,54209700.91000000,32142866.28000000,25034240.97000000,23980945.89000000,1,0,0,0,0,0,0,0,40334000.00000000,19541823.00000000,19541823.00000000,20792177.00000000,19541823.00000000,29436024.68000000,19541823.00000000,0.00000000,0.00000000,20260917,53399000.00000000,27772773.00000000,40334000.00000000,19541823.00000000,0,1,0,0,0,0,1,0,0,0,0,0,0,0,0,,0.00000000,,,0,0,0,0,0,0,,0,0,0,0,0,0,0,0,,,1,0,12,7,556920.24000000,0.75533250,6676.43535714,20260915,110,0,0,1,正常,0,20260917
MOCK_TAG_0806,MOCK_CUST_0806,MOCK_ECIF_0806,上海璟原医疗科技铭有限公司,913101127000080623,20130222,存续,医疗器械研发、技术咨询及销售,4600000.00000000,CNY,1886000.00000000,CNY,私人控股,私营有限责任公司,小型,310000,310100,310112,上海市闵行区联航路886号7幢107室,72,C,35,358,3589,1,1,0,1,0,0,0,0,0,0,0,0,0,吴宇航,MOCK_PERSON_0806,吴宇航,MOCK_PERSON_0806,MOCK_ORG_SH_MH_07,MOCK_ORG_SH_MH,MOCK_ORG_SH_MH_07,MOCK_ORG_SH_MH,1,1,0,1,1,0,20260406,20240228,20240225,20240227,,414,4500873.98000000,69,1,1,1,0,0,0,0,0,20240222,1,1,1385706.00000000,3,0,1,0,0,0,0,1886000.65000000,2105562.79000000,1499852.95000000,1499852.95000000,1,0,0,0,0,0,0,0,6311200.00000000,3074816.64000000,3074816.64000000,3236383.36000000,3074816.64000000,2110135.16000000,3074816.64000000,0.00000000,0.00000000,20260917,9577200.00000000,3597376.64000000,6311200.00000000,3074816.64000000,0,0,0,0,0,0,0,0,0,0,0,1,0,0,0,,0.00000000,,,0,0,0,0,0,0,40–59,0,0,0,0,0,0,0,0,,,1,0,12,6,721050.34000000,0.65898175,10871.67628019,20260915,72,0,1,1,正常,0,20260917
MOCK_TAG_0807,MOCK_CUST_0807,MOCK_ECIF_0807,杭州璟辰商贸铭有限公司,91330108700008070D,20200912,存续,日用百货、五金及电子产品批发,2000000.00000000,CNY,1280000.00000000,CNY,私人控股,私营有限责任公司,小型,330000,330100,330108,杭州市滨江区江陵路887号8幢108室,34,F,51,513,5135,1,0,0,1,0,0,0,0,0,0,0,0,0,郑宇航,MOCK_PERSON_0807,郑宇航,MOCK_PERSON_0807,MOCK_ORG_ZJ_HZ_08,MOCK_ORG_ZJ_HZ,MOCK_ORG_ZJ_HZ_08,MOCK_ORG_ZJ_HZ,0,1,0,1,0,0,,20231208,20231205,,,0,0.00000000,0,0,1,0,0,0,0,0,0,20231125,1,1,2479526.00000000,4,0,1,0,0,0,0,2934401.63000000,1250954.54000000,1213282.86000000,1120000.62000000,0,0,0,0,0,0,0,0,0.00000000,0.00000000,0.00000000,0.00000000,0.00000000,0.00000000,0.00000000,0.00000000,0.00000000,20260917,200000.00000000,142000.00000000,0.00000000,0.00000000,0,0,0,0,0,0,0,0,0,0,0,0,0,0,0,,0.00000000,,,0,0,0,0,0,0,,0,0,0,0,0,0,0,0,,,1,0,12,0,0.00000000,0.00000000,0.00000000,,34,0,1,0,正常,0,20260917
MOCK_TAG_0808,MOCK_CUST_0808,MOCK_ECIF_0808,杭州璟宁商贸铭有限公司,91330108700008089A,20160712,存续,日用百货、五金及电子产品批发,4600000.00000000,CNY,1932000.00000000,CNY,私人控股,私营有限责任公司,小型,330000,330100,330108,杭州市滨江区江陵路888号1幢109室,34,F,51,513,5135,1,0,0,1,0,0,0,0,0,0,0,0,0,王宇航,MOCK_PERSON_0808,王宇航,MOCK_PERSON_0808,MOCK_ORG_ZJ_HZ_01,MOCK_ORG_ZJ_HZ,MOCK_ORG_ZJ_HZ_01,MOCK_ORG_ZJ_HZ,1,0,0,1,1,0,20250919,,20240328,20240330,,408,3221931.19000000,34,1,1,1,0,0,0,0,0,20240321,1,1,2189550.00000000,4,0,1,0,0,0,0,3096260.84000000,2551930.31000000,2519156.02000000,2438000.66000000,0,0,0,0,0,0,0,0,0.00000000,0.00000000,0.00000000,0.00000000,0.00000000,0.00000000,0.00000000,0.00000000,0.00000000,20260917,1518000.00000000,273240.00000000,0.00000000,0.00000000,0,0,0,0,0,0,0,0,0,0,0,0,0,0,0,,0.00000000,,,0,0,0,0,0,0,,0,0,0,0,0,0,0,0,,,1,0,12,12,283050.77000000,0.00000000,7896.89017157,20260905,34,0,1,1,正常,0,20260917
MOCK_TAG_0809,MOCK_CUST_0809,MOCK_ECIF_0809,杭州璟知商贸铭有限公司,913301087000080975,20080508,存续,日用百货、五金及电子产品批发,500000.00000000,CNY,440000.00000000,CNY,私人控股,私营有限责任公司,小型,330000,330100,330108,杭州市滨江区江陵路889号2幢110室,64,F,51,513,5135,1,0,0,1,0,0,0,0,0,0,0,0,0,陈宇航,MOCK_PERSON_0809,陈宇航,MOCK_PERSON_0809,MOCK_ORG_ZJ_HZ_02,MOCK_ORG_ZJ_HZ,MOCK_ORG_ZJ_HZ_02,MOCK_ORG_ZJ_HZ,1,0,0,1,1,1,20260319,,20250727,20250729,20250731,252,1949853.79000000,42,1,1,1,0,0,0,0,0,20250718,1,1,1839262.00000000,3,0,1,0,0,0,0,235000.97000000,257069.14000000,183117.75000000,183117.75000000,1,0,0,0,0,0,0,0,640000.00000000,257664.00000000,257664.00000000,382336.00000000,257664.00000000,257156.31000000,257664.00000000,0.00000000,0.00000000,20260917,985000.00000000,412914.00000000,640000.00000000,257664.00000000,0,0,0,0,0,0,0,0,0,0,0,0,0,0,0,,0.00000000,,,0,0,0,0,0,0,,0,0,0,0,0,0,0,0,,,1,0,12,6,299250.07000000,0.64974619,7737.51503968,20260905,64,0,1,1,正常,0,20260917
MOCK_TAG_0810,MOCK_CUST_0810,MOCK_ECIF_0810,上海璟禾精密制造铭有限公司,9131011270000810X6,20130724,存续,工业零部件、自动化设备的研发与制造,4700000.00000000,CNY,3102000.00000000,CNY,私人控股,私营有限责任公司,小型,310000,310100,310112,上海市闵行区联航路890号3幢111室,13,C,34,348,3484,1,0,0,1,0,0,0,0,0,0,0,0,0,杨宇航,MOCK_PERSON_0810,杨宇航,MOCK_PERSON_0810,MOCK_ORG_SH_MH_03,MOCK_ORG_SH_MH,MOCK_ORG_SH_MH_03,MOCK_ORG_SH_MH,0,1,0,0,1,0,,20230323,,20230322,,0,0.00000000,0,0,0,1,0,0,0,0,0,20230318,1,1,2470702.00000000,4,1,1,0,0,0,0,0.00000000,122.98000000,123.11000000,123.11000000,0,0,0,0,0,0,0,0,0.00000000,0.00000000,0.00000000,0.00000000,0.00000000,0.00000000,0.00000000,0.00000000,0.00000000,20260917,1457000.00000000,1049040.00000000,0.00000000,0.00000000,0,0,0,0,0,0,0,0,0,0,0,0,0,0,0,,0.00000000,,,0,0,0,0,0,0,,0,0,0,0,0,0,0,0,,,1,0,12,0,0.00000000,0.00000000,0.00000000,,13,0,0,1,正常,0,20260917
MOCK_TAG_0811,MOCK_CUST_0811,MOCK_ECIF_0811,苏州璟润医疗科技铭有限公司,91320571700008118D,20191102,存续,医疗器械研发、技术咨询及销售,2400000.00000000,CNY,888000.00000000,CNY,私人控股,私营有限责任公司,小型,320000,320500,320571,苏州市工业园区星湖街891号4幢112室,47,C,35,358,3589,1,1,0,1,0,0,0,0,0,0,0,0,0,黄宇航,MOCK_PERSON_0811,黄宇航,MOCK_PERSON_0811,MOCK_ORG_JS_SZ_04,MOCK_ORG_JS_SZ,MOCK_ORG_JS_SZ_04,MOCK_ORG_JS_SZ,1,1,0,1,0,0,20251015,20230528,20230525,,,473,5250306.20000000,43,1,1,0,0,1,0,0,0,20230521,1,1,1831158.00000000,4,0,1,0,0,0,0,2060160.38000000,1497363.97000000,1467053.86000000,1392000.26000000,0,0,0,0,0,0,0,0,0.00000000,0.00000000,0.00000000,0.00000000,0.00000000,0.00000000,0.00000000,0.00000000,0.00000000,20260917,1872000.00000000,599040.00000000,0.00000000,0.00000000,0,0,0,0,0,0,0,0,0,0,0,1,0,0,0,A,1920000.00000000,CNY,嘉禾产业投资08,0,0,0,0,0,0,40–59,0,0,0,0,0,0,0,0,,,1,0,12,11,0.00000000,0.00000000,11100.01310782,20260825,47,0,1,0,正常,0,20260917
MOCK_TAG_0812,MOCK_CUST_0812,MOCK_ECIF_0812,上海璟森医疗科技铭有限公司,913101127000081261,20111009,存续,医疗器械研发、技术咨询及销售,2300000.00000000,CNY,713000.00000000,CNY,私人控股,私营有限责任公司,小型,310000,310100,310112,上海市闵行区联航路892号5幢113室,64,C,35,358,3589,1,1,0,1,0,0,0,0,0,0,0,0,0,徐宇航,MOCK_PERSON_0812,徐宇航,MOCK_PERSON_0812,MOCK_ORG_SH_MH_05,MOCK_ORG_SH_MH,MOCK_ORG_SH_MH_05,MOCK_ORG_SH_MH,0,1,0,1,0,0,,20230524,20230521,,,0,0.00000000,0,0,1,0,0,0,0,0,0,20230513,1,1,2321114.00000000,4,0,1,0,0,0,0,1727760.19000000,847897.55000000,681314.76000000,629623.36000000,1,0,0,0,0,0,0,0,1380000.00000000,283176.00000000,283176.00000000,1096824.00000000,283176.00000000,506506.71000000,283176.00000000,0.00000000,0.00000000,20260917,3128000.00000000,964896.00000000,1380000.00000000,283176.00000000,0,1,0,0,0,0,1,0,0,0,0,1,0,0,0,,0.00000000,,,0,0,0,0,0,0,40–59,0,0,0,0,0,0,0,0,,,1,0,12,0,0.00000000,0.44117647,0.00000000,,64,0,1,0,正常,0,20260917
MOCK_TAG_0813,MOCK_CUST_0813,MOCK_ECIF_0813,宁波璟远精密制造铭有限公司,913302127000081349,20170328,存续,工业零部件、自动化设备的研发与制造,38900000.00000000,CNY,34621000.00000000,CNY,私人控股,私营有限责任公司,中型,330000,330200,330212,宁波市鄞州区首南东路893号6幢114室,452,C,34,348,3484,1,0,0,1,0,0,0,0,0,0,0,0,0,朱宇航,MOCK_PERSON_0813,朱宇航,MOCK_PERSON_0813,MOCK_ORG_ZJ_NB_06,MOCK_ORG_ZJ_NB,MOCK_ORG_ZJ_NB_06,MOCK_ORG_ZJ_NB,1,0,0,1,1,0,20251219,,20221114,20221116,,2682,25241349.17000000,298,1,1,1,0,0,0,0,0,20221106,1,1,2324354.00000000,5,0,1,0,0,1,0,26413101.41000000,21782074.55000000,15749038.82000000,14233111.07000000,1,0,0,0,1,0,0,0,48780600.00000000,12804907.50000000,12804907.50000000,35975692.50000000,12804907.50000000,18843851.97000000,12804907.50000000,0.00000000,0.00000000,20260917,76010600.00000000,32682807.50000000,48780600.00000000,12804907.50000000,0,0,0,0,0,0,0,0,0,0,0,0,0,0,0,B,8947000.00000000,CNY,嘉禾产业投资10,0,0,0,0,0,0,,0,0,0,0,0,0,0,0,,,1,0,12,9,2203710.31000000,0.64176049,9411.39044370,20260905,452,0,1,1,正常,0,20260917
MOCK_TAG_0814,MOCK_CUST_0814,MOCK_ECIF_0814,宁波璟衡精密制造铭有限公司,913302127000081424,20200525,存续,工业零部件、自动化设备的研发与制造,1100000.00000000,CNY,814000.00000000,CNY,私人控股,私营有限责任公司,小型,330000,330200,330212,宁波市鄞州区首南东路894号7幢115室,86,C,34,348,3484,1,0,0,1,0,0,0,0,0,0,0,0,0,胡宇航,MOCK_PERSON_0814,胡宇航,MOCK_PERSON_0814,MOCK_ORG_ZJ_NB_07,MOCK_ORG_ZJ_NB,MOCK_ORG_ZJ_NB_07,MOCK_ORG_ZJ_NB,1,1,0,0,0,0,20260124,20250722,,,,448,3888924.13000000,56,1,0,0,0,0,0,0,0,20250711,1,1,2597574.00000000,4,0,1,0,0,0,0,1240802.23000000,638217.76000000,603347.17000000,517000.93000000,0,0,0,0,0,0,0,0,0.00000000,0.00000000,0.00000000,0.00000000,0.00000000,0.00000000,0.00000000,0.00000000,0.00000000,20260917,462000.00000000,235620.00000000,0.00000000,0.00000000,0,0,0,0,0,0,0,0,0,0,0,0,0,0,0,,0.00000000,,,0,0,0,0,0,0,,0,0,0,0,0,0,0,0,,,1,0,12,8,509320.12000000,0.00000000,8680.63421875,20260910,86,0,0,0,正常,0,20260917
MOCK_TAG_0815,MOCK_CUST_0815,MOCK_ECIF_0815,杭州璟昕食品铭有限公司,913301087000081501,20190918,存续,食品加工、预包装食品销售,31500000.00000000,CNY,15435000.00000000,CNY,私人控股,私营有限责任公司,中型,330000,330100,330108,杭州市滨江区江陵路895号8幢116室,151,C,14,149,1499,1,0,0,1,0,0,0,0,0,0,0,0,0,林宇航,MOCK_PERSON_0815,林宇航,MOCK_PERSON_0815,MOCK_ORG_ZJ_HZ_08,MOCK_ORG_ZJ_HZ,MOCK_ORG_ZJ_HZ_08,MOCK_ORG_ZJ_HZ,0,0,0,1,1,0,,,20231119,20231121,,0,0.00000000,0,0,1,1,0,0,0,0,0,20231118,1,1,1682570.00000000,3,0,1,0,0,1,0,39519900.54000000,18246132.94000000,17618683.80000000,16065000.22000000,0,0,0,0,0,0,0,0,0.00000000,0.00000000,0.00000000,0.00000000,0.00000000,0.00000000,0.00000000,0.00000000,0.00000000,20260917,4410000.00000000,1764000.00000000,0.00000000,0.00000000,0,0,0,0,0,0,0,0,0,0,0,0,0,0,0,,0.00000000,,,0,0,0,0,0,0,,0,0,0,0,0,0,0,0,,,1,0,12,0,0.00000000,0.00000000,0.00000000,,151,0,1,1,正常,0,20260917
MOCK_TAG_0816,MOCK_CUST_0816,MOCK_ECIF_0816,苏州璟途精密制造铭有限公司,91320571700008169M,20120929,存续,工业零部件、自动化设备的研发与制造,3800000.00000000,CNY,1520000.00000000,CNY,私人控股,私营有限责任公司,小型,320000,320500,320571,苏州市工业园区星湖街896号1幢117室,34,C,34,348,3484,1,0,0,1,0,0,0,0,0,0,0,0,0,周安颖,MOCK_PERSON_0437,周宁颖,MOCK_PERSON_0373,MOCK_ORG_JS_SZ_01,MOCK_ORG_JS_SZ,MOCK_ORG_JS_SZ_01,MOCK_ORG_JS_SZ,0,1,0,1,1,0,,20221011,20221008,20221010,,0,0.00000000,0,0,1,1,0,0,0,0,0,20220930,1,1,1848486.00000000,4,0,1,0,0,0,0,2052000.72000000,2345415.25000000,2149937.23000000,2149937.23000000,1,0,0,0,1,0,0,0,1436400.00000000,386104.32000000,386104.32000000,1050295.68000000,386104.32000000,679518.85000000,386104.32000000,0.00000000,0.00000000,20260917,4286400.00000000,2210104.32000000,1436400.00000000,386104.32000000,0,0,0,0,0,0,0,0,0,0,0,0,0,0,0,,0.00000000,,,0,0,0,0,0,0,,0,0,0,0,0,0,0,0,MOCK_GROUP_48,产业集团48,1,0,12,0,0.00000000,0.33510638,0.00000000,,34,0,1,1,正常,0,20260917
MOCK_TAG_0817,MOCK_CUST_0817,MOCK_ECIF_0817,上海珩川精密制造铭有限公司,91310115700008177L,20111001,存续,工业零部件、自动化设备的研发与制造,3900000.00000000,CNY,3237000.00000000,CNY,私人控股,私营有限责任公司,小型,310000,310100,310115,上海市浦东新区金海路897号2幢118室,45,C,34,348,3484,1,0,0,1,0,0,0,0,0,0,0,0,0,赵泽航,MOCK_PERSON_0817,赵泽航,MOCK_PERSON_0817,MOCK_ORG_SH_PD_02,MOCK_ORG_SH_PD,MOCK_ORG_SH_PD_02,MOCK_ORG_SH_PD,1,1,0,1,1,1,20251209,20230301,20230226,20230228,20230302,270,2426331.42000000,30,1,1,1,0,0,0,0,0,20230218,1,1,2063840.00000000,4,0,1,0,0,0,0,234000.12000000,345384.00000000,246026.96000000,246026.96000000,1,0,0,0,1,0,0,0,2184000.00000000,556920.00000000,556920.00000000,1627080.00000000,556920.00000000,346626.00000000,556920.00000000,0.00000000,0.00000000,20260917,4017000.00000000,1601730.00000000,2184000.00000000,556920.00000000,0,0,0,0,0,0,0,0,0,0,0,0,0,0,0,,0.00000000,,,0,0,0,0,0,0,,0,0,0,0,0,0,0,0,,,1,0,12,9,0.00000000,0.54368932,8986.41266667,20260820,45,0,1,1,正常,0,20260917
MOCK_TAG_0818,MOCK_CUST_0818,MOCK_ECIF_0818,苏州珩原信息科技铭有限公司,91320571700008185B,20220111,存续,软件开发、信息系统集成及技术咨询,3000000.00000000,CNY,3000000.00000000,CNY,私人控股,私营有限责任公司,小型,320000,320500,320571,苏州市工业园区星湖街898号3幢119室,13,I,65,651,6513,1,1,0,1,0,0,0,0,0,0,0,0,0,钱泽航,MOCK_PERSON_0818,钱泽航,MOCK_PERSON_0818,MOCK_ORG_JS_SZ_03,MOCK_ORG_JS_SZ,MOCK_ORG_JS_SZ_03,MOCK_ORG_JS_SZ,0,1,0,0,1,0,,20240916,,20240915,,0,0.00000000,0,0,0,1,0,0,0,0,0,20240905,1,1,2721788.00000000,5,0,1,0,0,0,0,1643400.53000000,908782.59000000,674531.83000000,669161.42000000,1,0,0,0,0,0,0,0,3204000.00000000,895518.00000000,895518.00000000,2308482.00000000,895518.00000000,806761.04000000,895518.00000000,0.00000000,0.00000000,20260917,4974000.00000000,1320318.00000000,3204000.00000000,895518.00000000,0,0,0,0,0,0,0,0,0,0,0,1,0,0,0,,0.00000000,,,0,0,0,0,0,0,60–79,0,0,0,0,0,0,0,0,,,1,0,12,0,0.00000000,0.64414958,0.00000000,,13,0,0,1,正常,0,20260917
MOCK_TAG_0819,MOCK_CUST_0819,MOCK_ECIF_0819,杭州珩辰精密制造铭有限公司,91330108700008193E,20120502,存续,工业零部件、自动化设备的研发与制造,3900000.00000000,CNY,3510000.00000000,CNY,私人控股,私营有限责任公司,小型,330000,330100,330108,杭州市滨江区江陵路899号4幢120室,67,C,34,348,3484,1,0,0,1,0,0,0,0,0,0,0,0,0,孙泽航,MOCK_PERSON_0819,徐明博,MOCK_PERSON_0012,MOCK_ORG_ZJ_HZ_04,MOCK_ORG_ZJ_HZ,MOCK_ORG_ZJ_HZ_04,MOCK_ORG_ZJ_HZ,1,1,0,0,1,0,20251005,20240927,,20240926,,684,6065945.46000000,57,1,0,1,0,0,0,0,0,20240920,1,1,2371964.00000000,5,0,1,0,0,0,0,2789280.51000000,2440787.52000000,1954007.06000000,1881127.26000000,1,0,0,0,1,0,0,0,3123900.00000000,1123354.44000000,1123354.44000000,2000545.56000000,1123354.44000000,1589829.61000000,1123354.44000000,0.00000000,0.00000000,20260917,5697900.00000000,1972774.44000000,3123900.00000000,1123354.44000000,0,1,0,0,0,0,1,0,0,0,0,0,0,0,0,,0.00000000,,,0,0,0,0,0,0,,0,0,0,0,0,0,0,0,MOCK_GROUP_49,产业集团49,1,0,12,12,436050.03000000,0.54825462,8868.34131579,20260915,67,0,0,1,正常,0,20260917
MOCK_TAG_0820,MOCK_CUST_0820,MOCK_ECIF_0820,上海珩宁医疗科技铭有限公司,91310114700008206H,20180118,存续,医疗器械研发、技术咨询及销售,3100000.00000000,CNY,2666000.00000000,CNY,私人控股,私营有限责任公司,小型,310000,310100,310114,上海市嘉定区嘉罗公路900号5幢101室,12,C,35,358,3589,1,1,0,1,0,0,0,0,0,0,0,0,0,李泽航,MOCK_PERSON_0820,李泽航,MOCK_PERSON_0820,MOCK_ORG_SH_JD_05,MOCK_ORG_SH_JD,MOCK_ORG_SH_JD_05,MOCK_ORG_SH_JD,1,1,0,1,0,0,20260112,20230427,20230424,,,80,991654.61000000,10,1,1,0,0,0,0,0,0,20230423,1,1,2331138.00000000,5,0,1,0,0,0,0,527000.25000000,1005815.76000000,868074.31000000,868074.31000000,1,0,0,0,0,0,0,0,1953000.00000000,0.00000000,0.00000000,1953000.00000000,0.00000000,478815.51000000,0.00000000,0.00000000,0.00000000,20260917,3906000.00000000,1230390.00000000,1953000.00000000,0.00000000,0,0,0,0,0,0,0,0,1,0,0,1,0,0,0,,0.00000000,,,0,0,0,0,0,0,60–79,0,0,0,0,0,0,0,0,,,1,0,12,8,0.00000000,0.50000000,12395.68262500,20260825,12,0,1,0,正常,0,20260917
MOCK_TAG_0821,MOCK_CUST_0821,MOCK_ECIF_0821,宁波珩知精密制造铭有限公司,91330212700008214W,20070630,存续,工业零部件、自动化设备的研发与制造,4200000.00000000,CNY,2142000.00000000,CNY,私人控股,私营有限责任公司,小型,330000,330200,330212,宁波市鄞州区首南东路901号6幢102室,81,C,34,348,3484,1,0,0,1,0,0,0,0,0,0,0,0,0,周泽航,MOCK_PERSON_0821,周泽航,MOCK_PERSON_0821,MOCK_ORG_ZJ_NB_06,MOCK_ORG_ZJ_NB,MOCK_ORG_ZJ_NB_06,MOCK_ORG_ZJ_NB,0,1,0,1,0,0,,20221211,20221208,,,0,0.00000000,0,0,1,0,0,1,0,0,0,20221203,1,1,2524232.00000000,5,0,1,0,0,0,0,126000.89000000,327783.56000000,233489.66000000,233489.66000000,1,0,0,0,1,0,0,0,1125600.00000000,490874.16000000,490874.16000000,634725.84000000,490874.16000000,329186.92000000,490874.16000000,0.00000000,0.00000000,20260917,2217600.00000000,1058714.16000000,1125600.00000000,490874.16000000,0,0,0,0,0,0,0,0,0,0,0,0,0,0,0,C,2310000.00000000,CNY,嘉禾产业投资06,0,0,0,0,0,0,,0,0,0,0,0,0,0,0,,,1,0,12,0,0.00000000,0.50757576,0.00000000,,81,0,1,0,正常,0,20260917
MOCK_TAG_0822,MOCK_CUST_0822,MOCK_ECIF_0822,上海珩禾精密制造铭有限公司,91310115700008222M,20131104,存续,工业零部件、自动化设备的研发与制造,20000000.00000000,CNY,10800000.00000000,CNY,私人控股,私营有限责任公司,中型,310000,310100,310115,上海市浦东新区金海路902号7幢103室,222,C,34,348,3484,1,0,0,1,0,0,0,0,0,0,0,0,0,吴泽航,MOCK_PERSON_0822,吴泽航,MOCK_PERSON_0822,MOCK_ORG_SH_PD_07,MOCK_ORG_SH_PD,MOCK_ORG_SH_PD_07,MOCK_ORG_SH_PD,0,0,0,1,0,0,,,20240720,,,0,0.00000000,0,0,1,0,0,0,0,0,0,20240714,1,1,1988440.00000000,4,0,1,0,0,1,0,1400000.09000000,6982537.69000000,4973862.47000000,4973862.47000000,1,0,0,0,1,0,0,0,25500000.00000000,7894800.00000000,7894800.00000000,17605200.00000000,7894800.00000000,7007517.69000000,7894800.00000000,0.00000000,0.00000000,20260917,31700000.00000000,10808800.00000000,25500000.00000000,7894800.00000000,0,0,0,0,0,0,0,0,0,0,0,0,0,0,0,,0.00000000,,,0,0,0,0,0,0,,0,0,0,0,0,0,0,0,,,1,0,12,0,0.00000000,0.80441640,0.00000000,,222,0,1,0,正常,0,20260917
MOCK_TAG_0823,MOCK_CUST_0823,MOCK_ECIF_0823,上海珩润商贸铭有限公司,913101147000082302,20110322,存续,日用百货、五金及电子产品批发,700000.00000000,CNY,504000.00000000,CNY,私人控股,私营有限责任公司,小型,310000,310100,310114,上海市嘉定区嘉罗公路903号8幢104室,44,F,51,513,5135,1,0,0,1,0,0,0,0,0,0,0,0,0,郑泽航,MOCK_PERSON_0823,郑泽航,MOCK_PERSON_0823,MOCK_ORG_SH_JD_08,MOCK_ORG_SH_JD,MOCK_ORG_SH_JD_08,MOCK_ORG_SH_JD,0,0,0,1,0,0,,,20221222,,,0,0.00000000,0,0,1,0,0,0,0,0,0,20221215,1,1,2511592.00000000,4,0,1,0,0,0,0,756561.78000000,443895.81000000,428967.14000000,392000.92000000,0,0,0,0,0,0,0,0,0.00000000,0.00000000,0.00000000,0.00000000,0.00000000,0.00000000,0.00000000,0.00000000,0.00000000,20260917,119000.00000000,69020.00000000,0.00000000,0.00000000,0,0,0,0,0,0,0,0,0,0,0,0,0,0,0,,0.00000000,,,0,0,0,0,0,0,,0,0,0,0,0,0,0,0,,,1,0,12,0,0.00000000,0.00000000,0.00000000,,44,0,1,0,正常,0,20260917
MOCK_TAG_0824,MOCK_CUST_0824,MOCK_ECIF_0824,上海珩森医疗科技铭有限公司,91310115700008249D,20101108,存续,医疗器械研发、技术咨询及销售,254400000.00000000,CNY,183168000.00000000,CNY,私人控股,私营有限责任公司,大型,310000,310100,310115,上海市浦东新区金海路904号1幢105室,1516,C,35,358,3589,1,1,0,1,0,0,0,0,0,0,0,0,0,王泽航,MOCK_PERSON_0824,王泽航,MOCK_PERSON_0824,MOCK_ORG_SH_PD_01,MOCK_ORG_SH_PD,MOCK_ORG_SH_PD_01,MOCK_ORG_SH_PD,1,0,0,1,1,0,20251020,,20230702,20230704,,15334,178641105.70000000,1394,1,1,1,0,0,0,0,0,20230622,1,1,2837472.00000000,5,0,1,0,0,0,0,126182400.85000000,82203587.63000000,81242884.49000000,78864000.53000000,0,0,0,0,0,0,0,0,0.00000000,0.00000000,0.00000000,0.00000000,0.00000000,0.00000000,0.00000000,0.00000000,0.00000000,20260917,22896000.00000000,12134880.00000000,0.00000000,0.00000000,0,0,0,0,0,0,0,0,1,0,0,0,0,0,0,,0.00000000,,,0,0,0,0,0,0,60–79,0,0,0,0,0,0,0,0,,,1,0,12,11,16714060.10000000,0.00000000,11650.00037172,20260905,1516,0,1,1,正常,0,20260917
MOCK_TAG_0825,MOCK_CUST_0825,MOCK_ECIF_0825,上海珩远食品铭有限公司,91310114700008257R,20120408,存续,食品加工、预包装食品销售,3100000.00000000,CNY,2666000.00000000,CNY,私人控股,私营有限责任公司,小型,310000,310100,310114,上海市嘉定区嘉罗公路905号2幢106室,84,C,14,149,1499,1,0,0,1,0,0,0,0,0,0,0,0,0,陈泽航,MOCK_PERSON_0825,陈泽航,MOCK_PERSON_0825,MOCK_ORG_SH_JD_02,MOCK_ORG_SH_JD,MOCK_ORG_SH_JD_02,MOCK_ORG_SH_JD,0,1,0,1,1,0,,20260729,20260726,20260728,,0,0.00000000,0,0,1,1,0,0,0,0,0,20260716,1,1,536504.00000000,1,0,1,0,0,0,0,1240000.60000000,305230.92000000,217424.76000000,217424.76000000,0,0,0,0,0,0,0,0,0.00000000,0.00000000,0.00000000,0.00000000,0.00000000,0.00000000,0.00000000,0.00000000,0.00000000,20260917,2108000.00000000,864280.00000000,0.00000000,0.00000000,0,0,0,0,0,0,0,0,0,0,0,0,0,0,0,,0.00000000,,,0,0,0,0,0,0,,0,0,0,0,0,0,0,0,,,0,0,2,0,0.00000000,0.00000000,0.00000000,,84,0,1,1,正常,0,20260917
MOCK_TAG_0826,MOCK_CUST_0826,MOCK_ECIF_0826,上海珩衡医疗科技铭有限公司,913101157000082653,20140219,存续,医疗器械研发、技术咨询及销售,33000000.00000000,CNY,18810000.00000000,CNY,私人控股,私营有限责任公司,中型,310000,310100,310115,上海市浦东新区金海路906号3幢107室,432,C,35,358,3589,1,1,0,1,0,0,0,0,0,0,0,0,0,杨泽航,MOCK_PERSON_0826,杨泽航,MOCK_PERSON_0826,MOCK_ORG_SH_PD_03,MOCK_ORG_SH_PD,MOCK_ORG_SH_PD_03,MOCK_ORG_SH_PD,1,0,0,1,1,0,20260529,,20240225,20240227,,1692,19635662.13000000,423,1,1,1,0,0,0,0,0,20240217,1,1,2521830.00000000,4,0,1,0,0,1,0,4950000.93000000,12194322.63000000,10110339.68000000,10110339.68000000,1,0,0,0,0,0,0,0,21021000.00000000,0.00000000,0.00000000,21021000.00000000,0.00000000,7244321.70000000,0.00000000,0.00000000,0.00000000,20260917,30261000.00000000,2864400.00000000,21021000.00000000,0.00000000,0,0,0,0,0,0,0,0,1,0,0,1,0,0,0,,0.00000000,,,0,0,0,0,0,0,40–59,0,0,0,0,0,0,0,0,,,1,0,12,4,5304420.85000000,0.69465649,11605.00125887,20260915,432,0,1,1,正常,0,20260917
MOCK_TAG_0827,MOCK_CUST_0827,MOCK_ECIF_0827,上海珩昕信息科技铭有限公司,91310112700008273J,20060918,存续,软件开发、信息系统集成及技术咨询,2900000.00000000,CNY,1827000.00000000,CNY,私人控股,私营有限责任公司,小型,310000,310100,310112,上海市闵行区联航路907号4幢108室,79,I,65,651,6513,1,1,0,1,0,0,0,0,0,0,0,0,0,黄泽航,MOCK_PERSON_0827,黄明博,MOCK_PERSON_0011,MOCK_ORG_SH_MH_04,MOCK_ORG_SH_MH,MOCK_ORG_SH_MH_04,MOCK_ORG_SH_MH,1,1,0,1,1,0,20251127,20230801,20230729,20230731,,620,8195629.16000000,62,1,1,1,0,0,0,0,0,20230727,1,1,3039390.00000000,5,0,1,0,0,0,0,1073000.40000000,708724.53000000,504844.87000000,504844.87000000,1,0,0,0,0,0,0,0,4089000.00000000,1162911.60000000,1162911.60000000,2926088.40000000,1162911.60000000,709070.34000000,1162911.60000000,0.00000000,0.00000000,20260917,5220000.00000000,1355181.60000000,4089000.00000000,1162911.60000000,0,1,0,0,0,0,0,0,0,0,0,1,0,0,0,,0.00000000,,,0,0,0,0,0,0,60–79,0,0,0,0,0,0,0,0,MOCK_GROUP_27,产业集团27,1,0,12,10,806000.11000000,0.78333333,13218.75670968,20260910,79,0,1,1,正常,0,20260917
MOCK_TAG_0828,MOCK_CUST_0828,MOCK_ECIF_0828,上海珩途供应链铭有限公司,91310115700008281Q,20090118,存续,仓储服务、国内货物运输代理,3900000.00000000,CNY,2925000.00000000,CNY,私人控股,私营有限责任公司,小型,310000,310100,310115,上海市浦东新区金海路908号5幢109室,39,G,58,582,5821,1,0,0,1,0,0,0,0,0,0,0,0,0,徐泽航,MOCK_PERSON_0828,徐泽航,MOCK_PERSON_0828,MOCK_ORG_SH_PD_05,MOCK_ORG_SH_PD,MOCK_ORG_SH_PD_05,MOCK_ORG_SH_PD,1,0,0,1,0,0,20260522,,20230613,,,140,1103202.30000000,35,1,1,0,0,0,0,0,0,20230604,1,1,2580818.00000000,4,0,1,0,0,0,0,1677000.86000000,1677000.86000000,1677000.86000000,1677000.86000000,0,0,0,0,0,0,0,0,0.00000000,0.00000000,0.00000000,0.00000000,0.00000000,0.00000000,0.00000000,0.00000000,0.00000000,20260917,312000.00000000,205920.00000000,0.00000000,0.00000000,0,0,0,0,0,0,0,0,0,0,0,0,0,0,0,,0.00000000,,,0,0,0,0,0,0,,0,0,0,0,0,0,0,0,,,1,0,12,4,243600.86000000,0.00000000,7880.01642857,20260910,39,0,1,0,正常,0,20260917
MOCK_TAG_0829,MOCK_CUST_0829,MOCK_ECIF_0829,上海颂川商贸铭有限公司,9131011570000829XG,20130601,存续,日用百货、五金及电子产品批发,38300000.00000000,CNY,16469000.00000000,CNY,私人控股,私营有限责任公司,中型,310000,310100,310115,上海市浦东新区金海路909号6幢110室,104,F,51,513,5135,1,0,0,1,0,0,0,0,0,0,0,0,0,朱泽航,MOCK_PERSON_0829,朱泽航,MOCK_PERSON_0829,MOCK_ORG_SH_PD_06,MOCK_ORG_SH_PD,MOCK_ORG_SH_PD_06,MOCK_ORG_SH_PD,0,0,0,0,0,1,,,,,20221117,0,0.00000000,0,0,0,0,0,0,0,0,0,20221112,1,1,2830406.00000000,4,0,1,0,0,1,0,9961830.17000000,7134804.01000000,6955353.57000000,6511000.11000000,0,0,0,0,0,0,0,0,0.00000000,0.00000000,0.00000000,0.00000000,0.00000000,0.00000000,0.00000000,0.00000000,0.00000000,20260917,26427000.00000000,10042260.00000000,0.00000000,0.00000000,0,0,0,0,0,0,0,0,0,0,0,0,0,0,0,,0.00000000,,,0,0,0,0,0,0,,0,0,0,0,0,0,0,0,,,1,0,12,0,0.00000000,0.00000000,0.00000000,,104,0,0,0,正常,0,20260917
MOCK_TAG_0830,MOCK_CUST_0830,MOCK_ECIF_0830,宁波颂原精密制造铭有限公司,91330212700008302B,20161120,存续,工业零部件、自动化设备的研发与制造,4400000.00000000,CNY,3960000.00000000,CNY,私人控股,私营有限责任公司,小型,330000,330200,330212,宁波市鄞州区首南东路910号7幢111室,56,C,34,348,3484,1,0,0,1,0,0,0,0,0,0,0,0,0,胡泽航,MOCK_PERSON_0830,胡泽航,MOCK_PERSON_0830,MOCK_ORG_ZJ_NB_07,MOCK_ORG_ZJ_NB,MOCK_ORG_ZJ_NB_07,MOCK_ORG_ZJ_NB,0,0,0,1,1,0,,,20230413,20230415,,0,0.00000000,0,0,1,1,0,0,0,0,0,20230407,1,1,1599988.00000000,3,0,1,0,0,0,0,264000.18000000,264000.18000000,264000.18000000,264000.18000000,0,0,0,0,0,0,0,0,0.00000000,0.00000000,0.00000000,0.00000000,0.00000000,0.00000000,0.00000000,0.00000000,0.00000000,20260917,3300000.00000000,693000.00000000,0.00000000,0.00000000,0,0,0,0,0,0,0,0,0,0,0,0,0,0,0,,0.00000000,,,0,0,0,0,0,0,,0,0,0,0,0,0,0,0,,,1,0,12,0,0.00000000,0.00000000,0.00000000,,56,0,1,1,正常,0,20260917
MOCK_TAG_0831,MOCK_CUST_0831,MOCK_ECIF_0831,上海颂辰信息科技铭有限公司,91310112700008310Q,20140704,存续,软件开发、信息系统集成及技术咨询,17000000.00000000,CNY,11220000.00000000,CNY,私人控股,私营有限责任公司,中型,310000,310100,310112,上海市闵行区联航路911号8幢112室,241,I,65,651,6513,1,1,0,1,0,0,0,0,0,0,0,0,0,林泽航,MOCK_PERSON_0831,林泽航,MOCK_PERSON_0831,MOCK_ORG_SH_MH_08,MOCK_ORG_SH_MH,MOCK_ORG_SH_MH_08,MOCK_ORG_SH_MH,1,1,0,1,1,0,20260621,20221114,20221111,20221113,,549,6679500.60000000,183,1,1,1,0,1,0,0,0,20221105,1,1,2116404.00000000,4,0,1,0,0,1,0,652800.62000000,4189807.25000000,3401427.86000000,3394236.62000000,1,0,0,0,0,0,0,0,6375000.00000000,0.00000000,0.00000000,6375000.00000000,0.00000000,3839711.54000000,0.00000000,0.00000000,0.00000000,20260917,18955000.00000000,5032000.00000000,6375000.00000000,0.00000000,0,0,0,0,0,0,0,0,1,0,0,1,0,0,0,,0.00000000,,,0,0,0,0,0,0,60–79,0,0,0,0,0,0,0,0,,,1,0,12,3,2539125.53000000,0.33632287,12166.66775956,20260905,241,0,1,1,正常,0,20260917
MOCK_TAG_0832,MOCK_CUST_0832,MOCK_ECIF_0832,宁波颂宁信息科技铭有限公司,913302127000083293,20090319,存续,软件开发、信息系统集成及技术咨询,3800000.00000000,CNY,1634000.00000000,CNY,私人控股,私营有限责任公司,小型,330000,330200,330212,宁波市鄞州区首南东路912号1幢113室,85,I,65,651,6513,1,1,0,1,0,0,0,0,0,0,0,0,0,何泽航,MOCK_PERSON_0832,何泽航,MOCK_PERSON_0832,MOCK_ORG_ZJ_NB_01,MOCK_ORG_ZJ_NB,MOCK_ORG_ZJ_NB_01,MOCK_ORG_ZJ_NB,1,0,0,1,1,0,20251218,,20241031,20241102,,657,8486253.64000000,73,1,1,1,0,0,0,0,0,20241028,1,1,2731292.00000000,4,0,1,0,0,0,0,1520000.15000000,1635657.97000000,1397715.94000000,1397715.94000000,1,0,0,0,0,0,0,0,1501000.00000000,756504.00000000,756504.00000000,744496.00000000,756504.00000000,872161.82000000,756504.00000000,0.00000000,0.00000000,20260917,3933000.00000000,2361624.00000000,1501000.00000000,756504.00000000,0,0,0,0,0,0,0,0,0,0,0,1,0,0,0,,0.00000000,,,0,0,0,0,0,0,40–59,0,0,0,0,0,0,0,0,,,1,0,12,9,1022000.55000000,0.38164251,12916.67220700,20260905,85,0,1,1,正常,0,20260917
MOCK_TAG_0833,MOCK_CUST_0833,MOCK_ECIF_0833,宁波颂知商贸铭有限公司,91330212700008337X,20140703,存续,日用百货、五金及电子产品批发,3700000.00000000,CNY,3182000.00000000,CNY,私人控股,私营有限责任公司,小型,330000,330200,330212,宁波市鄞州区首南东路913号2幢114室,78,F,51,513,5135,1,0,0,1,0,0,0,0,0,0,0,0,0,赵景航,MOCK_PERSON_0833,赵景航,MOCK_PERSON_0833,MOCK_ORG_ZJ_NB_02,MOCK_ORG_ZJ_NB,MOCK_ORG_ZJ_NB_02,MOCK_ORG_ZJ_NB,0,0,0,1,1,1,,,20230807,20230809,20230811,0,0.00000000,0,0,1,1,0,0,0,0,0,20230730,1,1,2168564.00000000,4,0,1,0,0,0,0,1184000.18000000,1907291.55000000,1699221.43000000,1699221.43000000,1,0,0,0,0,0,0,0,2763900.00000000,0.00000000,0.00000000,2763900.00000000,0.00000000,723291.37000000,0.00000000,0.00000000,0.00000000,20260917,4983900.00000000,488400.00000000,2763900.00000000,0.00000000,0,0,0,0,0,0,0,0,0,0,0,0,0,0,0,C,777000.00000000,CNY,嘉禾产业投资06,0,0,0,0,0,0,,0,0,0,0,0,0,0,0,,,1,0,12,0,0.00000000,0.55456570,0.00000000,,78,0,1,1,正常,0,20260917
MOCK_TAG_0834,MOCK_CUST_0834,MOCK_ECIF_0834,苏州颂禾供应链铭有限公司,91320571700008345J,20190210,存续,仓储服务、国内货物运输代理,2900000.00000000,CNY,2175000.00000000,CNY,私人控股,私营有限责任公司,小型,320000,320500,320571,苏州市工业园区星湖街914号3幢115室,81,G,58,582,5821,1,0,0,1,0,0,0,0,0,0,0,0,0,王嘉颖,MOCK_PERSON_0456,何远博,MOCK_PERSON_0032,MOCK_ORG_JS_SZ_03,MOCK_ORG_JS_SZ,MOCK_ORG_JS_SZ_03,MOCK_ORG_JS_SZ,1,1,0,0,1,0,20251018,20231111,,20231110,,649,5628604.40000000,59,1,0,1,0,0,0,0,0,20231031,1,1,2394512.00000000,5,0,1,0,0,0,0,1276000.33000000,1282087.89000000,1048747.16000000,1048747.16000000,1,0,0,0,0,0,0,0,1380400.00000000,805049.28000000,805049.28000000,575350.72000000,805049.28000000,811136.84000000,805049.28000000,0.00000000,0.00000000,20260917,2163400.00000000,1118249.28000000,1380400.00000000,805049.28000000,0,0,0,0,0,0,0,0,0,0,0,0,0,0,0,,0.00000000,,,0,0,0,0,0,0,,0,0,0,0,0,0,0,0,MOCK_GROUP_56,产业集团56,1,0,12,11,538080.52000000,0.63806971,8672.73405239,20260905,81,0,0,1,正常,0,20260917
MOCK_TAG_0835,MOCK_CUST_0835,MOCK_ECIF_0835,杭州颂润精密制造铭有限公司,91330108700008353M,20140820,存续,工业零部件、自动化设备的研发与制造,47800000.00000000,CNY,29158000.00000000,CNY,私人控股,私营有限责任公司,中型,330000,330100,330108,杭州市滨江区江陵路915号4幢116室,398,C,34,348,3484,1,0,0,1,0,0,0,0,0,0,0,0,0,孙景航,MOCK_PERSON_0835,孙景航,MOCK_PERSON_0835,MOCK_ORG_ZJ_HZ_04,MOCK_ORG_ZJ_HZ,MOCK_ORG_ZJ_HZ_04,MOCK_ORG_ZJ_HZ,0,0,0,1,0,1,,,20220628,,20220702,0,0.00000000,0,0,1,0,0,0,0,0,0,20220627,1,1,2489958.00000000,5,0,1,0,0,1,0,34530720.00000000,27742442.12000000,26203432.21000000,25225116.81000000,1,0,0,0,1,0,0,0,17494800.00000000,4375449.48000000,4375449.48000000,13119350.52000000,4375449.48000000,3976487.29000000,4375449.48000000,0.00000000,0.00000000,20260917,44740800.00000000,22085349.48000000,17494800.00000000,4375449.48000000,0,0,0,0,0,0,0,0,0,0,0,0,0,0,0,,0.00000000,,,0,0,0,0,0,0,,0,0,0,0,0,0,0,0,,,1,0,12,0,0.00000000,0.39102564,0.00000000,,398,0,1,0,正常,0,20260917
MOCK_TAG_0836,MOCK_CUST_0836,MOCK_ECIF_0836,杭州颂森精密制造铭有限公司,91330108700008361G,20190324,存续,工业零部件、自动化设备的研发与制造,1600000.00000000,CNY,1072000.00000000,CNY,私人控股,私营有限责任公司,小型,330000,330100,330108,杭州市滨江区江陵路916号5幢117室,50,C,34,348,3484,1,0,0,1,0,0,0,0,0,0,0,0,0,李景航,MOCK_PERSON_0836,李景航,MOCK_PERSON_0836,MOCK_ORG_ZJ_HZ_05,MOCK_ORG_ZJ_HZ,MOCK_ORG_ZJ_HZ_05,MOCK_ORG_ZJ_HZ,0,0,0,1,1,0,,,20240819,20240821,,0,0.00000000,0,0,1,1,0,0,0,0,0,20240815,1,1,2515930.00000000,5,0,1,0,0,0,0,465120.78000000,333126.10000000,324747.50000000,304000.51000000,0,0,0,0,0,0,0,0,0.00000000,0.00000000,0.00000000,0.00000000,0.00000000,0.00000000,0.00000000,0.00000000,0.00000000,20260917,64000.00000000,16640.00000000,0.00000000,0.00000000,0,0,0,0,0,0,0,0,0,0,0,0,0,0,0,,0.00000000,,,0,0,0,0,0,0,,0,0,0,0,0,0,0,0,,,1,0,12,0,0.00000000,0.00000000,0.00000000,,50,0,1,1,正常,0,20260917
MOCK_TAG_0837,MOCK_CUST_0837,MOCK_ECIF_0837,苏州颂远食品铭有限公司,9132057170000837X0,20171220,存续,食品加工、预包装食品销售,3300000.00000000,CNY,1485000.00000000,CNY,私人控股,私营有限责任公司,小型,320000,320500,320571,苏州市工业园区星湖街917号6幢118室,18,C,14,149,1499,1,0,0,1,0,0,0,0,0,0,0,0,0,周景航,MOCK_PERSON_0837,周景航,MOCK_PERSON_0837,MOCK_ORG_JS_SZ_06,MOCK_ORG_JS_SZ,MOCK_ORG_JS_SZ_06,MOCK_ORG_JS_SZ,1,1,0,1,0,0,20251115,20220902,20220830,,,170,1202795.75000000,17,1,1,0,0,0,0,0,0,20220824,1,1,2352692.00000000,4,0,1,0,0,0,0,2179322.13000000,1127776.39000000,924677.87000000,743863.01000000,1,0,0,0,0,0,0,0,2138400.00000000,436233.60000000,436233.60000000,1702166.40000000,436233.60000000,452172.90000000,436233.60000000,0.00000000,0.00000000,20260917,2204400.00000000,443493.60000000,2138400.00000000,436233.60000000,0,0,0,0,0,0,0,0,0,0,0,0,0,0,0,,0.00000000,,,0,0,0,0,0,0,,0,0,0,0,0,0,0,0,,,1,0,12,10,114920.12000000,0.97005988,7075.26911765,20260905,18,0,1,0,正常,0,20260917
MOCK_TAG_0838,MOCK_CUST_0838,MOCK_ECIF_0838,杭州颂衡医疗科技铭有限公司,913301087000083888,20210216,存续,医疗器械研发、技术咨询及销售,4200000.00000000,CNY,3150000.00000000,CNY,私人控股,私营有限责任公司,小型,330000,330100,330108,杭州市滨江区江陵路918号7幢119室,58,C,35,358,3589,1,1,0,1,0,0,0,0,0,0,0,0,0,吴景航,MOCK_PERSON_0838,吴景航,MOCK_PERSON_0838,MOCK_ORG_ZJ_HZ_07,MOCK_ORG_ZJ_HZ,MOCK_ORG_ZJ_HZ_07,MOCK_ORG_ZJ_HZ,1,1,0,1,0,0,20260302,20240304,20240301,,,266,3038863.81000000,38,1,1,0,0,0,0,0,0,20240222,1,1,1530632.00000000,4,0,1,0,0,0,0,294000.63000000,294000.63000000,294000.63000000,294000.63000000,0,0,0,0,0,0,0,0,0.00000000,0.00000000,0.00000000,0.00000000,0.00000000,0.00000000,0.00000000,0.00000000,0.00000000,20260917,924000.00000000,341880.00000000,0.00000000,0.00000000,0,0,0,0,0,0,0,0,1,0,0,1,0,0,0,,0.00000000,,,0,0,0,0,0,0,40–59,0,0,0,0,0,0,0,0,,,1,0,12,7,418000.91000000,0.00000000,11424.30003759,20260910,58,0,1,0,正常,0,20260917
MOCK_TAG_0839,MOCK_CUST_0839,MOCK_ECIF_0839,苏州颂昕医疗科技铭有限公司,91320571700008396T,20220224,存续,医疗器械研发、技术咨询及销售,2700000.00000000,CNY,1998000.00000000,CNY,私人控股,私营有限责任公司,小型,320000,320500,320571,苏州市工业园区星湖街919号8幢120室,61,C,35,358,3589,1,1,0,1,0,0,0,0,0,0,0,0,0,郑景航,MOCK_PERSON_0839,郑景航,MOCK_PERSON_0839,MOCK_ORG_JS_SZ_08,MOCK_ORG_JS_SZ,MOCK_ORG_JS_SZ_08,MOCK_ORG_JS_SZ,0,0,0,1,1,0,,,20240508,20240510,,0,0.00000000,0,0,1,1,0,0,0,0,0,20240506,1,1,2699022.00000000,5,0,1,0,0,0,0,2129762.04000000,923790.31000000,883289.20000000,783000.75000000,0,0,0,0,0,0,0,0,0.00000000,0.00000000,0.00000000,0.00000000,0.00000000,0.00000000,0.00000000,0.00000000,0.00000000,20260917,864000.00000000,328320.00000000,0.00000000,0.00000000,0,0,0,0,0,0,0,0,0,0,0,1,0,0,0,,0.00000000,,,0,0,0,0,0,0,60–79,0,0,0,0,0,0,0,0,,,1,0,12,0,0.00000000,0.00000000,0.00000000,,61,0,1,1,正常,0,20260917
MOCK_TAG_0840,MOCK_CUST_0840,MOCK_ECIF_0840,宁波颂途供应链铭有限公司,91330212700008409N,20120423,存续,仓储服务、国内货物运输代理,2400000.00000000,CNY,864000.00000000,CNY,私人控股,私营有限责任公司,小型,330000,330200,330212,宁波市鄞州区首南东路920号1幢101室,55,G,58,582,5821,1,0,0,1,0,0,0,0,0,0,0,0,0,王景航,MOCK_PERSON_0840,王景航,MOCK_PERSON_0840,MOCK_ORG_ZJ_NB_01,MOCK_ORG_ZJ_NB,MOCK_ORG_ZJ_NB_01,MOCK_ORG_ZJ_NB,0,1,0,1,1,0,,20230817,20230814,20230816,,0,0.00000000,0,0,1,1,0,0,0,0,0,20230812,1,1,2624964.00000000,5,0,1,0,0,0,0,4177920.74000000,1814106.96000000,1717805.13000000,1548508.45000000,1,0,0,0,0,0,0,0,439200.00000000,56656.80000000,56656.80000000,382543.20000000,56656.80000000,97096.98000000,56656.80000000,0.00000000,0.00000000,20260917,847200.00000000,191296.80000000,439200.00000000,56656.80000000,0,1,0,0,0,0,1,0,0,0,0,0,0,0,0,,0.00000000,,,0,0,0,0,0,0,,0,0,0,0,0,0,0,0,,,1,0,12,0,0.00000000,0.51841360,0.00000000,,55,0,1,1,正常,0,20260917
MOCK_TAG_0841,MOCK_CUST_0841,MOCK_ECIF_0841,上海澜川精密制造铭有限公司,91310115700008417F,20201101,存续,工业零部件、自动化设备的研发与制造,900000.00000000,CNY,873000.00000000,CNY,私人控股,私营有限责任公司,小型,310000,310100,310115,上海市浦东新区金海路921号2幢102室,25,C,34,348,3484,1,0,0,1,0,0,0,0,0,0,0,0,0,陈景航,MOCK_PERSON_0841,赵泽博,MOCK_PERSON_0177,MOCK_ORG_SH_PD_02,MOCK_ORG_SH_PD,MOCK_ORG_SH_PD_02,MOCK_ORG_SH_PD,1,1,0,1,1,0,20251022,20250301,20250226,20250228,,231,2102735.89000000,21,1,1,1,0,1,0,0,0,20250219,1,1,2131070.00000000,4,0,1,0,0,0,0,144000.05000000,445080.05000000,317043.32000000,317043.32000000,1,0,0,0,1,0,0,0,765000.00000000,335070.00000000,335070.00000000,429930.00000000,335070.00000000,445814.93000000,335070.00000000,0.00000000,0.00000000,20260917,1170000.00000000,622620.00000000,765000.00000000,335070.00000000,0,0,0,0,0,0,0,0,0,0,0,0,0,0,0,B,189000.00000000,CNY,嘉禾产业投资02,0,0,0,0,0,0,,0,0,0,0,0,0,0,0,MOCK_GROUP_06,产业集团06,1,0,12,11,208845.05000000,0.65384615,9102.75277056,20260910,25,0,1,1,正常,0,20260917
MOCK_TAG_0842,MOCK_CUST_0842,MOCK_ECIF_0842,宁波澜原精密制造铭有限公司,91330212700008425C,20100118,存续,工业零部件、自动化设备的研发与制造,1700000.00000000,CNY,1530000.00000000,CNY,私人控股,私营有限责任公司,小型,330000,330200,330212,宁波市鄞州区首南东路922号3幢103室,51,C,34,348,3484,1,0,0,1,0,0,0,0,0,0,0,0,0,杨景航,MOCK_PERSON_0842,杨景航,MOCK_PERSON_0842,MOCK_ORG_ZJ_NB_03,MOCK_ORG_ZJ_NB,MOCK_ORG_ZJ_NB_03,MOCK_ORG_ZJ_NB,0,0,0,0,0,0,,,,,,0,0.00000000,0,0,0,0,0,0,0,0,0,20221211,1,1,1411024.00000000,3,0,1,0,0,0,0,1970640.48000000,1278609.54000000,1218886.32000000,1071000.26000000,0,0,0,0,0,0,0,0,0.00000000,0.00000000,0.00000000,0.00000000,0.00000000,0.00000000,0.00000000,0.00000000,0.00000000,20260917,527000.00000000,131750.00000000,0.00000000,0.00000000,0,0,0,0,0,0,0,0,0,0,0,0,0,0,0,,0.00000000,,,0,0,0,0,0,0,,0,0,0,0,0,0,0,0,,,1,0,12,0,0.00000000,0.00000000,0.00000000,,51,0,0,0,正常,0,20260917
MOCK_TAG_0843,MOCK_CUST_0843,MOCK_ECIF_0843,宁波澜辰精密制造铭有限公司,913302127000084337,20210204,存续,工业零部件、自动化设备的研发与制造,1300000.00000000,CNY,1105000.00000000,CNY,私人控股,私营有限责任公司,小型,330000,330200,330212,宁波市鄞州区首南东路923号4幢104室,17,C,34,348,3484,1,0,0,1,0,0,0,0,0,0,0,0,0,王宁颖,MOCK_PERSON_0376,林思颖,MOCK_PERSON_0367,MOCK_ORG_ZJ_NB_04,MOCK_ORG_ZJ_NB,MOCK_ORG_ZJ_NB_04,MOCK_ORG_ZJ_NB,1,0,0,1,1,1,20251102,,20250612,20250614,20250616,130,1143680.57000000,13,1,1,1,0,0,0,0,0,20250611,1,1,2390980.00000000,5,0,1,0,0,0,0,624000.26000000,624000.26000000,624000.26000000,624000.26000000,0,0,0,0,0,0,0,0,0.00000000,0.00000000,0.00000000,0.00000000,0.00000000,0.00000000,0.00000000,0.00000000,0.00000000,20260917,221000.00000000,141440.00000000,0.00000000,0.00000000,0,0,0,0,0,0,0,0,0,0,0,0,0,0,0,,0.00000000,,,0,0,0,0,0,0,,0,0,0,0,0,0,0,0,MOCK_GROUP_59,产业集团59,1,0,12,10,0.00000000,0.00000000,8797.54284615,20260820,17,0,1,1,正常,0,20260917
MOCK_TAG_0844,MOCK_CUST_0844,MOCK_ECIF_0844,苏州澜宁精密制造铭有限公司,91320571700008441U,20101206,存续,工业零部件、自动化设备的研发与制造,500000.00000000,CNY,230000.00000000,CNY,私人控股,私营有限责任公司,小型,320000,320500,320571,苏州市工业园区星湖街924号5幢105室,35,C,34,348,3484,1,0,0,1,0,0,0,0,0,0,0,0,0,徐景航,MOCK_PERSON_0844,徐景航,MOCK_PERSON_0844,MOCK_ORG_JS_SZ_05,MOCK_ORG_JS_SZ,MOCK_ORG_JS_SZ_05,MOCK_ORG_JS_SZ,1,0,0,1,1,1,20251109,,20220911,20220913,20220915,230,2084036.04000000,23,1,1,1,0,0,0,0,0,20220906,1,1,3145380.00000000,5,0,1,0,0,0,0,160000.86000000,160000.86000000,160000.86000000,160000.86000000,0,0,0,0,0,0,0,0,0.00000000,0.00000000,0.00000000,0.00000000,0.00000000,0.00000000,0.00000000,0.00000000,0.00000000,20260917,260000.00000000,111800.00000000,0.00000000,0.00000000,0,0,0,0,0,0,0,0,0,0,0,0,0,0,0,,0.00000000,,,0,0,0,0,0,0,,0,0,0,0,0,0,0,0,,,1,0,12,10,0.00000000,0.00000000,9061.02626087,20260825,35,0,1,1,正常,0,20260917
MOCK_TAG_0845,MOCK_CUST_0845,MOCK_ECIF_0845,杭州澜知商贸铭有限公司,9133010870000845XU,20101109,存续,日用百货、五金及电子产品批发,2000000.00000000,CNY,1600000.00000000,CNY,私人控股,私营有限责任公司,小型,330000,330100,330108,杭州市滨江区江陵路925号6幢106室,54,F,51,513,5135,1,0,0,1,0,0,0,0,0,0,0,0,0,朱景航,MOCK_PERSON_0845,朱景航,MOCK_PERSON_0845,MOCK_ORG_ZJ_HZ_06,MOCK_ORG_ZJ_HZ,MOCK_ORG_ZJ_HZ_06,MOCK_ORG_ZJ_HZ,1,0,0,1,1,1,20251005,,20250316,20250318,20250320,418,3519754.61000000,38,1,1,1,0,0,0,0,0,20250313,1,1,1703582.00000000,3,0,1,0,0,0,0,120000.15000000,512352.98000000,364963.77000000,364963.77000000,1,0,0,0,0,0,0,0,1314000.00000000,671454.00000000,671454.00000000,642546.00000000,671454.00000000,514473.96000000,671454.00000000,0.00000000,0.00000000,20260917,2914000.00000000,1599454.00000000,1314000.00000000,671454.00000000,0,0,0,0,0,0,0,0,0,0,0,0,0,0,0,,0.00000000,,,0,0,0,0,0,0,,0,0,0,0,0,0,0,0,,,1,0,12,11,0.00000000,0.45092656,8420.46557416,20260825,54,0,1,1,正常,0,20260917
MOCK_TAG_0846,MOCK_CUST_0846,MOCK_ECIF_0846,上海澜禾精密制造铭有限公司,913101147000084689,20200531,存续,工业零部件、自动化设备的研发与制造,32400000.00000000,CNY,21060000.00000000,CNY,私人控股,私营有限责任公司,中型,310000,310100,310114,上海市嘉定区嘉罗公路926号7幢107室,163,C,34,348,3484,1,0,0,1,0,0,0,0,0,0,0,0,0,胡景航,MOCK_PERSON_0846,何昕颖,MOCK_PERSON_0416,MOCK_ORG_SH_JD_07,MOCK_ORG_SH_JD,MOCK_ORG_SH_JD_07,MOCK_ORG_SH_JD,0,0,0,1,0,1,,,20230415,,20230419,0,0.00000000,0,0,1,0,0,0,0,0,0,20230408,1,1,2390582.00000000,4,0,1,0,0,1,0,30420360.38000000,14854577.73000000,14402767.75000000,13284000.17000000,0,0,0,0,0,0,0,0,0.00000000,0.00000000,0.00000000,0.00000000,0.00000000,0.00000000,0.00000000,0.00000000,0.00000000,20260917,19440000.00000000,3499200.00000000,0.00000000,0.00000000,0,0,0,0,0,0,0,0,0,0,0,0,0,0,0,A,24948000.00000000,CNY,嘉禾产业投资07,0,0,0,0,0,0,,0,0,0,0,0,0,0,0,MOCK_GROUP_55,产业集团55,1,0,12,0,0.00000000,0.00000000,0.00000000,,163,0,1,0,正常,0,20260917
MOCK_TAG_0847,MOCK_CUST_0847,MOCK_ECIF_0847,上海澜润供应链铭有限公司,91310115700008476J,20130119,存续,仓储服务、国内货物运输代理,3200000.00000000,CNY,2656000.00000000,CNY,私人控股,私营有限责任公司,小型,310000,310100,310115,上海市浦东新区金海路927号8幢108室,41,G,58,582,5821,1,0,0,1,0,0,0,0,0,0,0,0,0,林景航,MOCK_PERSON_0847,林景航,MOCK_PERSON_0847,MOCK_ORG_SH_PD_08,MOCK_ORG_SH_PD,MOCK_ORG_SH_PD_08,MOCK_ORG_SH_PD,1,0,0,1,0,0,20260508,,20221120,,,120,1017601.75000000,30,1,1,0,0,0,0,0,0,20221117,1,1,2077394.00000000,4,0,1,0,0,0,0,640640.16000000,591872.09000000,522867.82000000,516541.46000000,1,0,0,0,0,0,0,0,1280000.00000000,0.00000000,0.00000000,1280000.00000000,0.00000000,230990.77000000,0.00000000,0.00000000,0.00000000,20260917,3040000.00000000,228800.00000000,1280000.00000000,0.00000000,0,0,0,0,0,0,0,0,0,0,0,0,0,0,0,B,1888000.00000000,CNY,嘉禾产业投资08,0,0,0,0,0,0,,0,0,0,0,0,0,0,0,,,1,0,12,4,0.00000000,0.42105263,8480.01458333,20260825,41,0,1,0,正常,0,20260917
MOCK_TAG_0848,MOCK_CUST_0848,MOCK_ECIF_0848,上海澜森医疗科技铭有限公司,913101127000084842,20140111,存续,医疗器械研发、技术咨询及销售,48900000.00000000,CNY,40098000.00000000,CNY,私人控股,私营有限责任公司,中型,310000,310100,310112,上海市闵行区联航路928号1幢109室,376,C,35,358,3589,1,1,0,1,0,0,0,0,0,0,0,0,0,何景航,MOCK_PERSON_0848,何景航,MOCK_PERSON_0848,MOCK_ORG_SH_MH_01,MOCK_ORG_SH_MH,MOCK_ORG_SH_MH_01,MOCK_ORG_SH_MH,1,0,0,0,1,0,20260124,,,20221107,,2584,29276722.49000000,323,1,0,1,0,0,0,0,0,20221031,1,1,2294302.00000000,4,0,1,0,0,1,0,84342721.52000000,29220440.02000000,27707450.55000000,23961000.43000000,0,0,0,0,0,0,0,0,0.00000000,0.00000000,0.00000000,0.00000000,0.00000000,0.00000000,0.00000000,0.00000000,0.00000000,20260917,20538000.00000000,12528180.00000000,0.00000000,0.00000000,0,0,0,0,0,0,0,0,1,0,0,1,0,0,0,,0.00000000,,,0,0,0,0,0,0,20–39,0,0,0,0,0,0,0,0,,,1,0,12,8,3091110.04000000,0.00000000,11330.00096362,20260910,376,0,0,1,正常,0,20260917
MOCK_TAG_0849,MOCK_CUST_0849,MOCK_ECIF_0849,上海澜远精密制造铭有限公司,91310112700008492W,20220418,存续,工业零部件、自动化设备的研发与制造,1800000.00000000,CNY,558000.00000000,CNY,私人控股,私营有限责任公司,小型,310000,310100,310112,上海市闵行区联航路929号2幢110室,81,C,34,348,3484,1,0,0,1,0,0,0,0,0,0,0,0,0,赵承航,MOCK_PERSON_0849,赵承航,MOCK_PERSON_0849,MOCK_ORG_SH_MH_02,MOCK_ORG_SH_MH,MOCK_ORG_SH_MH_02,MOCK_ORG_SH_MH,1,1,0,1,0,0,20251025,20240105,20240102,,,858,7810144.51000000,78,1,1,0,0,0,0,0,0,20240101,1,1,2193384.00000000,3,0,1,0,0,0,0,2531341.41000000,1159661.03000000,1079786.08000000,882000.49000000,0,0,0,0,0,0,0,0,0.00000000,0.00000000,0.00000000,0.00000000,0.00000000,0.00000000,0.00000000,0.00000000,0.00000000,20260917,972000.00000000,155520.00000000,0.00000000,0.00000000,0,0,0,0,0,0,0,0,0,0,0,0,0,0,0,,0.00000000,,,0,0,0,0,0,0,,0,0,0,0,0,0,0,0,,,1,0,12,11,636480.45000000,0.00000000,9102.73252914,20260905,81,0,1,0,正常,0,20260917
MOCK_TAG_0850,MOCK_CUST_0850,MOCK_ECIF_0850,苏州澜衡商贸铭有限公司,91320571700008505R,20140724,存续,日用百货、五金及电子产品批发,11300000.00000000,CNY,9831000.00000000,CNY,私人控股,私营有限责任公司,中型,320000,320500,320571,苏州市工业园区星湖街930号3幢111室,340,F,51,513,5135,1,0,0,1,0,0,0,0,0,0,0,0,0,周正博,MOCK_PERSON_0293,赵泽博,MOCK_PERSON_0177,MOCK_ORG_JS_SZ_03,MOCK_ORG_JS_SZ,MOCK_ORG_JS_SZ_03,MOCK_ORG_JS_SZ,0,1,0,1,1,0,,20250725,20250722,20250724,,0,0.00000000,0,0,1,1,0,0,0,0,0,20250718,1,1,2122466.00000000,4,0,1,0,0,1,0,13556611.42000000,6087953.87000000,5734419.34000000,4859000.51000000,0,0,0,0,0,0,0,0,0.00000000,0.00000000,0.00000000,0.00000000,0.00000000,0.00000000,0.00000000,0.00000000,0.00000000,20260917,2147000.00000000,579690.00000000,0.00000000,0.00000000,0,0,0,0,0,0,0,0,0,0,0,0,0,0,0,,0.00000000,,,0,0,0,0,0,0,,0,0,0,0,0,0,0,0,MOCK_GROUP_06,产业集团06,1,0,12,0,0.00000000,0.00000000,0.00000000,,340,0,1,1,正常,0,20260917
MOCK_TAG_0851,MOCK_CUST_0851,MOCK_ECIF_0851,杭州澜昕信息科技铭有限公司,91330108700008513W,20080420,存续,软件开发、信息系统集成及技术咨询,2200000.00000000,CNY,814000.00000000,CNY,私人控股,私营有限责任公司,小型,330000,330100,330108,杭州市滨江区江陵路931号4幢112室,54,I,65,651,6513,1,1,0,1,0,0,0,0,0,0,0,0,0,孙承航,MOCK_PERSON_0851,陈瑞博,MOCK_PERSON_0105,MOCK_ORG_ZJ_HZ_04,MOCK_ORG_ZJ_HZ,MOCK_ORG_ZJ_HZ_04,MOCK_ORG_ZJ_HZ,0,1,0,1,1,0,,20250405,20250402,20250404,,0,0.00000000,0,0,1,1,0,1,0,0,0,20250326,1,1,1763822.00000000,4,0,1,0,0,0,0,792000.31000000,1066702.16000000,759842.63000000,759842.63000000,1,0,0,0,0,0,0,0,2244000.00000000,1178100.00000000,1178100.00000000,1065900.00000000,1178100.00000000,1068187.15000000,1178100.00000000,0.00000000,0.00000000,20260917,2376000.00000000,1234860.00000000,2244000.00000000,1178100.00000000,0,0,0,0,0,0,0,0,1,0,0,1,0,0,0,,0.00000000,,,0,0,0,0,0,0,0–19,0,0,0,0,0,0,0,0,MOCK_GROUP_43,产业集团43,1,0,12,0,0.00000000,0.94444444,0.00000000,,54,0,1,1,正常,0,20260917
MOCK_TAG_0852,MOCK_CUST_0852,MOCK_ECIF_0852,上海澜途医疗科技铭有限公司,91310115700008521K,20160816,存续,医疗器械研发、技术咨询及销售,1900000.00000000,CNY,1064000.00000000,CNY,私人控股,私营有限责任公司,小型,310000,310100,310115,上海市浦东新区金海路932号5幢113室,36,C,35,358,3589,1,1,0,1,0,0,0,0,0,0,0,0,0,李承航,MOCK_PERSON_0852,林泽博,MOCK_PERSON_0191,MOCK_ORG_SH_PD_05,MOCK_ORG_SH_PD,MOCK_ORG_SH_PD_05,MOCK_ORG_SH_PD,1,0,0,1,1,0,20260522,,20220607,20220609,,96,1135202.31000000,24,1,1,1,0,0,0,0,0,20220603,1,1,1743578.00000000,4,0,1,0,0,0,0,164350.92000000,99001.51000000,97850.55000000,95000.53000000,0,0,0,0,0,0,0,0,0.00000000,0.00000000,0.00000000,0.00000000,0.00000000,0.00000000,0.00000000,0.00000000,0.00000000,20260917,304000.00000000,179360.00000000,0.00000000,0.00000000,0,0,0,0,0,0,0,0,0,0,0,1,0,0,0,,0.00000000,,,0,0,0,0,0,0,0–19,0,0,0,0,0,0,0,0,MOCK_GROUP_41,产业集团41,1,0,12,4,308880.50000000,0.00000000,11825.02406250,20260905,36,0,1,1,正常,0,20260917
MOCK_TAG_0853,MOCK_CUST_0853,MOCK_ECIF_0853,上海屿川医疗科技铭有限公司,9131011270000853X0,20180926,存续,医疗器械研发、技术咨询及销售,4000000.00000000,CNY,3240000.00000000,CNY,私人控股,私营有限责任公司,小型,310000,310100,310112,上海市闵行区联航路933号6幢114室,73,C,35,358,3589,1,1,0,1,0,0,0,0,0,0,0,0,0,郑嘉颖,MOCK_PERSON_0455,陈文颖,MOCK_PERSON_0393,MOCK_ORG_SH_MH_06,MOCK_ORG_SH_MH,MOCK_ORG_SH_MH_06,MOCK_ORG_SH_MH,0,1,0,1,0,0,,20231013,20231010,,,0,0.00000000,0,0,1,0,0,0,0,0,0,20231006,1,1,1919934.00000000,4,0,1,0,0,0,0,5454000.08000000,2386218.50000000,2217580.31000000,2003257.02000000,1,0,0,0,0,0,0,0,1536000.00000000,0.00000000,0.00000000,1536000.00000000,0.00000000,285341.54000000,0.00000000,0.00000000,0.00000000,20260917,1776000.00000000,67200.00000000,1536000.00000000,0.00000000,0,0,0,0,0,0,0,0,0,0,0,1,0,0,0,,0.00000000,,,0,0,0,0,0,0,60–79,0,0,0,0,0,0,0,0,MOCK_GROUP_54,产业集团54,1,0,12,0,0.00000000,0.86486486,0.00000000,,73,0,1,0,正常,0,20260917
MOCK_TAG_0854,MOCK_CUST_0854,MOCK_ECIF_0854,苏州屿原食品铭有限公司,913205717000085487,20221218,存续,食品加工、预包装食品销售,33800000.00000000,CNY,18928000.00000000,CNY,私人控股,私营有限责任公司,中型,320000,320500,320571,苏州市工业园区星湖街934号7幢115室,119,C,14,149,1499,1,0,0,1,0,0,0,0,0,0,0,0,0,吴承航,MOCK_PERSON_0854,吴承航,MOCK_PERSON_0854,MOCK_ORG_JS_SZ_07,MOCK_ORG_JS_SZ,MOCK_ORG_JS_SZ_07,MOCK_ORG_JS_SZ,1,0,0,1,0,0,20260104,,20250316,,,688,4703988.48000000,86,1,1,0,0,0,0,0,0,20250311,1,1,1871306.00000000,4,0,1,0,0,1,0,20280000.59000000,20280000.59000000,20280000.59000000,20280000.59000000,0,0,0,0,0,0,0,0,0.00000000,0.00000000,0.00000000,0.00000000,0.00000000,0.00000000,0.00000000,0.00000000,0.00000000,20260917,23998000.00000000,17518540.00000000,0.00000000,0.00000000,0,0,0,0,0,0,0,0,0,0,0,0,0,0,0,A,15886000.00000000,CNY,嘉禾产业投资03,0,0,0,0,0,0,,0,0,0,0,0,0,0,0,,,1,0,12,8,0.00000000,0.00000000,6837.19255814,20260820,119,0,1,0,正常,0,20260917
MOCK_TAG_0855,MOCK_CUST_0855,MOCK_ECIF_0855,上海屿辰食品铭有限公司,913101157000085566,20090225,存续,食品加工、预包装食品销售,900000.00000000,CNY,747000.00000000,CNY,私人控股,私营有限责任公司,小型,310000,310100,310115,上海市浦东新区金海路935号8幢116室,77,C,14,149,1499,1,0,0,1,0,0,0,0,0,0,0,0,0,郑承航,MOCK_PERSON_0855,郑承航,MOCK_PERSON_0855,MOCK_ORG_SH_PD_08,MOCK_ORG_SH_PD,MOCK_ORG_SH_PD_08,MOCK_ORG_SH_PD,0,1,0,1,0,0,,20240726,20240723,,,0,0.00000000,0,0,1,0,0,0,0,0,0,20240719,1,1,1897734.00000000,4,0,1,0,0,0,0,567000.46000000,441575.57000000,367540.02000000,367540.02000000,1,0,0,0,0,0,0,0,766800.00000000,382786.56000000,382786.56000000,384013.44000000,382786.56000000,257361.67000000,382786.56000000,0.00000000,0.00000000,20260917,919800.00000000,488356.56000000,766800.00000000,382786.56000000,0,0,0,0,0,0,0,0,0,0,0,0,0,0,0,,0.00000000,,,0,0,0,0,0,0,,0,0,0,0,0,0,0,0,,,1,0,12,0,0.00000000,0.83365949,0.00000000,,77,0,1,0,正常,0,20260917
MOCK_TAG_0856,MOCK_CUST_0856,MOCK_ECIF_0856,上海屿宁商贸铭有限公司,91310112700008564M,20100421,存续,日用百货、五金及电子产品批发,33500000.00000000,CNY,21105000.00000000,CNY,私人控股,私营有限责任公司,中型,310000,310100,310112,上海市闵行区联航路936号1幢117室,476,F,51,513,5135,1,0,0,1,0,0,0,0,0,0,0,0,0,王承航,MOCK_PERSON_0856,王承航,MOCK_PERSON_0856,MOCK_ORG_SH_MH_01,MOCK_ORG_SH_MH,MOCK_ORG_SH_MH_01,MOCK_ORG_SH_MH,0,1,0,1,0,0,,20230903,20230831,,,0,0.00000000,0,0,1,0,0,0,0,0,0,20230825,1,1,2081324.00000000,4,0,1,0,0,1,0,10050000.84000000,13137074.16000000,12249011.97000000,12249011.97000000,1,0,0,0,0,0,0,0,14237500.00000000,0.00000000,0.00000000,14237500.00000000,0.00000000,3087073.32000000,0.00000000,0.00000000,0.00000000,20260917,34002500.00000000,5534200.00000000,14237500.00000000,0.00000000,0,0,0,0,0,0,0,0,0,0,0,0,0,0,0,A,14405000.00000000,CNY,嘉禾产业投资05,0,0,0,0,0,0,,0,0,0,0,0,0,0,0,,,1,0,12,0,0.00000000,0.41871921,0.00000000,,476,0,1,0,正常,0,20260917
MOCK_TAG_0857,MOCK_CUST_0857,MOCK_ECIF_0857,宁波屿知供应链铭有限公司,91330212700008572X,20120322,存续,仓储服务、国内货物运输代理,2300000.00000000,CNY,759000.00000000,CNY,私人控股,私营有限责任公司,小型,330000,330200,330212,宁波市鄞州区首南东路937号2幢118室,90,G,58,582,5821,1,0,0,1,0,0,0,0,0,0,0,0,0,陈承航,MOCK_PERSON_0857,陈承航,MOCK_PERSON_0857,MOCK_ORG_ZJ_NB_02,MOCK_ORG_ZJ_NB,MOCK_ORG_ZJ_NB_02,MOCK_ORG_ZJ_NB,0,1,0,1,1,0,,20231204,20231201,20231203,,0,0.00000000,0,0,1,1,0,0,0,0,0,20231121,1,1,2853082.00000000,4,0,1,0,0,0,0,1196000.35000000,1094909.84000000,779935.77000000,779935.77000000,1,0,0,0,0,0,0,0,2576000.00000000,1337459.20000000,1337459.20000000,1238540.80000000,1337459.20000000,1095453.91000000,1337459.20000000,0.00000000,0.00000000,20260917,3703000.00000000,2058739.20000000,2576000.00000000,1337459.20000000,0,0,0,0,0,0,0,0,0,0,0,0,0,0,0,,0.00000000,,,0,0,0,0,0,0,,0,0,0,0,0,0,0,0,,,1,0,12,0,0.00000000,0.69565217,0.00000000,,90,0,1,1,正常,0,20260917
MOCK_TAG_0858,MOCK_CUST_0858,MOCK_ECIF_0858,上海屿禾信息科技铭有限公司,91310115700008580N,20160318,存续,软件开发、信息系统集成及技术咨询,4600000.00000000,CNY,3082000.00000000,CNY,私人控股,私营有限责任公司,小型,310000,310100,310115,上海市浦东新区金海路938号3幢119室,83,I,65,651,6513,1,1,0,1,0,0,0,0,0,0,0,0,0,杨承航,MOCK_PERSON_0858,杨承航,MOCK_PERSON_0858,MOCK_ORG_SH_PD_03,MOCK_ORG_SH_PD,MOCK_ORG_SH_PD_03,MOCK_ORG_SH_PD,1,1,0,1,1,0,20260602,20250827,20250824,20250826,,284,3700877.32000000,71,1,1,1,0,0,0,0,0,20250820,1,1,2151800.00000000,4,0,1,0,0,0,0,184000.96000000,510303.91000000,363504.15000000,363504.15000000,1,0,0,0,0,0,0,0,2760000.00000000,528264.00000000,528264.00000000,2231736.00000000,528264.00000000,511627.99000000,528264.00000000,0.00000000,0.00000000,20260917,6302000.00000000,2228424.00000000,2760000.00000000,528264.00000000,0,0,0,0,0,0,0,0,1,0,0,1,0,0,0,,0.00000000,,,0,0,0,0,0,0,60–79,0,0,0,0,0,0,0,0,,,1,0,12,4,931875.74000000,0.43795620,13031.25816901,20260910,83,0,1,1,正常,0,20260917
MOCK_TAG_0859,MOCK_CUST_0859,MOCK_ECIF_0859,宁波屿润供应链铭有限公司,91330212700008599M,20160611,存续,仓储服务、国内货物运输代理,4700000.00000000,CNY,2021000.00000000,CNY,私人控股,私营有限责任公司,小型,330000,330200,330212,宁波市鄞州区首南东路939号4幢120室,52,G,58,582,5821,1,0,0,1,0,0,0,0,0,0,0,0,0,赵承博,MOCK_PERSON_0209,王涵博,MOCK_PERSON_0152,MOCK_ORG_ZJ_NB_04,MOCK_ORG_ZJ_NB,MOCK_ORG_ZJ_NB_04,MOCK_ORG_ZJ_NB,1,0,0,0,1,0,20251001,,,20220915,,561,5091845.02000000,51,1,0,1,0,0,0,0,0,20220905,1,1,2169380.00000000,4,0,1,0,0,0,0,893000.06000000,3396834.68000000,2676553.48000000,2676553.48000000,1,0,0,0,0,0,0,0,6697500.00000000,0.00000000,0.00000000,6697500.00000000,0.00000000,2503834.62000000,0.00000000,0.00000000,0.00000000,20260917,10316500.00000000,1664740.00000000,6697500.00000000,0.00000000,0,0,0,0,0,0,0,0,0,0,0,0,0,0,0,,0.00000000,,,0,0,0,0,0,0,,0,0,0,0,0,0,0,0,MOCK_GROUP_30,产业集团30,1,0,12,11,0.00000000,0.64920273,9076.37258467,20260820,52,0,0,1,正常,0,20260917
MOCK_TAG_0860,MOCK_CUST_0860,MOCK_ECIF_0860,杭州屿森信息科技铭有限公司,91330108700008601B,20080711,存续,软件开发、信息系统集成及技术咨询,3200000.00000000,CNY,1664000.00000000,CNY,私人控股,私营有限责任公司,小型,330000,330100,330108,杭州市滨江区江陵路940号5幢101室,54,I,65,651,6513,1,1,0,1,0,0,0,0,0,0,0,0,0,徐承航,MOCK_PERSON_0860,徐承航,MOCK_PERSON_0860,MOCK_ORG_ZJ_HZ_05,MOCK_ORG_ZJ_HZ,MOCK_ORG_ZJ_HZ_05,MOCK_ORG_ZJ_HZ,1,0,0,1,1,0,20260202,,20230305,20230307,,312,3748879.16000000,39,1,1,1,0,0,0,0,0,20230301,1,1,2234100.00000000,4,0,1,0,0,0,0,1440000.37000000,1527130.32000000,1332030.76000000,1332030.76000000,1,0,0,0,0,0,0,0,3769600.00000000,591073.28000000,591073.28000000,3178526.72000000,591073.28000000,678203.23000000,591073.28000000,0.00000000,0.00000000,20260917,4217600.00000000,698593.28000000,3769600.00000000,591073.28000000,0,0,0,0,0,0,0,0,1,0,0,1,0,0,0,C,1344000.00000000,CNY,嘉禾产业投资09,0,0,0,0,0,0,60–79,0,0,0,0,0,0,0,0,,,1,0,12,8,453375.88000000,0.89377845,12015.63833333,20260915,54,0,1,1,正常,0,20260917
MOCK_TAG_0861,MOCK_CUST_0861,MOCK_ECIF_0861,宁波屿远精密制造铭有限公司,9133021270000861X1,20080617,存续,工业零部件、自动化设备的研发与制造,14200000.00000000,CNY,14058000.00000000,CNY,私人控股,私营有限责任公司,中型,330000,330200,330212,宁波市鄞州区首南东路941号6幢102室,131,C,34,348,3484,1,0,0,1,0,0,0,0,0,0,0,0,0,朱承航,MOCK_PERSON_0861,朱承航,MOCK_PERSON_0861,MOCK_ORG_ZJ_NB_06,MOCK_ORG_ZJ_NB,MOCK_ORG_ZJ_NB_06,MOCK_ORG_ZJ_NB,1,1,0,1,0,0,20260529,20250217,20250214,,,476,3884162.93000000,119,1,1,0,0,1,0,0,0,20250207,1,1,1780404.00000000,4,0,1,0,0,1,0,6532000.49000000,9069449.44000000,7184096.73000000,7184096.73000000,1,0,0,0,1,0,0,0,14313600.00000000,4016396.16000000,4016396.16000000,10297203.84000000,4016396.16000000,6553845.11000000,4016396.16000000,0.00000000,0.00000000,20260917,16159600.00000000,4773256.16000000,14313600.00000000,4016396.16000000,0,1,0,0,0,0,1,0,0,0,0,0,0,0,0,A,3976000.00000000,CNY,嘉禾产业投资10,0,0,0,0,0,0,,0,0,0,0,0,0,0,0,,,1,0,12,4,940695.47000000,0.88576450,8160.00615546,20260910,131,0,1,0,正常,0,20260917
MOCK_TAG_0862,MOCK_CUST_0862,MOCK_ECIF_0862,杭州屿衡信息科技铭有限公司,913301087000086283,20060506,存续,软件开发、信息系统集成及技术咨询,8400000.00000000,CNY,5460000.00000000,CNY,私人控股,私营有限责任公司,中型,330000,330100,330108,杭州市滨江区江陵路942号7幢103室,395,I,65,651,6513,1,1,0,1,0,0,0,0,0,0,0,0,0,赵舒博,MOCK_PERSON_0257,朱安博,MOCK_PERSON_0125,MOCK_ORG_ZJ_HZ_07,MOCK_ORG_ZJ_HZ,MOCK_ORG_ZJ_HZ_07,MOCK_ORG_ZJ_HZ,1,0,0,1,0,0,20251202,,20230513,,,2800,37957505.60000000,280,1,1,0,0,0,0,0,0,20230510,1,1,2047284.00000000,4,0,1,0,0,1,0,4536000.66000000,6915080.32000000,6230687.54000000,6230687.54000000,1,0,0,0,0,0,0,0,6375600.00000000,0.00000000,0.00000000,6375600.00000000,0.00000000,2379079.66000000,0.00000000,0.00000000,0.00000000,20260917,9903600.00000000,1375920.00000000,6375600.00000000,0.00000000,0,0,0,0,0,0,0,0,0,0,0,1,0,0,0,A,5796000.00000000,CNY,嘉禾产业投资11,0,0,0,0,0,0,20–39,0,0,0,0,0,0,0,0,MOCK_GROUP_38,产业集团38,1,0,12,10,4200000.07000000,0.64376590,13556.25200000,20260910,395,0,1,0,正常,0,20260917
MOCK_TAG_0863,MOCK_CUST_0863,MOCK_ECIF_0863,苏州屿昕信息科技铭有限公司,91320571700008636M,20210819,存续,软件开发、信息系统集成及技术咨询,33600000.00000000,CNY,13440000.00000000,CNY,私人控股,私营有限责任公司,中型,320000,320500,320571,苏州市工业园区星湖街943号8幢104室,487,I,65,651,6513,1,1,0,1,0,0,0,0,0,0,0,0,0,林承航,MOCK_PERSON_0863,林承航,MOCK_PERSON_0863,MOCK_ORG_JS_SZ_08,MOCK_ORG_JS_SZ,MOCK_ORG_JS_SZ_08,MOCK_ORG_JS_SZ,0,1,0,1,0,0,,20231208,20231205,,,0,0.00000000,0,0,1,0,0,0,0,0,0,20231203,1,1,2339962.00000000,5,0,1,0,0,1,0,15792000.04000000,28612643.49000000,24924513.18000000,24924513.18000000,1,0,0,0,0,0,0,0,62563200.00000000,0.00000000,0.00000000,62563200.00000000,0.00000000,12820643.45000000,0.00000000,0.00000000,0.00000000,20260917,84739200.00000000,9313920.00000000,62563200.00000000,0.00000000,0,1,0,0,0,0,0,0,1,0,0,1,0,0,0,,0.00000000,,,0,0,0,0,0,0,40–59,0,0,0,0,0,0,0,0,,,1,0,12,0,0.00000000,0.73830293,0.00000000,,487,0,1,0,正常,0,20260917
MOCK_TAG_0864,MOCK_CUST_0864,MOCK_ECIF_0864,宁波屿途精密制造润有限公司,91330212700008644N,20220726,存续,工业零部件、自动化设备的研发与制造,1000000.00000000,CNY,620000.00000000,CNY,私人控股,私营有限责任公司,小型,330000,330200,330212,宁波市鄞州区首南东路944号1幢105室,16,C,34,348,3484,1,0,0,1,0,0,0,0,0,0,0,0,0,何承航,MOCK_PERSON_0864,何承航,MOCK_PERSON_0864,MOCK_ORG_ZJ_NB_01,MOCK_ORG_ZJ_NB,MOCK_ORG_ZJ_NB_01,MOCK_ORG_ZJ_NB,0,0,0,1,1,0,,,20250715,20250717,,0,0.00000000,0,0,1,1,0,0,0,0,0,20250710,1,1,2483058.00000000,4,0,1,0,0,0,0,110401.43000000,143628.57000000,102310.76000000,96387.40000000,1,0,0,0,1,0,0,0,420000.00000000,151200.00000000,151200.00000000,268800.00000000,151200.00000000,135740.77000000,151200.00000000,0.00000000,0.00000000,20260917,850000.00000000,228600.00000000,420000.00000000,151200.00000000,0,0,0,0,0,0,0,0,0,0,0,0,0,0,0,A,430000.00000000,CNY,嘉禾产业投资01,0,0,0,0,0,0,,0,0,0,0,0,0,0,0,,,1,0,12,0,0.00000000,0.49411765,0.00000000,,16,0,1,1,正常,0,20260917
MOCK_TAG_0865,MOCK_CUST_0865,MOCK_ECIF_0865,上海澄川供应链润有限公司,913101127000086524,20140804,存续,仓储服务、国内货物运输代理,300000.00000000,CNY,252000.00000000,CNY,私人控股,私营有限责任公司,小型,310000,310100,310112,上海市闵行区联航路945号2幢106室,25,G,58,582,5821,1,0,0,1,0,0,0,0,0,0,0,0,0,赵启航,MOCK_PERSON_0865,赵启航,MOCK_PERSON_0865,MOCK_ORG_SH_MH_02,MOCK_ORG_SH_MH,MOCK_ORG_SH_MH_02,MOCK_ORG_SH_MH,1,1,0,1,0,0,20251107,20230104,20230101,,,200,1688803.47000000,20,1,1,0,0,0,0,0,0,20221231,1,1,2373622.00000000,4,0,1,0,0,0,0,46951.50000000,19112.92000000,17929.89000000,15000.48000000,0,0,0,0,0,0,0,0,0.00000000,0.00000000,0.00000000,0.00000000,0.00000000,0.00000000,0.00000000,0.00000000,0.00000000,20260917,216000.00000000,62640.00000000,0.00000000,0.00000000,0,0,0,0,0,0,0,0,0,0,0,0,0,0,0,,0.00000000,,,0,0,0,0,0,0,,0,0,0,0,0,0,0,0,,,1,0,12,10,0.00000000,0.00000000,8444.01735000,20260820,25,0,1,0,正常,0,20260917
MOCK_TAG_0866,MOCK_CUST_0866,MOCK_ECIF_0866,上海澄原精密制造润有限公司,91310112700008660Y,20060726,存续,工业零部件、自动化设备的研发与制造,1400000.00000000,CNY,1036000.00000000,CNY,私人控股,私营有限责任公司,小型,310000,310100,310112,上海市闵行区联航路946号3幢107室,45,C,34,348,3484,1,0,0,1,0,0,0,0,0,0,0,0,0,钱启航,MOCK_PERSON_0866,钱启航,MOCK_PERSON_0866,MOCK_ORG_SH_MH_03,MOCK_ORG_SH_MH,MOCK_ORG_SH_MH_03,MOCK_ORG_SH_MH,0,1,0,1,1,0,,20230220,20230217,20230219,,0,0.00000000,0,0,1,1,0,0,0,0,0,20230210,1,1,1494464.00000000,4,0,1,0,0,0,0,546000.25000000,565588.35000000,452932.26000000,452932.26000000,1,0,0,0,1,0,0,0,929600.00000000,372025.92000000,372025.92000000,557574.08000000,372025.92000000,391614.02000000,372025.92000000,0.00000000,0.00000000,20260917,1881600.00000000,733785.92000000,929600.00000000,372025.92000000,0,0,0,0,0,0,0,0,0,0,0,0,0,0,0,,0.00000000,,,0,0,0,0,0,0,,0,0,0,0,0,0,0,0,,,1,0,12,0,0.00000000,0.49404762,0.00000000,,45,0,1,1,正常,0,20260917
MOCK_TAG_0867,MOCK_CUST_0867,MOCK_ECIF_0867,上海澄辰医疗科技润有限公司,91310114700008679Q,20090305,存续,医疗器械研发、技术咨询及销售,3200000.00000000,CNY,2272000.00000000,CNY,私人控股,私营有限责任公司,小型,310000,310100,310114,上海市嘉定区嘉罗公路947号4幢108室,40,C,35,358,3589,1,1,0,1,0,0,0,0,0,0,0,0,0,孙启航,MOCK_PERSON_0867,孙启航,MOCK_PERSON_0867,MOCK_ORG_SH_JD_04,MOCK_ORG_SH_JD,MOCK_ORG_SH_JD_04,MOCK_ORG_SH_JD,0,1,0,1,1,0,,20250625,20250622,20250624,,0,0.00000000,0,0,1,1,0,0,0,0,0,20250615,1,1,2463646.00000000,5,0,1,0,0,0,0,1184000.07000000,1953054.25000000,1552756.31000000,1552756.31000000,1,0,0,0,0,0,0,0,2851200.00000000,1062357.12000000,1062357.12000000,1788842.88000000,1062357.12000000,1831411.30000000,1062357.12000000,0.00000000,0.00000000,20260917,4195200.00000000,1532757.12000000,2851200.00000000,1062357.12000000,0,0,0,0,0,0,0,0,1,0,0,1,0,0,0,A,2368000.00000000,CNY,嘉禾产业投资04,0,0,0,0,0,0,20–39,0,0,0,0,0,0,0,0,,,1,0,12,0,0.00000000,0.67963387,0.00000000,,40,0,1,1,正常,0,20260917
MOCK_TAG_0868,MOCK_CUST_0868,MOCK_ECIF_0868,上海澄宁商贸润有限公司,91310114700008687K,20081213,存续,日用百货、五金及电子产品批发,4100000.00000000,CNY,1312000.00000000,CNY,私人控股,私营有限责任公司,小型,310000,310100,310114,上海市嘉定区嘉罗公路948号5幢109室,86,F,51,513,5135,1,0,0,1,0,0,0,0,0,0,0,0,0,李启航,MOCK_PERSON_0868,李启航,MOCK_PERSON_0868,MOCK_ORG_SH_JD_05,MOCK_ORG_SH_JD,MOCK_ORG_SH_JD_05,MOCK_ORG_SH_JD,1,0,0,1,1,1,20260416,,20220813,20220815,20220817,405,3159003.31000000,81,1,1,1,0,0,0,0,0,20220812,1,1,1776132.00000000,4,0,1,0,0,0,0,287000.42000000,1542492.54000000,1098761.81000000,1098761.81000000,1,0,0,0,0,0,0,0,2230400.00000000,1421880.00000000,1421880.00000000,808520.00000000,1421880.00000000,1546857.46000000,1421880.00000000,0.00000000,0.00000000,20260917,4157400.00000000,2712970.00000000,2230400.00000000,1421880.00000000,0,1,0,0,0,0,1,0,0,0,0,0,0,0,0,C,1189000.00000000,CNY,嘉禾产业投资05,0,0,0,0,0,0,,0,0,0,0,0,0,0,0,,,1,0,12,5,522450.84000000,0.53648915,7800.00817284,20260905,86,0,1,1,正常,0,20260917
MOCK_TAG_0869,MOCK_CUST_0869,MOCK_ECIF_0869,苏州澄知商贸润有限公司,91320571700008695Q,20160122,存续,日用百货、五金及电子产品批发,4100000.00000000,CNY,2542000.00000000,CNY,私人控股,私营有限责任公司,小型,320000,320500,320571,苏州市工业园区星湖街949号6幢110室,57,F,51,513,5135,1,0,0,1,0,0,0,0,0,0,0,0,0,周启航,MOCK_PERSON_0869,周启航,MOCK_PERSON_0869,MOCK_ORG_JS_SZ_06,MOCK_ORG_JS_SZ,MOCK_ORG_JS_SZ_06,MOCK_ORG_JS_SZ,0,1,0,1,1,0,,20250724,20250721,20250723,,0,0.00000000,0,0,1,1,0,0,0,0,0,20250716,1,1,2245680.00000000,4,0,1,0,0,0,0,1353000.88000000,1386498.06000000,1171407.24000000,1171407.24000000,1,0,0,0,0,0,0,0,2009000.00000000,714199.50000000,714199.50000000,1294800.50000000,714199.50000000,747696.68000000,714199.50000000,0.00000000,0.00000000,20260917,3649000.00000000,1698199.50000000,2009000.00000000,714199.50000000,0,0,0,0,0,0,0,0,0,0,0,0,0,0,0,,0.00000000,,,0,0,0,0,0,0,,0,0,0,0,0,0,0,0,,,1,0,12,0,0.00000000,0.55056180,0.00000000,,57,0,1,1,正常,0,20260917
MOCK_TAG_0870,MOCK_CUST_0870,MOCK_ECIF_0870,宁波澄禾精密制造润有限公司,91330212700008708L,20121008,存续,工业零部件、自动化设备的研发与制造,47000000.00000000,CNY,15980000.00000000,CNY,私人控股,私营有限责任公司,中型,330000,330200,330212,宁波市鄞州区首南东路950号7幢111室,293,C,34,348,3484,1,0,0,1,0,0,0,0,0,0,0,0,0,吴启航,MOCK_PERSON_0870,李昕颖,MOCK_PERSON_0404,MOCK_ORG_ZJ_NB_07,MOCK_ORG_ZJ_NB,MOCK_ORG_ZJ_NB_07,MOCK_ORG_ZJ_NB,0,0,0,1,1,1,,,20230412,20230414,20230416,0,0.00000000,0,0,1,1,0,0,0,0,0,20230408,1,1,2183686.00000000,4,0,1,0,0,1,0,18273600.63000000,9020963.39000000,8859590.44000000,8460000.29000000,0,0,0,0,0,0,0,0,0.00000000,0.00000000,0.00000000,0.00000000,0.00000000,0.00000000,0.00000000,0.00000000,0.00000000,20260917,10340000.00000000,1240800.00000000,0.00000000,0.00000000,0,0,0,0,0,0,0,0,0,0,0,0,0,0,0,,0.00000000,,,0,0,0,0,0,0,,0,0,0,0,0,0,0,0,MOCK_GROUP_09,产业集团09,1,0,12,0,0.00000000,0.00000000,0.00000000,,293,0,1,1,正常,0,20260917
MOCK_TAG_0871,MOCK_CUST_0871,MOCK_ECIF_0871,上海澄润信息科技润有限公司,91310114700008716Y,20200828,存续,软件开发、信息系统集成及技术咨询,4600000.00000000,CNY,3588000.00000000,CNY,私人控股,私营有限责任公司,小型,310000,310100,310114,上海市嘉定区嘉罗公路951号8幢112室,11,I,65,651,6513,1,1,0,1,0,0,0,0,0,0,0,0,0,郑启航,MOCK_PERSON_0871,郑启航,MOCK_PERSON_0871,MOCK_ORG_SH_JD_08,MOCK_ORG_SH_JD,MOCK_ORG_SH_JD_08,MOCK_ORG_SH_JD,0,0,0,1,1,0,,,20231001,20231003,,0,0.00000000,0,0,1,1,0,1,0,0,0,20230928,1,1,2464300.00000000,5,0,1,0,0,0,0,368000.48000000,2149510.20000000,1531157.95000000,1531157.95000000,1,0,0,0,0,0,0,0,5142800.00000000,1527411.60000000,1527411.60000000,3615388.40000000,1527411.60000000,2153969.47000000,1527411.60000000,0.00000000,0.00000000,20260917,5740800.00000000,1778571.60000000,5142800.00000000,1527411.60000000,0,0,0,0,0,0,0,0,0,0,0,1,0,0,0,A,1702000.00000000,CNY,嘉禾产业投资08,0,0,0,0,0,0,60–79,0,0,0,0,0,0,0,0,,,1,0,12,0,0.00000000,0.89583333,0.00000000,,11,0,1,1,正常,0,20260917
MOCK_TAG_0872,MOCK_CUST_0872,MOCK_ECIF_0872,苏州澄森商贸润有限公司,913205717000087244,20201020,存续,日用百货、五金及电子产品批发,2500000.00000000,CNY,1975000.00000000,CNY,私人控股,私营有限责任公司,小型,320000,320500,320571,苏州市工业园区星湖街952号1幢113室,16,F,51,513,5135,1,0,0,1,0,0,0,0,0,0,0,0,0,王启航,MOCK_PERSON_0872,王启航,MOCK_PERSON_0872,MOCK_ORG_JS_SZ_01,MOCK_ORG_JS_SZ,MOCK_ORG_JS_SZ_01,MOCK_ORG_JS_SZ,1,0,0,1,1,0,20251231,,20250816,20250818,,99,828304.08000000,11,1,1,1,0,0,0,0,0,20250808,1,1,2082504.00000000,3,0,1,0,0,0,0,1925001.15000000,734208.13000000,681216.85000000,550000.33000000,0,0,0,0,0,0,0,0,0.00000000,0.00000000,0.00000000,0.00000000,0.00000000,0.00000000,0.00000000,0.00000000,0.00000000,20260917,725000.00000000,217500.00000000,0.00000000,0.00000000,0,0,0,0,0,0,0,0,0,0,0,0,0,0,0,,0.00000000,,,0,0,0,0,0,0,,0,0,0,0,0,0,0,0,,,1,0,12,9,70950.70000000,0.00000000,8366.70787879,20260910,16,0,1,1,正常,0,20260917
MOCK_TAG_0873,MOCK_CUST_0873,MOCK_ECIF_0873,上海澄远医疗科技润有限公司,91310112700008732P,20181018,存续,医疗器械研发、技术咨询及销售,48200000.00000000,CNY,41934000.00000000,CNY,私人控股,私营有限责任公司,中型,310000,310100,310112,上海市闵行区联航路953号2幢114室,399,C,35,358,3589,1,1,0,1,0,0,0,0,0,0,0,0,0,陈启航,MOCK_PERSON_0873,陈启航,MOCK_PERSON_0873,MOCK_ORG_SH_MH_02,MOCK_ORG_SH_MH,MOCK_ORG_SH_MH_02,MOCK_ORG_SH_MH,1,1,0,1,1,0,20260419,20230829,20230826,20230828,,1775,20032652.90000000,355,1,1,1,0,0,0,0,0,20230817,1,1,1739312.00000000,3,0,1,0,0,1,0,2892000.43000000,2892000.43000000,2892000.43000000,2892000.43000000,0,0,0,0,0,0,0,0,0.00000000,0.00000000,0.00000000,0.00000000,0.00000000,0.00000000,0.00000000,0.00000000,0.00000000,20260917,21208000.00000000,11876480.00000000,0.00000000,0.00000000,0,0,0,0,0,0,0,0,1,0,0,1,0,0,0,,0.00000000,,,0,0,0,0,0,0,20–39,0,0,0,0,0,0,0,0,,,1,0,12,5,4490750.75000000,0.00000000,11286.00163380,20260905,399,0,1,1,正常,0,20260917
MOCK_TAG_0874,MOCK_CUST_0874,MOCK_ECIF_0874,上海澄衡精密制造润有限公司,91310114700008740F,20201228,存续,工业零部件、自动化设备的研发与制造,2500000.00000000,CNY,2450000.00000000,CNY,私人控股,私营有限责任公司,小型,310000,310100,310114,上海市嘉定区嘉罗公路954号3幢115室,81,C,34,348,3484,1,0,0,1,0,0,0,0,0,0,0,0,0,杨启航,MOCK_PERSON_0874,杨启航,MOCK_PERSON_0874,MOCK_ORG_SH_JD_03,MOCK_ORG_SH_JD,MOCK_ORG_SH_JD_03,MOCK_ORG_SH_JD,0,1,0,1,1,0,,20241212,20241209,20241211,,0,0.00000000,0,0,1,1,0,0,0,0,0,20241208,1,1,2165154.00000000,5,0,1,0,0,0,0,2822251.81000000,1509277.89000000,1456266.69000000,1325000.85000000,0,0,0,0,0,0,0,0,0.00000000,0.00000000,0.00000000,0.00000000,0.00000000,0.00000000,0.00000000,0.00000000,0.00000000,20260917,75000.00000000,54000.00000000,0.00000000,0.00000000,0,0,0,0,0,0,0,0,0,0,0,0,0,0,0,A,1975000.00000000,CNY,嘉禾产业投资11,0,0,0,0,0,0,,0,0,0,0,0,0,0,0,,,1,0,12,0,0.00000000,0.00000000,0.00000000,,81,0,1,1,正常,0,20260917
MOCK_TAG_0875,MOCK_CUST_0875,MOCK_ECIF_0875,杭州澄昕供应链润有限公司,91330108700008759Y,20110903,存续,仓储服务、国内货物运输代理,131200000.00000000,CNY,90528000.00000000,CNY,私人控股,私营有限责任公司,大型,330000,330100,330108,杭州市滨江区江陵路955号4幢116室,678,G,58,582,5821,1,0,0,1,0,0,0,0,0,0,0,0,0,王昕颖,MOCK_PERSON_0408,胡文博,MOCK_PERSON_0078,MOCK_ORG_ZJ_HZ_04,MOCK_ORG_ZJ_HZ,MOCK_ORG_ZJ_HZ_04,MOCK_ORG_ZJ_HZ,0,0,0,0,1,0,,,,20230803,,0,0.00000000,0,0,0,1,0,0,0,0,0,20230729,1,1,2127282.00000000,4,0,1,0,0,0,0,66912000.90000000,66912000.90000000,66912000.90000000,66912000.90000000,0,0,0,0,0,0,0,0,0.00000000,0.00000000,0.00000000,0.00000000,0.00000000,0.00000000,0.00000000,0.00000000,0.00000000,20260917,87904000.00000000,32524480.00000000,0.00000000,0.00000000,0,0,0,0,0,0,0,0,0,0,0,0,0,0,0,,0.00000000,,,0,0,0,0,0,0,,0,0,0,0,0,0,0,0,MOCK_GROUP_25,产业集团25,1,0,12,0,0.00000000,0.00000000,0.00000000,,678,0,0,1,正常,0,20260917
MOCK_TAG_0876,MOCK_CUST_0876,MOCK_ECIF_0876,上海澄途供应链润有限公司,91310115700008767M,20150202,存续,仓储服务、国内货物运输代理,16100000.00000000,CNY,5152000.00000000,CNY,私人控股,私营有限责任公司,中型,310000,310100,310115,上海市浦东新区金海路956号5幢117室,475,G,58,582,5821,1,0,0,1,0,0,0,0,0,0,0,0,0,徐启航,MOCK_PERSON_0876,黄明博,MOCK_PERSON_0011,MOCK_ORG_SH_PD_05,MOCK_ORG_SH_PD,MOCK_ORG_SH_PD_05,MOCK_ORG_SH_PD,0,1,0,1,0,0,,20241114,20241111,,,0,0.00000000,0,0,1,0,0,0,0,0,0,20241107,1,1,2415098.00000000,4,0,1,0,0,1,0,9016000.36000000,9074506.52000000,8163146.75000000,8163146.75000000,1,0,0,0,0,0,0,0,28980000.00000000,3109554.00000000,3109554.00000000,25870446.00000000,3109554.00000000,3168060.16000000,3109554.00000000,0.00000000,0.00000000,20260917,32361000.00000000,4800054.00000000,28980000.00000000,3109554.00000000,0,0,0,0,0,0,0,0,0,0,0,0,0,0,0,,0.00000000,,,0,0,0,0,0,0,,0,0,0,0,0,0,0,0,MOCK_GROUP_27,产业集团27,1,0,12,0,0.00000000,0.89552239,0.00000000,,475,0,1,0,正常,0,20260917
MOCK_TAG_0877,MOCK_CUST_0877,MOCK_ECIF_0877,上海禾川供应链润有限公司,91310115700008775G,20200814,存续,仓储服务、国内货物运输代理,2200000.00000000,CNY,1716000.00000000,CNY,私人控股,私营有限责任公司,小型,310000,310100,310115,上海市浦东新区金海路957号6幢118室,34,G,58,582,5821,1,0,0,1,0,0,0,0,0,0,0,0,0,朱启航,MOCK_PERSON_0877,朱启航,MOCK_PERSON_0877,MOCK_ORG_SH_PD_06,MOCK_ORG_SH_PD,MOCK_ORG_SH_PD_06,MOCK_ORG_SH_PD,1,1,0,1,1,0,20260301,20240605,20240602,20240604,,224,1748482.53000000,32,1,1,1,0,0,0,0,0,20240601,1,1,2067764.00000000,4,0,1,0,0,0,0,1502820.79000000,863018.99000000,823602.68000000,726000.38000000,0,0,0,0,0,0,0,0,0.00000000,0.00000000,0.00000000,0.00000000,0.00000000,0.00000000,0.00000000,0.00000000,0.00000000,20260917,110000.00000000,58300.00000000,0.00000000,0.00000000,0,0,0,0,0,0,0,0,0,0,0,0,0,0,0,,0.00000000,,,0,0,0,0,0,0,,0,0,0,0,0,0,0,0,,,1,0,12,7,281600.05000000,0.00000000,7805.72558036,20260910,34,0,1,1,正常,0,20260917
MOCK_TAG_0878,MOCK_CUST_0878,MOCK_ECIF_0878,宁波禾原商贸润有限公司,91330212700008783D,20201119,存续,日用百货、五金及电子产品批发,1600000.00000000,CNY,1216000.00000000,CNY,私人控股,私营有限责任公司,小型,330000,330200,330212,宁波市鄞州区首南东路958号7幢119室,35,F,51,513,5135,1,0,0,1,0,0,0,0,0,0,0,0,0,胡启航,MOCK_PERSON_0878,胡启航,MOCK_PERSON_0878,MOCK_ORG_ZJ_NB_07,MOCK_ORG_ZJ_NB,MOCK_ORG_ZJ_NB_07,MOCK_ORG_ZJ_NB,0,1,0,0,1,1,,20231021,,20231020,20231022,0,0.00000000,0,0,0,1,0,0,0,0,0,20231011,1,1,2145004.00000000,4,0,1,0,0,0,0,1124800.33000000,998082.62000000,710962.96000000,637336.64000000,1,0,0,0,0,0,0,0,1593600.00000000,818313.60000000,818313.60000000,775286.40000000,818313.60000000,895531.49000000,818313.60000000,0.00000000,0.00000000,20260917,2009600.00000000,1055433.60000000,1593600.00000000,818313.60000000,0,0,0,0,0,0,0,0,0,0,0,0,0,0,0,,0.00000000,,,0,0,0,0,0,0,,0,0,0,0,0,0,0,0,,,1,0,12,0,0.00000000,0.79299363,0.00000000,,35,0,0,1,正常,0,20260917
MOCK_TAG_0879,MOCK_CUST_0879,MOCK_ECIF_0879,宁波禾辰商贸润有限公司,913302127000087918,20150126,存续,日用百货、五金及电子产品批发,17600000.00000000,CNY,11440000.00000000,CNY,私人控股,私营有限责任公司,中型,330000,330200,330212,宁波市鄞州区首南东路959号8幢120室,496,F,51,513,5135,1,0,0,1,0,0,0,0,0,0,0,0,0,林启航,MOCK_PERSON_0879,林启航,MOCK_PERSON_0879,MOCK_ORG_ZJ_NB_08,MOCK_ORG_ZJ_NB,MOCK_ORG_ZJ_NB_08,MOCK_ORG_ZJ_NB,0,1,0,1,0,1,,20230620,20230617,,20230621,0,0.00000000,0,0,1,0,0,0,0,0,0,20230615,1,1,2271342.00000000,5,0,1,0,0,1,0,1584000.71000000,1584000.71000000,1584000.71000000,1584000.71000000,0,0,0,0,0,0,0,0,0.00000000,0.00000000,0.00000000,0.00000000,0.00000000,0.00000000,0.00000000,0.00000000,0.00000000,20260917,704000.00000000,394240.00000000,0.00000000,0.00000000,0,0,0,0,0,0,0,0,0,0,0,0,0,0,0,,0.00000000,,,0,0,0,0,0,0,,0,0,0,0,0,0,0,0,,,1,0,12,0,0.00000000,0.00000000,0.00000000,,496,0,1,0,正常,0,20260917
MOCK_TAG_0880,MOCK_CUST_0880,MOCK_ECIF_0880,上海禾宁食品润有限公司,91310115700008804U,20120811,存续,食品加工、预包装食品销售,4900000.00000000,CNY,1666000.00000000,CNY,私人控股,私营有限责任公司,小型,310000,310100,310115,上海市浦东新区金海路960号1幢101室,10,C,14,149,1499,1,0,0,1,0,0,0,0,0,0,0,0,0,何启航,MOCK_PERSON_0880,何启航,MOCK_PERSON_0880,MOCK_ORG_SH_PD_01,MOCK_ORG_SH_PD,MOCK_ORG_SH_PD_01,MOCK_ORG_SH_PD,1,0,0,1,1,0,20251120,,20241210,20241212,,60,424519.11000000,6,1,1,1,0,0,0,0,0,20241208,1,1,2046616.00000000,4,0,1,0,0,0,0,735000.60000000,735000.60000000,735000.60000000,735000.60000000,0,0,0,0,0,0,0,0,0.00000000,0.00000000,0.00000000,0.00000000,0.00000000,0.00000000,0.00000000,0.00000000,0.00000000,20260917,2744000.00000000,1509200.00000000,0.00000000,0.00000000,0,0,0,0,0,0,0,0,0,0,0,0,0,0,0,,0.00000000,,,0,0,0,0,0,0,,0,0,0,0,0,0,0,0,,,1,0,12,10,40170.06000000,0.00000000,7075.31850000,20260910,10,0,1,1,正常,0,20260917
MOCK_TAG_0881,MOCK_CUST_0881,MOCK_ECIF_0881,上海禾知供应链润有限公司,91310112700008812B,20130125,存续,仓储服务、国内货物运输代理,4400000.00000000,CNY,2508000.00000000,CNY,私人控股,私营有限责任公司,小型,310000,310100,310112,上海市闵行区联航路961号2幢102室,51,G,58,582,5821,1,0,0,1,0,0,0,0,0,0,0,0,0,赵博航,MOCK_PERSON_0881,赵博航,MOCK_PERSON_0881,MOCK_ORG_SH_MH_02,MOCK_ORG_SH_MH,MOCK_ORG_SH_MH_02,MOCK_ORG_SH_MH,1,1,0,1,0,0,20251215,20250218,20250215,,,333,2828285.11000000,37,1,1,0,0,1,0,0,0,20250205,1,1,2369418.00000000,4,0,1,0,0,0,0,2168321.71000000,2840294.41000000,2298271.63000000,2205922.19000000,1,0,0,0,0,0,0,0,5412000.00000000,2438106.00000000,2438106.00000000,2973894.00000000,2438106.00000000,2715288.87000000,2438106.00000000,0.00000000,0.00000000,20260917,5412000.00000000,2438106.00000000,5412000.00000000,2438106.00000000,0,0,0,0,0,0,0,0,0,0,0,0,0,0,0,,0.00000000,,,0,0,0,0,0,0,,0,0,0,0,0,0,0,0,,,1,0,12,9,0.00000000,1.00000000,8493.34867868,20260825,51,0,1,0,正常,0,20260917
MOCK_TAG_0882,MOCK_CUST_0882,MOCK_ECIF_0882,杭州禾禾信息科技润有限公司,91330108700008820M,20080712,存续,软件开发、信息系统集成及技术咨询,40200000.00000000,CNY,21708000.00000000,CNY,私人控股,私营有限责任公司,中型,330000,330100,330108,杭州市滨江区江陵路962号3幢103室,296,I,65,651,6513,1,1,0,1,0,0,0,0,0,0,0,0,0,钱博航,MOCK_PERSON_0882,钱博航,MOCK_PERSON_0882,MOCK_ORG_ZJ_HZ_03,MOCK_ORG_ZJ_HZ,MOCK_ORG_ZJ_HZ_03,MOCK_ORG_ZJ_HZ,0,1,0,1,0,0,,20240330,20240327,,,0,0.00000000,0,0,1,0,0,0,0,0,0,20240319,1,1,2371128.00000000,4,0,1,0,0,1,0,66382262.43000000,27498409.01000000,25254455.94000000,19698000.72000000,0,0,0,0,0,0,0,0,0.00000000,0.00000000,0.00000000,0.00000000,0.00000000,0.00000000,0.00000000,0.00000000,0.00000000,20260917,28944000.00000000,13024800.00000000,0.00000000,0.00000000,0,1,0,0,0,0,0,0,1,0,0,1,0,0,0,,0.00000000,,,0,0,0,0,0,0,0–19,0,0,0,0,0,0,0,0,,,1,0,12,0,0.00000000,0.00000000,0.00000000,,296,0,1,0,正常,0,20260917
MOCK_TAG_0883,MOCK_CUST_0883,MOCK_ECIF_0883,杭州禾润食品润有限公司,91330108700008839J,20140717,存续,食品加工、预包装食品销售,5200000.00000000,CNY,5148000.00000000,CNY,私人控股,私营有限责任公司,中型,330000,330100,330108,杭州市滨江区江陵路963号4幢104室,232,C,14,149,1499,1,0,0,1,0,0,0,0,0,0,0,0,0,孙博航,MOCK_PERSON_0883,孙博航,MOCK_PERSON_0883,MOCK_ORG_ZJ_HZ_04,MOCK_ORG_ZJ_HZ,MOCK_ORG_ZJ_HZ_04,MOCK_ORG_ZJ_HZ,1,0,0,1,0,0,20260613,,20240428,,,591,4315286.92000000,197,1,1,0,0,0,0,0,0,20240423,1,1,2939508.00000000,5,0,1,0,0,1,0,156000.80000000,414115.20000000,299932.58000000,299932.58000000,1,0,0,0,0,0,0,0,1289600.00000000,334006.40000000,334006.40000000,955593.60000000,334006.40000000,414799.84000000,334006.40000000,0.00000000,0.00000000,20260917,4149600.00000000,2479006.40000000,1289600.00000000,334006.40000000,0,0,0,0,0,0,0,0,0,0,0,0,0,0,0,,0.00000000,,,0,0,0,0,0,0,,0,0,0,0,0,0,0,0,,,1,0,12,3,0.00000000,0.31077694,7301.66991540,20260820,232,0,1,0,正常,0,20260917
MOCK_TAG_0884,MOCK_CUST_0884,MOCK_ECIF_0884,上海禾森食品润有限公司,91310112700008847X,20130701,存续,食品加工、预包装食品销售,2300000.00000000,CNY,1587000.00000000,CNY,私人控股,私营有限责任公司,小型,310000,310100,310112,上海市闵行区联航路964号5幢105室,22,C,14,149,1499,1,0,0,1,0,0,0,0,0,0,0,0,0,李博航,MOCK_PERSON_0884,李昕颖,MOCK_PERSON_0404,MOCK_ORG_SH_MH_05,MOCK_ORG_SH_MH,MOCK_ORG_SH_MH_05,MOCK_ORG_SH_MH,0,1,0,1,1,0,,20240603,20240531,20240602,,0,0.00000000,0,0,1,1,0,0,0,0,0,20240523,1,1,2335504.00000000,5,0,1,0,0,0,0,535440.60000000,292815.10000000,287977.97000000,276000.31000000,0,0,0,0,0,0,0,0,0.00000000,0.00000000,0.00000000,0.00000000,0.00000000,0.00000000,0.00000000,0.00000000,0.00000000,20260917,598000.00000000,215280.00000000,0.00000000,0.00000000,0,0,0,0,0,0,0,0,0,0,0,0,0,0,0,,0.00000000,,,0,0,0,0,0,0,,0,0,0,0,0,0,0,0,MOCK_GROUP_09,产业集团09,1,0,12,0,0.00000000,0.00000000,0.00000000,,22,0,1,1,正常,0,20260917
MOCK_TAG_0885,MOCK_CUST_0885,MOCK_ECIF_0885,苏州禾远供应链润有限公司,913205717000088550,20210224,存续,仓储服务、国内货物运输代理,16900000.00000000,CNY,7436000.00000000,CNY,私人控股,私营有限责任公司,中型,320000,320500,320571,苏州市工业园区星湖街965号6幢106室,317,G,58,582,5821,1,0,0,1,0,0,0,0,0,0,0,0,0,周博航,MOCK_PERSON_0885,周博航,MOCK_PERSON_0885,MOCK_ORG_JS_SZ_06,MOCK_ORG_JS_SZ,MOCK_ORG_JS_SZ_06,MOCK_ORG_JS_SZ,1,0,0,1,0,0,20260603,,20230503,,,824,6493121.93000000,206,1,1,0,0,0,0,0,0,20230502,1,1,2271244.00000000,4,0,1,0,0,1,0,5908240.62000000,4197960.44000000,4108506.19000000,3887000.41000000,0,0,0,0,0,0,0,0,0.00000000,0.00000000,0.00000000,0.00000000,0.00000000,0.00000000,0.00000000,0.00000000,0.00000000,20260917,5915000.00000000,4022200.00000000,0.00000000,0.00000000,0,0,0,0,0,0,0,0,0,0,0,0,0,0,0,,0.00000000,,,0,0,0,0,0,0,,0,0,0,0,0,0,0,0,,,1,0,12,4,1697440.26000000,0.00000000,7880.00234223,20260915,317,0,1,0,正常,0,20260917
MOCK_TAG_0886,MOCK_CUST_0886,MOCK_ECIF_0886,上海禾衡信息科技润有限公司,91310114700008863G,20140604,存续,软件开发、信息系统集成及技术咨询,1000000.00000000,CNY,780000.00000000,CNY,私人控股,私营有限责任公司,小型,310000,310100,310114,上海市嘉定区嘉罗公路966号7幢107室,45,I,65,651,6513,1,1,0,1,0,0,0,0,0,0,0,0,0,吴博航,MOCK_PERSON_0886,钱文博,MOCK_PERSON_0066,MOCK_ORG_SH_JD_07,MOCK_ORG_SH_JD,MOCK_ORG_SH_JD_07,MOCK_ORG_SH_JD,0,1,0,0,0,0,,20250115,,,,0,0.00000000,0,0,0,0,0,0,0,0,0,20250110,1,1,2408216.00000000,4,0,1,0,0,0,0,710400.55000000,505698.85000000,498306.14000000,480000.37000000,0,0,0,0,0,0,0,0,0.00000000,0.00000000,0.00000000,0.00000000,0.00000000,0.00000000,0.00000000,0.00000000,0.00000000,20260917,450000.00000000,90000.00000000,0.00000000,0.00000000,0,0,0,0,0,0,0,0,0,0,0,1,0,0,0,,0.00000000,,,0,0,0,0,0,0,20–39,0,0,0,0,0,0,0,0,MOCK_GROUP_37,产业集团37,1,0,12,0,0.00000000,0.00000000,0.00000000,,45,0,0,0,正常,0,20260917
MOCK_TAG_0887,MOCK_CUST_0887,MOCK_ECIF_0887,上海禾昕商贸润有限公司,91310114700008871B,20180515,存续,日用百货、五金及电子产品批发,4200000.00000000,CNY,1344000.00000000,CNY,私人控股,私营有限责任公司,小型,310000,310100,310114,上海市嘉定区嘉罗公路967号8幢108室,13,F,51,513,5135,1,0,0,1,0,0,0,0,0,0,0,0,0,郑博航,MOCK_PERSON_0887,郑博航,MOCK_PERSON_0887,MOCK_ORG_SH_JD_08,MOCK_ORG_SH_JD,MOCK_ORG_SH_JD_08,MOCK_ORG_SH_JD,1,0,0,1,0,0,20260107,,20240118,,,72,593104.07000000,8,1,1,0,0,0,0,0,0,20240115,1,1,2605442.00000000,4,0,1,0,0,0,0,2100000.42000000,2100000.42000000,2100000.42000000,2100000.42000000,0,0,0,0,0,0,0,0,0.00000000,0.00000000,0.00000000,0.00000000,0.00000000,0.00000000,0.00000000,0.00000000,0.00000000,20260917,168000.00000000,112560.00000000,0.00000000,0.00000000,0,0,0,0,0,0,0,0,0,0,0,0,0,0,0,C,1260000.00000000,CNY,嘉禾产业投资12,0,0,0,0,0,0,,0,0,0,0,0,0,0,0,,,1,0,12,9,64800.21000000,0.00000000,8237.55652778,20260915,13,0,1,0,正常,0,20260917
MOCK_TAG_0888,MOCK_CUST_0888,MOCK_ECIF_0888,宁波禾途商贸润有限公司,9133021270000888XK,20190922,存续,日用百货、五金及电子产品批发,500000.00000000,CNY,255000.00000000,CNY,私人控股,私营有限责任公司,小型,330000,330200,330212,宁波市鄞州区首南东路968号1幢109室,55,F,51,513,5135,1,0,0,1,0,0,0,0,0,0,0,0,0,王博航,MOCK_PERSON_0888,王博航,MOCK_PERSON_0888,MOCK_ORG_ZJ_NB_01,MOCK_ORG_ZJ_NB,MOCK_ORG_ZJ_NB_01,MOCK_ORG_ZJ_NB,1,1,0,1,1,0,20260226,20220717,20220714,20220716,,371,2695053.01000000,53,1,1,1,0,0,0,0,0,20220705,1,1,1680974.00000000,4,0,1,0,0,0,0,55000.10000000,55000.10000000,55000.10000000,55000.10000000,0,0,0,0,0,0,0,0,0.00000000,0.00000000,0.00000000,0.00000000,0.00000000,0.00000000,0.00000000,0.00000000,0.00000000,20260917,350000.00000000,140000.00000000,0.00000000,0.00000000,0,0,0,0,0,0,0,0,0,0,0,0,0,0,0,,0.00000000,,,0,0,0,0,0,0,,0,0,0,0,0,0,0,0,,,1,0,12,7,397500.90000000,0.00000000,7264.29382749,20260905,55,0,1,1,正常,0,20260917
MOCK_TAG_0889,MOCK_CUST_0889,MOCK_ECIF_0889,上海沐川信息科技润有限公司,913101127000088986,20220123,存续,软件开发、信息系统集成及技术咨询,2400000.00000000,CNY,984000.00000000,CNY,私人控股,私营有限责任公司,小型,310000,310100,310112,上海市闵行区联航路969号2幢110室,35,I,65,651,6513,1,1,0,1,0,0,0,0,0,0,0,0,0,陈博航,MOCK_PERSON_0889,陈博航,MOCK_PERSON_0889,MOCK_ORG_SH_MH_02,MOCK_ORG_SH_MH,MOCK_ORG_SH_MH_02,MOCK_ORG_SH_MH,0,1,0,1,1,0,,20240731,20240728,20240730,,0,0.00000000,0,0,1,1,0,0,0,0,0,20240724,1,1,2360160.00000000,4,0,1,0,0,0,0,2467680.25000000,1472976.15000000,1415161.13000000,1272000.13000000,0,0,0,0,0,0,0,0,0.00000000,0.00000000,0.00000000,0.00000000,0.00000000,0.00000000,0.00000000,0.00000000,0.00000000,20260917,144000.00000000,46080.00000000,0.00000000,0.00000000,0,0,0,0,0,0,0,0,1,0,0,1,0,0,0,,0.00000000,,,0,0,0,0,0,0,60–79,0,0,0,0,0,0,0,0,,,1,0,12,0,0.00000000,0.00000000,0.00000000,,35,0,1,1,正常,0,20260917
MOCK_TAG_0890,MOCK_CUST_0890,MOCK_ECIF_0890,苏州沐原商贸润有限公司,913205717000089001,20110511,存续,日用百货、五金及电子产品批发,5300000.00000000,CNY,5247000.00000000,CNY,私人控股,私营有限责任公司,中型,320000,320500,320571,苏州市工业园区星湖街970号3幢111室,194,F,51,513,5135,1,0,0,1,0,0,0,0,0,0,0,0,0,杨博航,MOCK_PERSON_0890,杨博航,MOCK_PERSON_0890,MOCK_ORG_JS_SZ_03,MOCK_ORG_JS_SZ,MOCK_ORG_JS_SZ_03,MOCK_ORG_JS_SZ,0,1,0,1,1,1,,20260903,20260831,20260902,20260904,0,0.00000000,0,0,1,1,0,0,0,0,0,20260821,1,1,379544.00000000,1,0,1,0,0,1,0,1219000.90000000,131277.02000000,93512.40000000,93512.40000000,0,0,0,0,0,0,0,0,0.00000000,0.00000000,0.00000000,0.00000000,0.00000000,0.00000000,0.00000000,0.00000000,0.00000000,20260917,1802000.00000000,306340.00000000,0.00000000,0.00000000,0,0,0,0,0,0,0,0,0,0,0,0,0,0,0,,0.00000000,,,0,0,0,0,0,0,,0,0,0,0,0,0,0,0,,,0,0,1,0,0.00000000,0.00000000,0.00000000,,194,0,1,1,正常,0,20260917
MOCK_TAG_0891,MOCK_CUST_0891,MOCK_ECIF_0891,上海沐辰信息科技润有限公司,91310112700008919N,20220916,存续,软件开发、信息系统集成及技术咨询,2200000.00000000,CNY,1452000.00000000,CNY,私人控股,私营有限责任公司,小型,310000,310100,310112,上海市闵行区联航路971号4幢112室,39,I,65,651,6513,1,1,0,1,0,0,0,0,0,0,0,0,0,黄博航,MOCK_PERSON_0891,黄博航,MOCK_PERSON_0891,MOCK_ORG_SH_MH_04,MOCK_ORG_SH_MH,MOCK_ORG_SH_MH_04,MOCK_ORG_SH_MH,1,1,0,1,0,0,20260122,20231222,20231219,,,272,3434004.22000000,34,1,1,0,0,1,0,0,0,20231215,1,1,1971172.00000000,4,0,1,0,0,0,0,1632400.62000000,1241342.01000000,1219668.41000000,1166000.44000000,0,0,0,0,0,0,0,0,0.00000000,0.00000000,0.00000000,0.00000000,0.00000000,0.00000000,0.00000000,0.00000000,0.00000000,20260917,132000.00000000,80520.00000000,0.00000000,0.00000000,0,0,0,0,0,0,0,0,0,0,0,1,0,0,0,,0.00000000,,,0,0,0,0,0,0,0–19,0,0,0,0,0,0,0,0,,,1,0,12,8,369750.53000000,0.00000000,12625.01551471,20260905,39,0,1,0,正常,0,20260917
MOCK_TAG_0892,MOCK_CUST_0892,MOCK_ECIF_0892,上海沐宁医疗科技润有限公司,91310112700008927H,20211029,存续,医疗器械研发、技术咨询及销售,2600000.00000000,CNY,1326000.00000000,CNY,私人控股,私营有限责任公司,小型,310000,310100,310112,上海市闵行区联航路972号5幢113室,45,C,35,358,3589,1,1,0,1,0,0,0,0,0,0,0,0,0,徐博航,MOCK_PERSON_0892,徐博航,MOCK_PERSON_0892,MOCK_ORG_SH_MH_05,MOCK_ORG_SH_MH,MOCK_ORG_SH_MH_05,MOCK_ORG_SH_MH,0,0,0,1,1,0,,,20231120,20231122,,0,0.00000000,0,0,1,1,0,0,0,0,0,20231118,1,1,2369982.00000000,5,0,1,0,0,0,0,832000.00000000,915994.06000000,735319.96000000,735319.96000000,1,0,0,0,0,0,0,0,1601600.00000000,544063.52000000,544063.52000000,1057536.48000000,544063.52000000,628057.58000000,544063.52000000,0.00000000,0.00000000,20260917,2875600.00000000,1232023.52000000,1601600.00000000,544063.52000000,0,0,0,0,0,0,0,0,1,0,0,1,0,0,0,,0.00000000,,,0,0,0,0,0,0,0–19,0,0,0,0,0,0,0,0,,,1,0,12,0,0.00000000,0.55696203,0.00000000,,45,0,1,1,正常,0,20260917
MOCK_TAG_0893,MOCK_CUST_0893,MOCK_ECIF_0893,上海沐知精密制造润有限公司,913101147000089359,20170114,存续,工业零部件、自动化设备的研发与制造,31800000.00000000,CNY,27984000.00000000,CNY,私人控股,私营有限责任公司,中型,310000,310100,310114,上海市嘉定区嘉罗公路973号6幢114室,338,C,34,348,3484,1,0,0,1,0,0,0,0,0,0,0,0,0,朱博航,MOCK_PERSON_0893,朱博航,MOCK_PERSON_0893,MOCK_ORG_SH_JD_06,MOCK_ORG_SH_JD,MOCK_ORG_SH_JD_06,MOCK_ORG_SH_JD,1,1,0,1,0,0,20260202,20220602,20220530,,,2296,18759758.65000000,287,1,1,0,0,0,0,0,0,20220527,1,1,1944328.00000000,4,0,1,0,0,1,0,8904000.31000000,10327354.16000000,9271546.30000000,9271546.30000000,1,0,0,0,1,0,0,0,19588800.00000000,2246835.36000000,2246835.36000000,17341964.64000000,2246835.36000000,3670189.21000000,2246835.36000000,0.00000000,0.00000000,20260917,40258800.00000000,8447835.36000000,19588800.00000000,2246835.36000000,0,0,0,0,0,0,0,0,0,0,0,0,0,0,0,,0.00000000,,,0,0,0,0,0,0,,0,0,0,0,0,0,0,0,,,1,0,12,8,2195550.16000000,0.48657188,8170.62658972,20260915,338,0,1,0,正常,0,20260917
MOCK_TAG_0894,MOCK_CUST_0894,MOCK_ECIF_0894,上海沐禾商贸润有限公司,913101147000089434,20120329,存续,日用百货、五金及电子产品批发,4900000.00000000,CNY,4753000.00000000,CNY,私人控股,私营有限责任公司,小型,310000,310100,310114,上海市嘉定区嘉罗公路974号7幢115室,80,F,51,513,5135,1,0,0,1,0,0,0,0,0,0,0,0,0,胡博航,MOCK_PERSON_0894,胡博航,MOCK_PERSON_0894,MOCK_ORG_SH_JD_07,MOCK_ORG_SH_JD,MOCK_ORG_SH_JD_07,MOCK_ORG_SH_JD,0,1,0,1,1,0,,20241229,20241226,20241228,,0,0.00000000,0,0,1,1,0,0,0,0,0,20241225,1,1,2398054.00000000,4,0,1,0,0,0,0,637000.67000000,2454026.68000000,1931320.57000000,1931320.57000000,1,0,0,0,0,0,0,0,5659500.00000000,0.00000000,0.00000000,5659500.00000000,0.00000000,1817026.01000000,0.00000000,0.00000000,0.00000000,20260917,8501500.00000000,511560.00000000,5659500.00000000,0.00000000,0,0,0,0,0,0,0,0,0,0,0,0,0,0,0,,0.00000000,,,0,0,0,0,0,0,,0,0,0,0,0,0,0,0,,,1,0,12,0,0.00000000,0.66570605,0.00000000,,80,0,1,1,正常,0,20260917
MOCK_TAG_0895,MOCK_CUST_0895,MOCK_ECIF_0895,上海沐润食品润有限公司,91310115700008951D,20050801,存续,食品加工、预包装食品销售,2600000.00000000,CNY,1430000.00000000,CNY,私人控股,私营有限责任公司,小型,310000,310100,310115,上海市浦东新区金海路975号8幢116室,15,C,14,149,1499,1,0,0,1,0,0,0,0,0,0,0,0,0,林博航,MOCK_PERSON_0895,林博航,MOCK_PERSON_0895,MOCK_ORG_SH_PD_08,MOCK_ORG_SH_PD,MOCK_ORG_SH_PD_08,MOCK_ORG_SH_PD,1,0,0,1,1,0,20260307,,20230227,20230301,,78,505312.91000000,13,1,1,1,0,0,0,0,0,20230225,1,1,2094270.00000000,4,0,1,0,0,0,0,4239561.37000000,2118354.68000000,1972691.16000000,1612000.52000000,0,0,0,0,0,0,0,0,0.00000000,0.00000000,0.00000000,0.00000000,0.00000000,0.00000000,0.00000000,0.00000000,0.00000000,20260917,1014000.00000000,354900.00000000,0.00000000,0.00000000,0,0,0,0,0,0,0,0,0,0,0,0,0,0,0,,0.00000000,,,0,0,0,0,0,0,,0,0,0,0,0,0,0,0,,,1,0,12,6,0.00000000,0.00000000,6478.37064103,20260825,15,0,1,1,正常,0,20260917
MOCK_TAG_0896,MOCK_CUST_0896,MOCK_ECIF_0896,上海沐森供应链润有限公司,9131011570000896X5,20071107,存续,仓储服务、国内货物运输代理,4600000.00000000,CNY,3726000.00000000,CNY,私人控股,私营有限责任公司,小型,310000,310100,310115,上海市浦东新区金海路976号1幢117室,82,G,58,582,5821,1,0,0,1,0,0,0,0,0,0,0,0,0,何博航,MOCK_PERSON_0896,何博航,MOCK_PERSON_0896,MOCK_ORG_SH_PD_01,MOCK_ORG_SH_PD,MOCK_ORG_SH_PD_01,MOCK_ORG_SH_PD,0,1,0,1,1,0,,20230415,20230412,20230414,,0,0.00000000,0,0,1,1,0,0,0,0,0,20230402,1,1,2607342.00000000,4,0,1,0,0,0,0,2944000.67000000,2944000.67000000,2944000.67000000,2944000.67000000,0,0,0,0,0,0,0,0,0.00000000,0.00000000,0.00000000,0.00000000,0.00000000,0.00000000,0.00000000,0.00000000,0.00000000,20260917,920000.00000000,644000.00000000,0.00000000,0.00000000,0,0,0,0,0,0,0,0,0,0,0,0,0,0,0,,0.00000000,,,0,0,0,0,0,0,,0,0,0,0,0,0,0,0,,,1,0,12,0,0.00000000,0.00000000,0.00000000,,82,0,1,1,正常,0,20260917
MOCK_TAG_0897,MOCK_CUST_0897,MOCK_ECIF_0897,宁波沐远商贸润有限公司,913302127000089787,20140725,存续,日用百货、五金及电子产品批发,32900000.00000000,CNY,11186000.00000000,CNY,私人控股,私营有限责任公司,中型,330000,330200,330212,宁波市鄞州区首南东路977号2幢118室,372,F,51,513,5135,1,0,0,1,0,0,0,0,0,0,0,0,0,赵舒航,MOCK_PERSON_0897,吴承颖,MOCK_PERSON_0534,MOCK_ORG_ZJ_NB_02,MOCK_ORG_ZJ_NB,MOCK_ORG_ZJ_NB_02,MOCK_ORG_ZJ_NB,0,0,0,1,0,0,,,20230303,,,0,0.00000000,0,0,1,0,0,0,0,0,0,20230228,1,1,2161950.00000000,4,0,1,0,0,1,0,13633760.36000000,14353937.10000000,10812861.90000000,10485772.79000000,1,0,0,0,0,0,0,0,32373600.00000000,7167515.04000000,7167515.04000000,25206084.96000000,7167515.04000000,11850269.12000000,7167515.04000000,0.00000000,0.00000000,20260917,53758600.00000000,10589115.04000000,32373600.00000000,7167515.04000000,0,0,0,0,0,0,0,0,0,0,0,0,0,0,0,,0.00000000,,,0,0,0,0,0,0,,0,0,0,0,0,0,0,0,MOCK_GROUP_07,产业集团07,1,0,12,0,0.00000000,0.60220318,0.00000000,,372,0,1,0,正常,0,20260917
MOCK_TAG_0898,MOCK_CUST_0898,MOCK_ECIF_0898,上海沐衡医疗科技润有限公司,913101157000089860,20050504,存续,医疗器械研发、技术咨询及销售,4600000.00000000,CNY,2530000.00000000,CNY,私人控股,私营有限责任公司,小型,310000,310100,310115,上海市浦东新区金海路978号3幢119室,32,C,35,358,3589,1,1,0,1,0,0,0,0,0,0,0,0,0,钱舒航,MOCK_PERSON_0898,钱舒航,MOCK_PERSON_0898,MOCK_ORG_SH_PD_03,MOCK_ORG_SH_PD,MOCK_ORG_SH_PD_03,MOCK_ORG_SH_PD,0,1,0,1,1,0,,20230201,20230129,20230131,,0,0.00000000,0,0,1,1,0,0,0,0,0,20230123,1,1,2068234.00000000,4,0,1,0,0,0,0,6027841.56000000,2862574.46000000,2516972.66000000,2241073.42000000,1,0,0,0,0,0,0,0,2511600.00000000,839879.04000000,839879.04000000,1671720.96000000,839879.04000000,923132.78000000,839879.04000000,0.00000000,0.00000000,20260917,4903600.00000000,2586039.04000000,2511600.00000000,839879.04000000,0,0,0,0,0,0,0,0,0,0,0,1,0,0,0,,0.00000000,,,0,0,0,0,0,0,20–39,0,0,0,0,0,0,0,0,,,1,0,12,0,0.00000000,0.51219512,0.00000000,,32,0,1,1,正常,0,20260917
MOCK_TAG_0899,MOCK_CUST_0899,MOCK_ECIF_0899,苏州沐昕供应链润有限公司,91320571700008994N,20150212,存续,仓储服务、国内货物运输代理,3100000.00000000,CNY,2945000.00000000,CNY,私人控股,私营有限责任公司,小型,320000,320500,320571,苏州市工业园区星湖街979号4幢120室,14,G,58,582,5821,1,0,0,1,0,0,0,0,0,0,0,0,0,孙舒航,MOCK_PERSON_0899,孙舒航,MOCK_PERSON_0899,MOCK_ORG_JS_SZ_04,MOCK_ORG_JS_SZ,MOCK_ORG_JS_SZ_04,MOCK_ORG_JS_SZ,0,1,0,1,1,0,,20250527,20250524,20250526,,0,0.00000000,0,0,1,1,0,0,0,0,0,20250521,1,1,2207920.00000000,4,0,1,0,0,0,0,748030.99000000,617136.89000000,609042.94000000,589000.78000000,0,0,0,0,0,0,0,0,0.00000000,0.00000000,0.00000000,0.00000000,0.00000000,0.00000000,0.00000000,0.00000000,0.00000000,20260917,1488000.00000000,714240.00000000,0.00000000,0.00000000,0,0,0,0,0,0,0,0,0,0,0,0,0,0,0,,0.00000000,,,0,0,0,0,0,0,,0,0,0,0,0,0,0,0,,,1,0,12,0,0.00000000,0.00000000,0.00000000,,14,0,1,1,正常,0,20260917
MOCK_TAG_0900,MOCK_CUST_0900,MOCK_ECIF_0900,上海沐途信息科技润有限公司,91310115700009006U,20121029,存续,软件开发、信息系统集成及技术咨询,3700000.00000000,CNY,2627000.00000000,CNY,私人控股,私营有限责任公司,小型,310000,310100,310115,上海市浦东新区金海路80号5幢101室,71,I,65,651,6513,1,1,0,1,0,0,0,0,0,0,0,0,0,李舒航,MOCK_PERSON_0900,陈瑞博,MOCK_PERSON_0105,MOCK_ORG_SH_PD_05,MOCK_ORG_SH_PD,MOCK_ORG_SH_PD_05,MOCK_ORG_SH_PD,1,1,0,1,1,0,20260309,20221022,20221019,20221021,,312,4062502.43000000,52,1,1,1,0,0,0,0,0,20221016,1,1,1881844.00000000,3,0,1,0,0,0,0,2551151.79000000,2529593.82000000,1801902.45000000,1781253.39000000,1,0,0,0,0,0,0,0,5383500.00000000,2403194.40000000,2403194.40000000,2980305.60000000,2403194.40000000,2504868.01000000,2403194.40000000,0.00000000,0.00000000,20260917,7973500.00000000,4345694.40000000,5383500.00000000,2403194.40000000,0,0,0,0,0,0,0,0,0,0,0,1,0,0,0,A,740000.00000000,CNY,嘉禾产业投资01,0,0,0,0,0,0,60–79,0,0,0,0,0,0,0,0,MOCK_GROUP_43,产业集团43,1,0,12,6,0.00000000,0.67517401,13020.84112179,20260820,71,0,1,1,正常,0,20260917
MOCK_TAG_0901,MOCK_CUST_0901,MOCK_ECIF_0901,上海岚川商贸润有限公司,91310112700009014B,20200620,存续,日用百货、五金及电子产品批发,71000000.00000000,CNY,33370000.00000000,CNY,私人控股,私营有限责任公司,大型,310000,310100,310112,上海市闵行区联航路81号6幢102室,2087,F,51,513,5135,1,0,0,1,0,0,0,0,0,0,0,0,0,赵宇航,MOCK_PERSON_0901,黄明博,MOCK_PERSON_0011,MOCK_ORG_SH_MH_06,MOCK_ORG_SH_MH,MOCK_ORG_SH_MH_06,MOCK_ORG_SH_MH,1,0,0,1,0,0,20260517,,20230227,,,8348,59636027.37000000,2087,1,1,0,0,1,0,0,0,20230220,1,1,2383926.00000000,4,0,1,0,0,0,0,7810000.74000000,27693749.35000000,19727054.33000000,19727054.33000000,1,0,0,0,0,0,0,0,58788000.00000000,17460036.00000000,17460036.00000000,41327964.00000000,17460036.00000000,27730864.87000000,17460036.00000000,0.00000000,0.00000000,20260917,113458000.00000000,23473736.00000000,58788000.00000000,17460036.00000000,0,0,0,0,0,0,0,0,0,0,0,0,0,0,0,A,50410000.00000000,CNY,嘉禾产业投资02,0,0,0,0,0,0,,0,0,0,0,0,0,0,0,MOCK_GROUP_27,产业集团27,1,0,12,4,13774200.29000000,0.51814768,7143.75028390,20260905,2087,0,1,0,正常,0,20260917
MOCK_TAG_0902,MOCK_CUST_0902,MOCK_ECIF_0902,苏州岚原精密制造润有限公司,91320571700009022D,20170530,存续,工业零部件、自动化设备的研发与制造,4000000.00000000,CNY,3800000.00000000,CNY,私人控股,私营有限责任公司,小型,320000,320500,320571,苏州市工业园区星湖街82号7幢103室,20,C,34,348,3484,1,0,0,1,0,0,0,0,0,0,0,0,0,钱宇航,MOCK_PERSON_0902,钱宇航,MOCK_PERSON_0902,MOCK_ORG_JS_SZ_07,MOCK_ORG_JS_SZ,MOCK_ORG_JS_SZ_07,MOCK_ORG_JS_SZ,1,0,0,1,1,1,20260317,,20241116,20241118,20241120,102,911797.70000000,17,1,1,1,0,0,0,0,0,20241111,1,1,2390056.00000000,4,0,1,0,0,0,0,1856001.38000000,1270290.17000000,1238563.11000000,1160000.86000000,0,0,0,0,0,0,0,0,0.00000000,0.00000000,0.00000000,0.00000000,0.00000000,0.00000000,0.00000000,0.00000000,0.00000000,20260917,1800000.00000000,198000.00000000,0.00000000,0.00000000,0,0,0,0,0,0,0,0,0,0,0,0,0,0,0,,0.00000000,,,0,0,0,0,0,0,,0,0,0,0,0,0,0,0,,,1,0,12,6,124270.87000000,0.00000000,8939.19313725,20260905,20,0,1,1,正常,0,20260917
MOCK_TAG_0903,MOCK_CUST_0903,MOCK_ECIF_0903,杭州岚辰精密制造润有限公司,91330108700009030G,20140130,存续,工业零部件、自动化设备的研发与制造,3900000.00000000,CNY,3432000.00000000,CNY,私人控股,私营有限责任公司,小型,330000,330100,330108,杭州市滨江区江陵路83号8幢104室,46,C,34,348,3484,1,0,0,1,0,0,0,0,0,0,0,0,0,孙宇航,MOCK_PERSON_0903,孙宇航,MOCK_PERSON_0903,MOCK_ORG_ZJ_HZ_08,MOCK_ORG_ZJ_HZ,MOCK_ORG_ZJ_HZ_08,MOCK_ORG_ZJ_HZ,0,0,0,1,0,1,,,20231112,,20231116,0,0.00000000,0,0,1,0,0,0,0,0,0,20231102,1,1,2551626.00000000,5,0,1,0,0,0,0,975000.74000000,1497648.74000000,1347297.95000000,1347297.95000000,1,0,0,0,0,0,0,0,1189500.00000000,0.00000000,0.00000000,1189500.00000000,0.00000000,522648.00000000,0.00000000,0.00000000,0.00000000,20260917,2710500.00000000,654030.00000000,1189500.00000000,0.00000000,0,0,0,0,0,0,0,0,0,0,0,0,0,0,0,,0.00000000,,,0,0,0,0,0,0,,0,0,0,0,0,0,0,0,,,1,0,12,0,0.00000000,0.43884892,0.00000000,,46,0,1,0,正常,0,20260917
MOCK_TAG_0904,MOCK_CUST_0904,MOCK_ECIF_0904,杭州岚宁信息科技润有限公司,91330108700009049D,20141212,存续,软件开发、信息系统集成及技术咨询,500000.00000000,CNY,200000.00000000,CNY,私人控股,私营有限责任公司,小型,330000,330100,330108,杭州市滨江区江陵路84号1幢105室,77,I,65,651,6513,1,1,0,1,0,0,0,0,0,0,0,0,0,李宇航,MOCK_PERSON_0904,李宇航,MOCK_PERSON_0904,MOCK_ORG_ZJ_HZ_01,MOCK_ORG_ZJ_HZ,MOCK_ORG_ZJ_HZ_01,MOCK_ORG_ZJ_HZ,0,0,0,1,1,0,,,20240115,20240117,,0,0.00000000,0,0,1,1,0,0,0,0,0,20240106,1,1,2002170.00000000,4,0,1,0,0,0,0,15000.27000000,252904.60000000,180151.22000000,180151.22000000,1,0,0,0,0,0,0,0,513500.00000000,281141.25000000,281141.25000000,232358.75000000,281141.25000000,253928.22000000,281141.25000000,0.00000000,0.00000000,20260917,708500.00000000,363041.25000000,513500.00000000,281141.25000000,0,0,0,0,0,0,0,0,1,0,0,1,0,0,0,C,315000.00000000,CNY,嘉禾产业投资05,0,0,0,0,0,0,40–59,0,0,0,0,0,0,0,0,,,1,0,12,0,0.00000000,0.72477064,0.00000000,,77,0,1,1,正常,0,20260917
MOCK_TAG_0905,MOCK_CUST_0905,MOCK_ECIF_0905,上海岚知供应链润有限公司,91310112700009057Q,20201017,存续,仓储服务、国内货物运输代理,1600000.00000000,CNY,656000.00000000,CNY,私人控股,私营有限责任公司,小型,310000,310100,310112,上海市闵行区联航路85号2幢106室,88,G,58,582,5821,1,0,0,1,0,0,0,0,0,0,0,0,0,周宇航,MOCK_PERSON_0905,周宇航,MOCK_PERSON_0905,MOCK_ORG_SH_MH_02,MOCK_ORG_SH_MH,MOCK_ORG_SH_MH_02,MOCK_ORG_SH_MH,0,1,0,1,1,0,,20250523,20250520,20250522,,0,0.00000000,0,0,1,1,0,0,0,0,0,20250519,1,1,1818644.00000000,4,0,1,0,0,0,0,1856000.76000000,967083.47000000,955840.39000000,928000.38000000,0,0,0,0,0,0,0,0,0.00000000,0.00000000,0.00000000,0.00000000,0.00000000,0.00000000,0.00000000,0.00000000,0.00000000,20260917,752000.00000000,436160.00000000,0.00000000,0.00000000,0,0,0,0,0,0,0,0,0,0,0,0,0,0,0,,0.00000000,,,0,0,0,0,0,0,,0,0,0,0,0,0,0,0,,,1,0,12,0,0.00000000,0.00000000,0.00000000,,88,0,1,1,正常,0,20260917
MOCK_TAG_0906,MOCK_CUST_0906,MOCK_ECIF_0906,上海岚禾食品润有限公司,91310114700009065G,20220502,存续,食品加工、预包装食品销售,3000000.00000000,CNY,2070000.00000000,CNY,私人控股,私营有限责任公司,小型,310000,310100,310114,上海市嘉定区嘉罗公路86号3幢107室,19,C,14,149,1499,1,0,0,1,0,0,0,0,0,0,0,0,0,吴宇航,MOCK_PERSON_0906,吴宇航,MOCK_PERSON_0906,MOCK_ORG_SH_JD_03,MOCK_ORG_SH_JD,MOCK_ORG_SH_JD_03,MOCK_ORG_SH_JD,1,1,0,1,0,0,20251125,20230628,20230625,,,150,1138317.91000000,15,1,1,0,0,0,0,0,0,20230622,1,1,2350338.00000000,4,0,1,0,0,0,0,1470000.73000000,1731252.90000000,1452081.13000000,1452081.13000000,1,0,0,0,0,0,0,0,2232000.00000000,1045915.20000000,1045915.20000000,1186084.80000000,1045915.20000000,1307167.37000000,1045915.20000000,0.00000000,0.00000000,20260917,2412000.00000000,1116115.20000000,2232000.00000000,1045915.20000000,0,0,0,0,0,0,0,0,0,0,0,0,0,0,0,,0.00000000,,,0,0,0,0,0,0,,0,0,0,0,0,0,0,0,,,1,0,12,10,96525.66000000,0.92537313,7588.78606667,20260905,19,0,1,0,正常,0,20260917
MOCK_TAG_0907,MOCK_CUST_0907,MOCK_ECIF_0907,杭州岚润医疗科技润有限公司,91330108700009073X,20121203,存续,医疗器械研发、技术咨询及销售,4900000.00000000,CNY,4655000.00000000,CNY,私人控股,私营有限责任公司,小型,330000,330100,330108,杭州市滨江区江陵路87号4幢108室,71,C,35,358,3589,1,1,0,1,0,0,0,0,0,0,0,0,0,郑宇航,MOCK_PERSON_0907,郑宇航,MOCK_PERSON_0907,MOCK_ORG_ZJ_HZ_04,MOCK_ORG_ZJ_HZ,MOCK_ORG_ZJ_HZ_04,MOCK_ORG_ZJ_HZ,0,1,0,1,1,0,,20250209,20250206,20250208,,0,0.00000000,0,0,1,1,0,0,0,0,0,20250204,1,1,1994372.00000000,4,0,1,0,0,0,0,392000.11000000,5329590.99000000,3906842.55000000,3906842.55000000,1,0,0,0,0,0,0,0,8467200.00000000,4606156.80000000,4606156.80000000,3861043.20000000,4606156.80000000,5345799.29000000,4606156.80000000,0.00000000,0.00000000,20260917,8810200.00000000,4678186.80000000,8467200.00000000,4606156.80000000,0,0,0,0,0,0,0,0,0,0,0,1,0,0,0,C,3773000.00000000,CNY,嘉禾产业投资08,0,0,0,0,0,0,40–59,0,0,0,0,0,0,0,0,,,1,0,12,0,0.00000000,0.96106785,0.00000000,,71,0,1,1,正常,0,20260917
MOCK_TAG_0908,MOCK_CUST_0908,MOCK_ECIF_0908,上海岚森精密制造润有限公司,913101127000090819,20130301,存续,工业零部件、自动化设备的研发与制造,1700000.00000000,CNY,1088000.00000000,CNY,私人控股,私营有限责任公司,小型,310000,310100,310112,上海市闵行区联航路88号5幢109室,38,C,34,348,3484,1,0,0,1,0,0,0,0,0,0,0,0,0,胡舒颖,MOCK_PERSON_0590,孙安颖,MOCK_PERSON_0435,MOCK_ORG_SH_MH_05,MOCK_ORG_SH_MH,MOCK_ORG_SH_MH_05,MOCK_ORG_SH_MH,1,1,0,1,0,1,20260606,20220915,20220912,,20220916,104,908311.08000000,26,1,1,0,0,0,0,0,0,20220903,1,1,2053364.00000000,4,0,1,0,0,0,0,1550400.27000000,965704.78000000,922639.06000000,816000.14000000,0,0,0,0,0,0,0,0,0.00000000,0.00000000,0.00000000,0.00000000,0.00000000,0.00000000,0.00000000,0.00000000,0.00000000,20260917,884000.00000000,521560.00000000,0.00000000,0.00000000,0,0,0,0,0,0,0,0,0,0,0,0,0,0,0,,0.00000000,,,0,0,0,0,0,0,,0,0,0,0,0,0,0,0,MOCK_GROUP_15,产业集团15,1,0,12,4,229840.08000000,0.00000000,8733.76038462,20260915,38,0,1,0,正常,0,20260917
MOCK_TAG_0909,MOCK_CUST_0909,MOCK_ECIF_0909,上海岚远商贸润有限公司,9131011570000909XC,20150510,存续,日用百货、五金及电子产品批发,10400000.00000000,CNY,3120000.00000000,CNY,私人控股,私营有限责任公司,中型,310000,310100,310115,上海市浦东新区金海路89号6幢110室,289,F,51,513,5135,1,0,0,1,0,0,0,0,0,0,0,0,0,陈宇航,MOCK_PERSON_0909,陈宇航,MOCK_PERSON_0909,MOCK_ORG_SH_PD_06,MOCK_ORG_SH_PD,MOCK_ORG_SH_PD_06,MOCK_ORG_SH_PD,0,0,0,1,1,0,,,20220526,20220528,,0,0.00000000,0,0,1,1,0,0,0,0,0,20220518,1,1,1505704.00000000,3,0,1,0,0,1,0,4472000.16000000,6198855.36000000,5702088.80000000,5702088.80000000,1,0,0,0,0,0,0,0,7581600.00000000,0.00000000,0.00000000,7581600.00000000,0.00000000,1726855.20000000,0.00000000,0.00000000,0.00000000,20260917,7685600.00000000,29120.00000000,7581600.00000000,0.00000000,0,0,0,0,0,0,0,0,0,0,0,0,0,0,0,,0.00000000,,,0,0,0,0,0,0,,0,0,0,0,0,0,0,0,,,1,0,12,0,0.00000000,0.98646820,0.00000000,,289,0,1,1,正常,0,20260917
MOCK_TAG_0910,MOCK_CUST_0910,MOCK_ECIF_0910,苏州岚衡食品润有限公司,913205717000091021,20211125,存续,食品加工、预包装食品销售,6200000.00000000,CNY,3162000.00000000,CNY,私人控股,私营有限责任公司,中型,320000,320500,320571,苏州市工业园区星湖街90号7幢111室,240,C,14,149,1499,1,0,0,1,0,0,0,0,0,0,0,0,0,杨宇航,MOCK_PERSON_0910,杨宇航,MOCK_PERSON_0910,MOCK_ORG_JS_SZ_07,MOCK_ORG_JS_SZ,MOCK_ORG_JS_SZ_07,MOCK_ORG_JS_SZ,0,1,0,1,0,0,,20240926,20240923,,,0,0.00000000,0,0,1,0,0,0,0,0,0,20240921,1,1,2417282.00000000,4,0,1,0,0,1,0,1599600.99000000,3425619.33000000,2440167.20000000,2324266.19000000,1,0,0,0,0,0,0,0,5022000.00000000,1807920.00000000,1807920.00000000,3214080.00000000,1807920.00000000,3267004.15000000,1807920.00000000,0.00000000,0.00000000,20260917,7440000.00000000,2702580.00000000,5022000.00000000,1807920.00000000,0,1,0,0,0,0,1,0,0,0,0,0,0,0,0,,0.00000000,,,0,0,0,0,0,0,,0,0,0,0,0,0,0,0,,,1,0,12,0,0.00000000,0.67500000,0.00000000,,240,0,1,0,正常,0,20260917
MOCK_TAG_0911,MOCK_CUST_0911,MOCK_ECIF_0911,上海岚昕商贸润有限公司,91310114700009110H,20141204,存续,日用百货、五金及电子产品批发,1800000.00000000,CNY,1530000.00000000,CNY,私人控股,私营有限责任公司,小型,310000,310100,310114,上海市嘉定区嘉罗公路91号8幢112室,83,F,51,513,5135,1,0,0,1,0,0,0,0,0,0,0,0,0,黄宇航,MOCK_PERSON_0911,黄宇航,MOCK_PERSON_0911,MOCK_ORG_SH_JD_08,MOCK_ORG_SH_JD,MOCK_ORG_SH_JD_08,MOCK_ORG_SH_JD,1,1,0,1,1,1,20260529,20240812,20240809,20240811,20240813,312,2515501.38000000,78,1,1,1,0,1,0,0,0,20240802,1,1,2623060.00000000,5,0,1,0,0,0,0,378000.49000000,783728.24000000,667012.04000000,667012.04000000,1,0,0,0,0,0,0,0,1915200.00000000,0.00000000,0.00000000,1915200.00000000,0.00000000,405727.75000000,0.00000000,0.00000000,0.00000000,20260917,1987200.00000000,49680.00000000,1915200.00000000,0.00000000,0,0,0,0,0,0,0,0,0,0,0,0,0,0,0,,0.00000000,,,0,0,0,0,0,0,,0,0,0,0,0,0,0,0,,,1,0,12,4,585000.22000000,0.96376812,8062.50442308,20260910,83,0,1,1,正常,0,20260917
MOCK_TAG_0912,MOCK_CUST_0912,MOCK_ECIF_0912,宁波岚途商贸润有限公司,91330212700009129Y,20100405,存续,日用百货、五金及电子产品批发,2100000.00000000,CNY,945000.00000000,CNY,私人控股,私营有限责任公司,小型,330000,330200,330212,宁波市鄞州区首南东路92号1幢113室,79,F,51,513,5135,1,0,0,1,0,0,0,0,0,0,0,0,0,徐宇航,MOCK_PERSON_0912,徐宇航,MOCK_PERSON_0912,MOCK_ORG_ZJ_NB_01,MOCK_ORG_ZJ_NB,MOCK_ORG_ZJ_NB_01,MOCK_ORG_ZJ_NB,0,1,0,1,1,1,,20260808,20260805,20260807,20260809,0,0.00000000,0,0,1,1,0,0,0,0,0,20260801,1,1,379696.00000000,1,1,1,0,0,0,0,0.00000000,22.32000000,15.90000000,15.90000000,0,0,0,0,0,0,0,0,0.00000000,0.00000000,0.00000000,0.00000000,0.00000000,0.00000000,0.00000000,0.00000000,0.00000000,20260917,861000.00000000,284130.00000000,0.00000000,0.00000000,0,0,0,0,0,0,0,0,0,0,0,0,0,0,0,,0.00000000,,,0,0,0,0,0,0,,0,0,0,0,0,0,0,0,,,0,0,2,0,0.00000000,0.00000000,0.00000000,,79,0,1,1,正常,0,20260917
MOCK_TAG_0913,MOCK_CUST_0913,MOCK_ECIF_0913,上海岳川商贸润有限公司,91310112700009137C,20160727,存续,日用百货、五金及电子产品批发,3100000.00000000,CNY,1860000.00000000,CNY,私人控股,私营有限责任公司,小型,310000,310100,310112,上海市闵行区联航路93号2幢114室,16,F,51,513,5135,1,0,0,1,0,0,0,0,0,0,0,0,0,朱宇航,MOCK_PERSON_0913,朱宇航,MOCK_PERSON_0913,MOCK_ORG_SH_MH_02,MOCK_ORG_SH_MH,MOCK_ORG_SH_MH_02,MOCK_ORG_SH_MH,0,0,0,1,1,0,,,20240705,20240707,,0,0.00000000,0,0,1,1,0,0,0,0,0,20240703,1,1,2517232.00000000,5,0,1,0,0,0,0,1023000.76000000,2266795.60000000,1614703.71000000,1614703.71000000,1,0,0,0,0,0,0,0,5270000.00000000,1712223.00000000,1712223.00000000,3557777.00000000,1712223.00000000,2269446.45000000,1712223.00000000,0.00000000,0.00000000,20260917,5487000.00000000,1855443.00000000,5270000.00000000,1712223.00000000,0,0,0,0,0,0,0,0,0,0,0,0,0,0,0,C,775000.00000000,CNY,嘉禾产业投资02,0,0,0,0,0,0,,0,0,0,0,0,0,0,0,,,1,0,12,0,0.00000000,0.96045198,0.00000000,,16,0,1,1,正常,0,20260917
MOCK_TAG_0914,MOCK_CUST_0914,MOCK_ECIF_0914,上海岳原供应链润有限公司,91310115700009145J,20120525,存续,仓储服务、国内货物运输代理,700000.00000000,CNY,385000.00000000,CNY,私人控股,私营有限责任公司,小型,310000,310100,310115,上海市浦东新区金海路94号3幢115室,87,G,58,582,5821,1,0,0,1,0,0,0,0,0,0,0,0,0,胡宇航,MOCK_PERSON_0914,胡宇航,MOCK_PERSON_0914,MOCK_ORG_SH_PD_03,MOCK_ORG_SH_PD,MOCK_ORG_SH_PD_03,MOCK_ORG_SH_PD,1,0,0,1,0,0,20251010,,20220911,,,748,6623205.98000000,68,1,1,0,0,0,0,0,0,20220903,1,1,2194026.00000000,5,0,1,0,0,0,0,94920.14000000,47857.45000000,46172.45000000,42000.06000000,0,0,0,0,0,0,0,0,0.00000000,0.00000000,0.00000000,0.00000000,0.00000000,0.00000000,0.00000000,0.00000000,0.00000000,20260917,455000.00000000,122850.00000000,0.00000000,0.00000000,0,0,0,0,0,0,0,0,0,0,0,0,0,0,0,,0.00000000,,,0,0,0,0,0,0,,0,0,0,0,0,0,0,0,,,1,0,12,11,0.00000000,0.00000000,8854.55344920,20260820,87,0,1,0,正常,0,20260917
MOCK_TAG_0915,MOCK_CUST_0915,MOCK_ECIF_0915,苏州岳辰商贸润有限公司,913205717000091539,20171101,存续,日用百货、五金及电子产品批发,4000000.00000000,CNY,1320000.00000000,CNY,私人控股,私营有限责任公司,小型,320000,320500,320571,苏州市工业园区星湖街95号4幢116室,57,F,51,513,5135,1,0,0,1,0,0,0,0,0,0,0,0,0,林宇航,MOCK_PERSON_0915,林宇航,MOCK_PERSON_0915,MOCK_ORG_JS_SZ_04,MOCK_ORG_JS_SZ,MOCK_ORG_JS_SZ_04,MOCK_ORG_JS_SZ,0,1,0,0,1,1,,20260709,,20260708,20260710,0,0.00000000,0,0,0,1,0,0,0,0,0,20260628,1,1,314116.00000000,1,1,1,0,0,0,0,0.00000000,38.46000000,27.40000000,27.40000000,0,0,0,0,0,0,0,0,0.00000000,0.00000000,0.00000000,0.00000000,0.00000000,0.00000000,0.00000000,0.00000000,0.00000000,20260917,3040000.00000000,486400.00000000,0.00000000,0.00000000,0,0,0,0,0,0,0,0,0,0,0,0,0,0,0,,0.00000000,,,0,0,0,0,0,0,,0,0,0,0,0,0,0,0,,,0,0,3,0,0.00000000,0.00000000,0.00000000,,57,0,0,1,正常,0,20260917
MOCK_TAG_0916,MOCK_CUST_0916,MOCK_ECIF_0916,宁波岳宁供应链润有限公司,91330212700009161A,20190408,存续,仓储服务、国内货物运输代理,2600000.00000000,CNY,2184000.00000000,CNY,私人控股,私营有限责任公司,小型,330000,330200,330212,宁波市鄞州区首南东路96号5幢117室,81,G,58,582,5821,1,0,0,1,0,0,0,0,0,0,0,0,0,何宇航,MOCK_PERSON_0916,何宇航,MOCK_PERSON_0916,MOCK_ORG_ZJ_NB_05,MOCK_ORG_ZJ_NB,MOCK_ORG_ZJ_NB_05,MOCK_ORG_ZJ_NB,1,1,0,1,1,0,20260304,20241026,20241023,20241025,,560,4640003.60000000,80,1,1,1,0,0,0,0,0,20241014,1,1,3032402.00000000,4,0,1,0,0,0,0,3844621.78000000,1577492.73000000,1520104.60000000,1378000.64000000,0,0,0,0,0,0,0,0,0.00000000,0.00000000,0.00000000,0.00000000,0.00000000,0.00000000,0.00000000,0.00000000,0.00000000,20260917,1222000.00000000,611000.00000000,0.00000000,0.00000000,0,0,0,0,0,0,0,0,0,0,0,0,0,0,0,,0.00000000,,,0,0,0,0,0,0,,0,0,0,0,0,0,0,0,,,1,0,12,7,710400.45000000,0.00000000,8285.72071429,20260915,81,0,1,1,正常,0,20260917
MOCK_TAG_0917,MOCK_CUST_0917,MOCK_ECIF_0917,苏州岳知信息科技润有限公司,9132057170000917XU,20060909,存续,软件开发、信息系统集成及技术咨询,500000.00000000,CNY,150000.00000000,CNY,私人控股,私营有限责任公司,小型,320000,320500,320571,苏州市工业园区星湖街97号6幢118室,45,I,65,651,6513,1,1,0,1,0,0,0,0,0,0,0,0,0,赵泽航,MOCK_PERSON_0917,赵泽航,MOCK_PERSON_0917,MOCK_ORG_JS_SZ_06,MOCK_ORG_JS_SZ,MOCK_ORG_JS_SZ_06,MOCK_ORG_JS_SZ,0,0,0,1,0,0,,,20230914,,,0,0.00000000,0,0,1,0,0,0,0,0,0,20230909,1,1,2270638.00000000,4,0,1,0,0,0,0,145601.45000000,76263.07000000,74461.57000000,70000.70000000,0,0,0,0,0,0,0,0,0.00000000,0.00000000,0.00000000,0.00000000,0.00000000,0.00000000,0.00000000,0.00000000,0.00000000,20260917,245000.00000000,24500.00000000,0.00000000,0.00000000,0,0,0,0,0,0,0,0,1,0,0,1,0,0,0,,0.00000000,,,0,0,0,0,0,0,20–39,0,0,0,0,0,0,0,0,,,1,0,12,0,0.00000000,0.00000000,0.00000000,,45,0,1,0,正常,0,20260917
MOCK_TAG_0918,MOCK_CUST_0918,MOCK_ECIF_0918,苏州岳禾医疗科技润有限公司,91320571700009188U,20100326,存续,医疗器械研发、技术咨询及销售,700000.00000000,CNY,693000.00000000,CNY,私人控股,私营有限责任公司,小型,320000,320500,320571,苏州市工业园区星湖街98号7幢119室,29,C,35,358,3589,1,1,0,1,0,0,0,0,0,0,0,0,0,钱泽航,MOCK_PERSON_0918,钱泽航,MOCK_PERSON_0918,MOCK_ORG_JS_SZ_07,MOCK_ORG_JS_SZ,MOCK_ORG_JS_SZ_07,MOCK_ORG_JS_SZ,1,0,0,1,1,0,20251212,,20250726,20250728,,216,2475003.88000000,24,1,1,1,0,0,0,0,0,20250724,1,1,1702208.00000000,4,0,1,0,0,0,0,385000.17000000,385000.17000000,385000.17000000,385000.17000000,0,0,0,0,0,0,0,0,0.00000000,0.00000000,0.00000000,0.00000000,0.00000000,0.00000000,0.00000000,0.00000000,0.00000000,20260917,420000.00000000,58800.00000000,0.00000000,0.00000000,0,0,0,0,0,0,0,0,0,0,0,1,0,0,0,,0.00000000,,,0,0,0,0,0,0,40–59,0,0,0,0,0,0,0,0,,,1,0,12,9,0.00000000,0.00000000,11458.35129630,20260825,29,0,1,1,正常,0,20260917
MOCK_TAG_0919,MOCK_CUST_0919,MOCK_ECIF_0919,上海岳润商贸润有限公司,91310115700009196T,20071103,存续,日用百货、五金及电子产品批发,900000.00000000,CNY,639000.00000000,CNY,私人控股,私营有限责任公司,小型,310000,310100,310115,上海市浦东新区金海路99号8幢120室,85,F,51,513,5135,1,0,0,1,0,0,0,0,0,0,0,0,0,孙泽航,MOCK_PERSON_0919,孙泽航,MOCK_PERSON_0919,MOCK_ORG_SH_PD_08,MOCK_ORG_SH_PD,MOCK_ORG_SH_PD_08,MOCK_ORG_SH_PD,0,1,0,1,1,1,,20221212,20221209,20221211,20221213,0,0.00000000,0,0,1,1,0,0,0,0,0,20221206,1,1,1985880.00000000,4,0,1,0,0,0,0,800281.90000000,414465.83000000,378181.58000000,326439.10000000,1,0,0,0,0,0,0,0,259200.00000000,35665.92000000,35665.92000000,223534.08000000,35665.92000000,53492.50000000,35665.92000000,0.00000000,0.00000000,20260917,880200.00000000,395845.92000000,259200.00000000,35665.92000000,0,0,0,0,0,0,0,0,0,0,0,0,0,0,0,,0.00000000,,,0,0,0,0,0,0,,0,0,0,0,0,0,0,0,,,1,0,12,0,0.00000000,0.29447853,0.00000000,,85,0,1,1,正常,0,20260917
MOCK_TAG_0920,MOCK_CUST_0920,MOCK_ECIF_0920,苏州岳森商贸润有限公司,91320571700009209C,20181115,存续,日用百货、五金及电子产品批发,297800000.00000000,CNY,229306000.00000000,CNY,私人控股,私营有限责任公司,大型,320000,320500,320571,苏州市工业园区星湖街100号1幢101室,1366,F,51,513,5135,1,0,0,1,0,0,0,0,0,0,0,0,0,李泽航,MOCK_PERSON_0920,李泽航,MOCK_PERSON_0920,MOCK_ORG_JS_SZ_01,MOCK_ORG_JS_SZ,MOCK_ORG_JS_SZ_01,MOCK_ORG_JS_SZ,1,1,0,1,1,0,20260427,20221124,20221121,20221123,,4985,38210027.73000000,997,1,1,1,0,0,0,0,0,20221112,1,1,2092018.00000000,5,0,1,0,0,0,0,46754601.19000000,32260903.90000000,31547219.43000000,29780000.76000000,0,0,0,0,0,0,0,0,0.00000000,0.00000000,0.00000000,0.00000000,0.00000000,0.00000000,0.00000000,0.00000000,0.00000000,20260917,65516000.00000000,11137720.00000000,0.00000000,0.00000000,0,0,0,0,0,0,0,0,0,0,0,0,0,0,0,,0.00000000,,,0,0,0,0,0,0,,0,0,0,0,0,0,0,0,,,1,0,12,5,7028850.78000000,0.00000000,7665.00054764,20260905,1366,0,1,1,正常,0,20260917
MOCK_TAG_0921,MOCK_CUST_0921,MOCK_ECIF_0921,苏州岳远食品润有限公司,913205717000092177,20170805,存续,食品加工、预包装食品销售,69100000.00000000,CNY,39387000.00000000,CNY,私人控股,私营有限责任公司,大型,320000,320500,320571,苏州市工业园区星湖街101号2幢102室,2239,C,14,149,1499,1,0,0,1,0,0,0,0,0,0,0,0,0,陈清航,MOCK_PERSON_0921,陈清航,MOCK_PERSON_0921,MOCK_ORG_JS_SZ_02,MOCK_ORG_JS_SZ,MOCK_ORG_JS_SZ_02,MOCK_ORG_JS_SZ,1,1,0,1,0,0,20260624,20230409,20230406,,,5910,41744301.57000000,1970,1,1,0,0,1,0,0,0,20230327,1,1,2249172.00000000,5,0,1,0,0,0,0,20039000.49000000,20039000.49000000,20039000.49000000,20039000.49000000,0,0,0,0,0,0,0,0,0.00000000,0.00000000,0.00000000,0.00000000,0.00000000,0.00000000,0.00000000,0.00000000,0.00000000,20260917,26949000.00000000,9971130.00000000,0.00000000,0.00000000,0,0,0,0,0,0,0,0,0,0,0,0,0,0,0,,0.00000000,,,0,0,0,0,0,0,,0,0,0,0,0,0,0,0,,,1,0,12,3,14469650.69000000,0.00000000,7063.33359898,20260910,2239,0,1,0,正常,0,20260917
MOCK_TAG_0922,MOCK_CUST_0922,MOCK_ECIF_0922,上海岳衡商贸润有限公司,91310112700009225T,20091222,存续,日用百货、五金及电子产品批发,31400000.00000000,CNY,21980000.00000000,CNY,私人控股,私营有限责任公司,中型,310000,310100,310112,上海市闵行区联航路102号3幢103室,387,F,51,513,5135,1,0,0,1,0,0,0,0,0,0,0,0,0,徐正颖,MOCK_PERSON_0620,徐明博,MOCK_PERSON_0012,MOCK_ORG_SH_MH_03,MOCK_ORG_SH_MH,MOCK_ORG_SH_MH_03,MOCK_ORG_SH_MH,0,1,0,0,1,0,,20231231,,20231230,,0,0.00000000,0,0,0,1,0,0,0,0,0,20231220,1,1,2386284.00000000,4,0,1,0,0,1,0,19154000.99000000,18516387.37000000,17731139.22000000,17731139.22000000,1,0,0,0,0,0,0,0,8038400.00000000,3367285.76000000,3367285.76000000,4671114.24000000,3367285.76000000,2729672.14000000,3367285.76000000,0.00000000,0.00000000,20260917,26564400.00000000,8739825.76000000,8038400.00000000,3367285.76000000,0,0,0,0,0,0,0,0,0,0,0,0,0,0,0,,0.00000000,,,0,0,0,0,0,0,,0,0,0,0,0,0,0,0,MOCK_GROUP_49,产业集团49,1,0,12,0,0.00000000,0.30260047,0.00000000,,387,0,0,1,正常,0,20260917
MOCK_TAG_0923,MOCK_CUST_0923,MOCK_ECIF_0923,上海岳昕食品润有限公司,913101157000092331,20120423,存续,食品加工、预包装食品销售,400000.00000000,CNY,188000.00000000,CNY,私人控股,私营有限责任公司,小型,310000,310100,310115,上海市浦东新区金海路103号4幢104室,47,C,14,149,1499,1,0,0,1,0,0,0,0,0,0,0,0,0,黄清航,MOCK_PERSON_0923,黄清航,MOCK_PERSON_0923,MOCK_ORG_SH_PD_04,MOCK_ORG_SH_PD,MOCK_ORG_SH_PD_04,MOCK_ORG_SH_PD,0,0,0,1,0,0,,,20240210,,,0,0.00000000,0,0,1,0,0,0,0,0,0,20240206,1,1,1441400.00000000,3,0,1,0,0,0,0,236000.65000000,215374.80000000,203237.17000000,203237.17000000,1,0,0,0,0,0,0,0,201600.00000000,62818.56000000,62818.56000000,138781.44000000,62818.56000000,42192.71000000,62818.56000000,0.00000000,0.00000000,20260917,349600.00000000,96858.56000000,201600.00000000,62818.56000000,0,0,0,0,0,0,0,0,0,0,0,0,0,0,0,,0.00000000,,,0,0,0,0,0,0,,0,0,0,0,0,0,0,0,,,1,0,12,0,0.00000000,0.57665904,0.00000000,,47,0,1,0,正常,0,20260917
MOCK_TAG_0924,MOCK_CUST_0924,MOCK_ECIF_0924,杭州岳途信息科技润有限公司,913301087000092410,20091001,存续,软件开发、信息系统集成及技术咨询,2900000.00000000,CNY,1073000.00000000,CNY,私人控股,私营有限责任公司,小型,330000,330100,330108,杭州市滨江区江陵路104号5幢105室,84,I,65,651,6513,1,1,0,1,0,0,0,0,0,0,0,0,0,徐清航,MOCK_PERSON_0924,徐清航,MOCK_PERSON_0924,MOCK_ORG_ZJ_HZ_05,MOCK_ORG_ZJ_HZ,MOCK_ORG_ZJ_HZ_05,MOCK_ORG_ZJ_HZ,1,1,0,1,0,0,20260525,20230703,20230630,,,304,3724002.72000000,76,1,1,0,0,0,0,0,0,20230622,1,1,1481852.00000000,3,0,1,0,0,0,0,4714240.07000000,2141824.03000000,2059600.69000000,1856000.03000000,0,0,0,0,0,0,0,0,0.00000000,0.00000000,0.00000000,0.00000000,0.00000000,0.00000000,0.00000000,0.00000000,0.00000000,20260917,1102000.00000000,551000.00000000,0.00000000,0.00000000,0,0,0,0,0,0,0,0,0,0,0,1,0,0,0,,0.00000000,,,0,0,0,0,0,0,60–79,0,0,0,0,0,0,0,0,,,1,0,12,4,883500.27000000,0.00000000,12250.00894737,20260910,84,0,1,0,正常,0,20260917
MOCK_TAG_0925,MOCK_CUST_0925,MOCK_ECIF_0925,上海朔川供应链润有限公司,9131011270000925X8,20121009,存续,仓储服务、国内货物运输代理,700000.00000000,CNY,385000.00000000,CNY,私人控股,私营有限责任公司,小型,310000,310100,310112,上海市闵行区联航路105号6幢106室,49,G,58,582,5821,1,0,0,1,0,0,0,0,0,0,0,0,0,朱清航,MOCK_PERSON_0925,朱清航,MOCK_PERSON_0925,MOCK_ORG_SH_MH_06,MOCK_ORG_SH_MH,MOCK_ORG_SH_MH_06,MOCK_ORG_SH_MH,0,1,0,1,0,0,,20241205,20241202,,,0,0.00000000,0,0,1,0,0,0,0,0,0,20241126,1,1,2209966.00000000,4,0,1,0,0,0,0,427000.67000000,474429.59000000,460785.65000000,460785.65000000,1,0,0,0,0,0,0,0,327600.00000000,0.00000000,0.00000000,327600.00000000,0.00000000,47428.92000000,0.00000000,0.00000000,0.00000000,20260917,663600.00000000,238560.00000000,327600.00000000,0.00000000,0,0,0,0,0,0,0,0,0,0,0,0,0,0,0,,0.00000000,,,0,0,0,0,0,0,,0,0,0,0,0,0,0,0,,,1,0,12,0,0.00000000,0.49367089,0.00000000,,49,0,1,0,正常,0,20260917
MOCK_TAG_0926,MOCK_CUST_0926,MOCK_ECIF_0926,苏州朔原食品润有限公司,91320571700009268F,20190314,存续,食品加工、预包装食品销售,21000000.00000000,CNY,16380000.00000000,CNY,私人控股,私营有限责任公司,中型,320000,320500,320571,苏州市工业园区星湖街106号7幢107室,478,C,14,149,1499,1,0,0,1,0,0,0,0,0,0,0,0,0,胡清航,MOCK_PERSON_0926,胡清航,MOCK_PERSON_0926,MOCK_ORG_JS_SZ_07,MOCK_ORG_JS_SZ,MOCK_ORG_JS_SZ_07,MOCK_ORG_JS_SZ,0,1,0,1,1,0,,20221118,20221115,20221117,,0,0.00000000,0,0,1,1,0,0,0,0,0,20221109,1,1,1722502.00000000,3,0,1,0,0,1,0,10508400.68000000,8124680.58000000,7163073.87000000,6694560.96000000,1,0,0,0,0,0,0,0,8064000.00000000,2778048.00000000,2778048.00000000,5285952.00000000,2778048.00000000,2685008.05000000,2778048.00000000,0.00000000,0.00000000,20260917,22764000.00000000,7923048.00000000,8064000.00000000,2778048.00000000,0,0,0,0,0,0,0,0,0,0,0,0,0,0,0,,0.00000000,,,0,0,0,0,0,0,,0,0,0,0,0,0,0,0,,,1,0,12,0,0.00000000,0.35424354,0.00000000,,478,0,1,1,正常,0,20260917
MOCK_TAG_0927,MOCK_CUST_0927,MOCK_ECIF_0927,上海朔辰供应链润有限公司,913101147000092760,20130118,存续,仓储服务、国内货物运输代理,33700000.00000000,CNY,29319000.00000000,CNY,私人控股,私营有限责任公司,中型,310000,310100,310114,上海市嘉定区嘉罗公路107号8幢108室,488,G,58,582,5821,1,0,0,1,0,0,0,0,0,0,0,0,0,杨承颖,MOCK_PERSON_0538,胡思颖,MOCK_PERSON_0366,MOCK_ORG_SH_JD_08,MOCK_ORG_SH_JD,MOCK_ORG_SH_JD_08,MOCK_ORG_SH_JD,0,1,0,1,1,0,,20250621,20250618,20250620,,0,0.00000000,0,0,1,1,0,0,0,0,0,20250616,1,1,2718682.00000000,5,0,1,0,0,1,0,7751000.47000000,7751000.47000000,7751000.47000000,7751000.47000000,0,0,0,0,0,0,0,0,0.00000000,0.00000000,0.00000000,0.00000000,0.00000000,0.00000000,0.00000000,0.00000000,0.00000000,20260917,26960000.00000000,16176000.00000000,0.00000000,0.00000000,0,0,0,0,0,0,0,0,0,0,0,0,0,0,0,B,9436000.00000000,CNY,嘉禾产业投资04,0,0,0,0,0,0,,0,0,0,0,0,0,0,0,MOCK_GROUP_53,产业集团53,1,0,12,0,0.00000000,0.00000000,0.00000000,,488,0,1,1,正常,0,20260917
MOCK_TAG_0928,MOCK_CUST_0928,MOCK_ECIF_0928,上海朔宁食品润有限公司,91310112700009284X,20161113,存续,食品加工、预包装食品销售,37200000.00000000,CNY,35712000.00000000,CNY,私人控股,私营有限责任公司,中型,310000,310100,310112,上海市闵行区联航路108号1幢109室,430,C,14,149,1499,1,0,0,1,0,0,0,0,0,0,0,0,0,何清航,MOCK_PERSON_0928,何清航,MOCK_PERSON_0928,MOCK_ORG_SH_MH_01,MOCK_ORG_SH_MH,MOCK_ORG_SH_MH_01,MOCK_ORG_SH_MH,0,0,0,1,1,0,,,20231104,20231106,,0,0.00000000,0,0,1,1,0,0,0,0,0,20231028,1,1,2164012.00000000,4,0,1,0,0,1,0,12670321.01000000,10167876.81000000,10025227.54000000,9672000.77000000,0,0,0,0,0,0,0,0,0.00000000,0.00000000,0.00000000,0.00000000,0.00000000,0.00000000,0.00000000,0.00000000,0.00000000,20260917,21204000.00000000,15690960.00000000,0.00000000,0.00000000,0,0,0,0,0,0,0,0,0,0,0,0,0,0,0,,0.00000000,,,0,0,0,0,0,0,,0,0,0,0,0,0,0,0,,,1,0,12,0,0.00000000,0.00000000,0.00000000,,430,0,1,1,正常,0,20260917
MOCK_TAG_0929,MOCK_CUST_0929,MOCK_ECIF_0929,上海朔知精密制造润有限公司,91310114700009292M,20140524,存续,工业零部件、自动化设备的研发与制造,2200000.00000000,CNY,1078000.00000000,CNY,私人控股,私营有限责任公司,小型,310000,310100,310114,上海市嘉定区嘉罗公路109号2幢110室,74,C,34,348,3484,1,0,0,1,0,0,0,0,0,0,0,0,0,赵正航,MOCK_PERSON_0929,赵正航,MOCK_PERSON_0929,MOCK_ORG_SH_JD_02,MOCK_ORG_SH_JD,MOCK_ORG_SH_JD_02,MOCK_ORG_SH_JD,1,1,0,0,1,0,20260123,20250408,,20250407,,520,4453154.01000000,65,1,0,1,0,0,0,0,0,20250326,1,1,1963078.00000000,4,0,1,0,0,0,0,1144000.26000000,1262503.26000000,1058599.88000000,1058599.88000000,1,0,0,0,1,0,0,0,1801800.00000000,684684.00000000,684684.00000000,1117116.00000000,684684.00000000,803187.00000000,684684.00000000,0.00000000,0.00000000,20260917,3407800.00000000,1744644.00000000,1801800.00000000,684684.00000000,0,0,0,0,0,0,0,0,0,0,0,0,0,0,0,,0.00000000,,,0,0,0,0,0,0,,0,0,0,0,0,0,0,0,,,1,0,12,8,502775.48000000,0.52872821,8563.75771154,20260910,74,0,0,1,正常,0,20260917
MOCK_TAG_0930,MOCK_CUST_0930,MOCK_ECIF_0930,上海朔禾医疗科技润有限公司,91310114700009305B,20150123,存续,医疗器械研发、技术咨询及销售,700000.00000000,CNY,336000.00000000,CNY,私人控股,私营有限责任公司,小型,310000,310100,310114,上海市嘉定区嘉罗公路110号3幢111室,25,C,35,358,3589,1,1,0,1,0,0,0,0,0,0,0,0,0,杨博博,MOCK_PERSON_0250,陈瑞博,MOCK_PERSON_0105,MOCK_ORG_SH_JD_03,MOCK_ORG_SH_JD,MOCK_ORG_SH_JD_03,MOCK_ORG_SH_JD,0,1,0,1,0,0,,20260620,20260617,,,0,0.00000000,0,0,1,0,0,0,0,0,0,20260616,1,1,616286.00000000,1,0,1,0,0,0,0,63000.19000000,22776.99000000,16224.71000000,16224.71000000,0,0,0,0,0,0,0,0,0.00000000,0.00000000,0.00000000,0.00000000,0.00000000,0.00000000,0.00000000,0.00000000,0.00000000,20260917,308000.00000000,89320.00000000,0.00000000,0.00000000,0,0,0,0,0,0,0,0,1,0,0,1,0,0,0,,0.00000000,,,0,0,0,0,0,0,40–59,0,0,0,0,0,0,0,0,MOCK_GROUP_43,产业集团43,0,0,3,0,0.00000000,0.00000000,0.00000000,,25,0,1,0,正常,0,20260917
MOCK_TAG_0931,MOCK_CUST_0931,MOCK_ECIF_0931,上海朔润信息科技润有限公司,913101127000093139,20181003,存续,软件开发、信息系统集成及技术咨询,500000.00000000,CNY,155000.00000000,CNY,私人控股,私营有限责任公司,小型,310000,310100,310112,上海市闵行区联航路111号4幢112室,63,I,65,651,6513,1,1,0,1,0,0,0,0,0,0,0,0,0,孙正航,MOCK_PERSON_0931,孙正航,MOCK_PERSON_0931,MOCK_ORG_SH_MH_04,MOCK_ORG_SH_MH,MOCK_ORG_SH_MH_04,MOCK_ORG_SH_MH,1,1,0,1,1,0,20251026,20231113,20231110,20231112,,539,7481695.15000000,49,1,1,1,0,1,0,0,0,20231103,1,1,1874054.00000000,3,0,1,0,0,0,0,325000.55000000,325000.55000000,325000.55000000,325000.55000000,0,0,0,0,0,0,0,0,0.00000000,0.00000000,0.00000000,0.00000000,0.00000000,0.00000000,0.00000000,0.00000000,0.00000000,20260917,390000.00000000,54600.00000000,0.00000000,0.00000000,0,0,0,0,0,0,0,0,1,0,0,1,0,0,0,,0.00000000,,,0,0,0,0,0,0,0–19,0,0,0,0,0,0,0,0,,,1,0,12,11,722750.78000000,0.00000000,13880.69601113,20260915,63,0,1,1,正常,0,20260917
MOCK_TAG_0932,MOCK_CUST_0932,MOCK_ECIF_0932,上海朔森供应链润有限公司,913101147000093211,20151122,存续,仓储服务、国内货物运输代理,3200000.00000000,CNY,3136000.00000000,CNY,私人控股,私营有限责任公司,小型,310000,310100,310114,上海市嘉定区嘉罗公路112号5幢113室,88,G,58,582,5821,1,0,0,1,0,0,0,0,0,0,0,0,0,李正航,MOCK_PERSON_0932,李正航,MOCK_PERSON_0932,MOCK_ORG_SH_JD_05,MOCK_ORG_SH_JD,MOCK_ORG_SH_JD_05,MOCK_ORG_SH_JD,0,0,0,0,1,0,,,,20230116,,0,0.00000000,0,0,0,1,0,0,0,0,0,20230111,1,1,1893180.00000000,4,0,1,0,0,0,0,460800.18000000,384886.30000000,384631.38000000,384000.15000000,0,0,0,0,0,0,0,0,0.00000000,0.00000000,0.00000000,0.00000000,0.00000000,0.00000000,0.00000000,0.00000000,0.00000000,20260917,1280000.00000000,563200.00000000,0.00000000,0.00000000,0,0,0,0,0,0,0,0,0,0,0,0,0,0,0,,0.00000000,,,0,0,0,0,0,0,,0,0,0,0,0,0,0,0,,,1,0,12,0,0.00000000,0.00000000,0.00000000,,88,0,0,1,正常,0,20260917
MOCK_TAG_0933,MOCK_CUST_0933,MOCK_ECIF_0933,宁波朔远供应链润有限公司,9133021270000933X9,20220709,存续,仓储服务、国内货物运输代理,24900000.00000000,CNY,22908000.00000000,CNY,私人控股,私营有限责任公司,中型,330000,330200,330212,宁波市鄞州区首南东路113号6幢114室,294,G,58,582,5821,1,0,0,1,0,0,0,0,0,0,0,0,0,周正航,MOCK_PERSON_0933,周正航,MOCK_PERSON_0933,MOCK_ORG_ZJ_NB_06,MOCK_ORG_ZJ_NB,MOCK_ORG_ZJ_NB_06,MOCK_ORG_ZJ_NB,0,1,0,1,0,0,,20240602,20240530,,,0,0.00000000,0,0,1,0,0,0,0,0,0,20240520,1,1,1860584.00000000,4,0,1,0,0,1,0,3486000.85000000,3486000.85000000,3486000.85000000,3486000.85000000,0,0,0,0,0,0,0,0,0.00000000,0.00000000,0.00000000,0.00000000,0.00000000,0.00000000,0.00000000,0.00000000,0.00000000,20260917,12948000.00000000,6215040.00000000,0.00000000,0.00000000,0,0,0,0,0,0,0,0,0,0,0,0,0,0,0,,0.00000000,,,0,0,0,0,0,0,,0,0,0,0,0,0,0,0,,,1,0,12,0,0.00000000,0.00000000,0.00000000,,294,0,1,0,正常,0,20260917
MOCK_TAG_0934,MOCK_CUST_0934,MOCK_ECIF_0934,上海朔衡信息科技润有限公司,91310114700009348Q,20200616,存续,软件开发、信息系统集成及技术咨询,4000000.00000000,CNY,3880000.00000000,CNY,私人控股,私营有限责任公司,小型,310000,310100,310114,上海市嘉定区嘉罗公路114号7幢115室,53,I,65,651,6513,1,1,0,1,0,0,0,0,0,0,0,0,0,吴正航,MOCK_PERSON_0934,吴正航,MOCK_PERSON_0934,MOCK_ORG_SH_JD_07,MOCK_ORG_SH_JD,MOCK_ORG_SH_JD_07,MOCK_ORG_SH_JD,0,0,0,1,0,0,,,20230915,,,0,0.00000000,0,0,1,0,0,0,0,0,0,20230908,1,1,2287668.00000000,4,0,1,0,0,0,0,3276801.10000000,2667520.90000000,2636590.47000000,2560000.86000000,0,0,0,0,0,0,0,0,0.00000000,0.00000000,0.00000000,0.00000000,0.00000000,0.00000000,0.00000000,0.00000000,0.00000000,20260917,1960000.00000000,999600.00000000,0.00000000,0.00000000,0,0,0,0,0,0,0,0,1,0,0,1,0,0,0,,0.00000000,,,0,0,0,0,0,0,40–59,0,0,0,0,0,0,0,0,,,1,0,12,0,0.00000000,0.00000000,0.00000000,,53,0,1,0,正常,0,20260917
MOCK_TAG_0935,MOCK_CUST_0935,MOCK_ECIF_0935,宁波朔昕精密制造润有限公司,913302127000093564,20250105,存续,工业零部件、自动化设备的研发与制造,1300000.00000000,CNY,1027000.00000000,CNY,私人控股,私营有限责任公司,小型,330000,330200,330212,宁波市鄞州区首南东路115号8幢116室,41,C,34,348,3484,1,0,0,1,0,0,0,0,0,0,0,0,0,郑正航,MOCK_PERSON_0935,郑正航,MOCK_PERSON_0935,MOCK_ORG_ZJ_NB_08,MOCK_ORG_ZJ_NB,MOCK_ORG_ZJ_NB_08,MOCK_ORG_ZJ_NB,0,1,0,1,0,1,,20260801,20260729,,20260802,0,0.00000000,0,0,1,0,0,0,0,0,0,20260720,1,1,441732.00000000,1,0,1,0,0,0,0,468000.89000000,108000.21000000,76931.65000000,76931.65000000,0,0,0,0,0,0,0,0,0.00000000,0.00000000,0.00000000,0.00000000,0.00000000,0.00000000,0.00000000,0.00000000,0.00000000,20260917,715000.00000000,157300.00000000,0.00000000,0.00000000,0,0,0,0,0,0,0,0,0,0,0,0,0,0,0,A,442000.00000000,CNY,嘉禾产业投资12,0,0,0,0,0,0,,0,0,0,0,0,0,0,0,,,0,0,2,0,0.00000000,0.00000000,0.00000000,,41,0,1,0,正常,0,20260917
MOCK_TAG_0936,MOCK_CUST_0936,MOCK_ECIF_0936,苏州朔途商贸润有限公司,91320571700009364Q,20080906,存续,日用百货、五金及电子产品批发,13000000.00000000,CNY,10400000.00000000,CNY,私人控股,私营有限责任公司,中型,320000,320500,320571,苏州市工业园区星湖街116号1幢117室,372,F,51,513,5135,1,0,0,1,0,0,0,0,0,0,0,0,0,王正航,MOCK_PERSON_0936,王正航,MOCK_PERSON_0936,MOCK_ORG_JS_SZ_01,MOCK_ORG_JS_SZ,MOCK_ORG_JS_SZ_01,MOCK_ORG_JS_SZ,0,0,0,1,1,0,,,20241218,20241220,,0,0.00000000,0,0,1,1,0,0,0,0,0,20241214,1,1,2533498.00000000,4,0,1,0,0,1,0,780000.35000000,3432043.80000000,2444743.53000000,2444743.53000000,1,0,0,0,0,0,0,0,10140000.00000000,4755660.00000000,4755660.00000000,5384340.00000000,4755660.00000000,3447334.80000000,4755660.00000000,0.00000000,0.00000000,20260917,18070000.00000000,6183060.00000000,10140000.00000000,4755660.00000000,0,0,0,0,0,0,0,0,0,0,0,0,0,0,0,,0.00000000,,,0,0,0,0,0,0,,0,0,0,0,0,0,0,0,,,1,0,12,0,0.00000000,0.56115108,0.00000000,,372,0,1,1,正常,0,20260917
MOCK_TAG_0937,MOCK_CUST_0937,MOCK_ECIF_0937,宁波翊川精密制造润有限公司,91330212700009372R,20211130,存续,工业零部件、自动化设备的研发与制造,3300000.00000000,CNY,2541000.00000000,CNY,私人控股,私营有限责任公司,小型,330000,330200,330212,宁波市鄞州区首南东路117号2幢118室,75,C,34,348,3484,1,0,0,1,0,0,0,0,0,0,0,0,0,陈正航,MOCK_PERSON_0937,陈正航,MOCK_PERSON_0937,MOCK_ORG_ZJ_NB_02,MOCK_ORG_ZJ_NB,MOCK_ORG_ZJ_NB_02,MOCK_ORG_ZJ_NB,1,0,0,1,1,1,20260107,,20250713,20250715,20250717,552,5161204.08000000,69,1,1,1,0,0,0,0,0,20250708,1,1,1902172.00000000,4,0,1,0,0,0,0,1848000.08000000,3665194.55000000,2610823.52000000,2610823.52000000,1,0,0,0,1,0,0,0,5821200.00000000,2025777.60000000,2025777.60000000,3795422.40000000,2025777.60000000,3665878.31000000,2025777.60000000,0.00000000,0.00000000,20260917,8362200.00000000,2406927.60000000,5821200.00000000,2025777.60000000,0,0,0,0,0,0,0,0,0,0,0,0,0,0,0,C,1254000.00000000,CNY,嘉禾产业投资02,0,0,0,0,0,0,,0,0,0,0,0,0,0,0,,,1,0,12,8,0.00000000,0.69613260,9350.00739130,20260825,75,0,1,1,正常,0,20260917
MOCK_TAG_0938,MOCK_CUST_0938,MOCK_ECIF_0938,上海翊原食品润有限公司,913101147000093804,20191028,存续,食品加工、预包装食品销售,2400000.00000000,CNY,984000.00000000,CNY,私人控股,私营有限责任公司,小型,310000,310100,310114,上海市嘉定区嘉罗公路118号3幢119室,37,C,14,149,1499,1,0,0,1,0,0,0,0,0,0,0,0,0,杨正航,MOCK_PERSON_0938,杨正航,MOCK_PERSON_0938,MOCK_ORG_SH_JD_03,MOCK_ORG_SH_JD,MOCK_ORG_SH_JD_03,MOCK_ORG_SH_JD,1,0,0,1,0,0,20250925,,20230121,,,372,2675926.57000000,31,1,1,0,0,0,0,0,0,20230111,1,1,1676076.00000000,4,0,1,0,0,0,0,851041.20000000,764685.04000000,668981.30000000,608430.20000000,1,0,0,0,0,0,0,0,1872000.00000000,0.00000000,0.00000000,1872000.00000000,0.00000000,247680.00000000,0.00000000,0.00000000,0.00000000,20260917,3312000.00000000,849600.00000000,1872000.00000000,0.00000000,0,0,0,0,0,0,0,0,0,0,0,0,0,0,0,C,768000.00000000,CNY,嘉禾产业投资03,0,0,0,0,0,0,,0,0,0,0,0,0,0,0,,,1,0,12,12,209560.83000000,0.56521739,7193.35099462,20260910,37,0,1,0,正常,0,20260917
MOCK_TAG_0939,MOCK_CUST_0939,MOCK_ECIF_0939,上海翊辰食品润有限公司,913101147000093991,20221007,存续,食品加工、预包装食品销售,2100000.00000000,CNY,714000.00000000,CNY,私人控股,私营有限责任公司,小型,310000,310100,310114,上海市嘉定区嘉罗公路119号4幢120室,15,C,14,149,1499,1,0,0,1,0,0,0,0,0,0,0,0,0,黄正航,MOCK_PERSON_0939,黄正航,MOCK_PERSON_0939,MOCK_ORG_SH_JD_04,MOCK_ORG_SH_JD,MOCK_ORG_SH_JD_04,MOCK_ORG_SH_JD,1,1,0,1,1,0,20260410,20250502,20250429,20250501,,55,344632.42000000,11,1,1,1,0,0,0,0,0,20250422,1,1,2076696.00000000,4,0,1,0,0,0,0,126000.82000000,717668.78000000,511216.12000000,511216.12000000,1,0,0,0,0,0,0,0,1278900.00000000,817344.99000000,817344.99000000,461555.01000000,817344.99000000,720327.80000000,817344.99000000,0.00000000,0.00000000,20260917,2874900.00000000,1551504.99000000,1278900.00000000,817344.99000000,0,0,0,0,0,0,0,0,0,0,0,0,0,0,0,,0.00000000,,,0,0,0,0,0,0,,0,0,0,0,0,0,0,0,,,1,0,12,5,0.00000000,0.44485026,6266.04400000,20260820,15,0,1,1,正常,0,20260917
MOCK_TAG_0940,MOCK_CUST_0940,MOCK_ECIF_0940,宁波翊宁信息科技润有限公司,913302127000094015,20170809,存续,软件开发、信息系统集成及技术咨询,3900000.00000000,CNY,2418000.00000000,CNY,私人控股,私营有限责任公司,小型,330000,330200,330212,宁波市鄞州区首南东路120号5幢101室,90,I,65,651,6513,1,1,0,1,0,0,0,0,0,0,0,0,0,徐正航,MOCK_PERSON_0940,王远航,MOCK_PERSON_0664,MOCK_ORG_ZJ_NB_05,MOCK_ORG_ZJ_NB,MOCK_ORG_ZJ_NB_05,MOCK_ORG_ZJ_NB,0,1,0,0,1,0,,20230122,,20230121,,0,0.00000000,0,0,0,1,0,0,0,0,0,20230118,1,1,1947876.00000000,4,0,1,0,0,0,0,624000.98000000,770833.32000000,625833.39000000,625833.39000000,1,0,0,0,0,0,0,0,1357200.00000000,357215.04000000,357215.04000000,999984.96000000,357215.04000000,504047.38000000,357215.04000000,0.00000000,0.00000000,20260917,2917200.00000000,1324415.04000000,1357200.00000000,357215.04000000,0,0,0,0,0,0,0,0,1,0,0,1,0,0,0,,0.00000000,,,0,0,0,0,0,0,40–59,0,0,0,0,0,0,0,0,MOCK_GROUP_46,产业集团46,1,0,12,0,0.00000000,0.46524064,0.00000000,,90,0,0,1,正常,0,20260917
MOCK_TAG_0941,MOCK_CUST_0941,MOCK_ECIF_0941,上海翊知供应链润有限公司,9131011570000941XT,20130114,存续,仓储服务、国内货物运输代理,4200000.00000000,CNY,2814000.00000000,CNY,私人控股,私营有限责任公司,小型,310000,310100,310115,上海市浦东新区金海路121号6幢102室,10,G,58,582,5821,1,0,0,1,0,0,0,0,0,0,0,0,0,李正颖,MOCK_PERSON_0612,吴承颖,MOCK_PERSON_0534,MOCK_ORG_SH_PD_06,MOCK_ORG_SH_PD,MOCK_ORG_SH_PD_06,MOCK_ORG_SH_PD,0,1,0,1,1,0,,20241104,20241101,20241103,,0,0.00000000,0,0,1,1,0,1,0,0,0,20241030,1,1,2090394.00000000,4,0,1,0,0,0,0,1134000.28000000,982031.39000000,699529.21000000,699529.21000000,1,0,0,0,0,0,0,0,4641000.00000000,1209908.70000000,1209908.70000000,3431091.30000000,1209908.70000000,982323.34000000,1209908.70000000,0.00000000,0.00000000,20260917,4977000.00000000,1451828.70000000,4641000.00000000,1209908.70000000,0,0,0,0,0,0,0,0,0,0,0,0,0,0,0,,0.00000000,,,0,0,0,0,0,0,,0,0,0,0,0,0,0,0,MOCK_GROUP_07,产业集团07,1,0,12,0,0.00000000,0.93248945,0.00000000,,10,0,1,1,正常,0,20260917
MOCK_TAG_0942,MOCK_CUST_0942,MOCK_ECIF_0942,上海翊禾信息科技润有限公司,91310114700009428C,20231120,存续,软件开发、信息系统集成及技术咨询,1000000.00000000,CNY,390000.00000000,CNY,私人控股,私营有限责任公司,小型,310000,310100,310114,上海市嘉定区嘉罗公路122号7幢103室,15,I,65,651,6513,1,1,0,1,0,0,0,0,0,0,0,0,0,吴承博,MOCK_PERSON_0214,陈安博,MOCK_PERSON_0121,MOCK_ORG_SH_JD_07,MOCK_ORG_SH_JD,MOCK_ORG_SH_JD_07,MOCK_ORG_SH_JD,1,1,0,1,1,0,20260411,20250425,20250422,20250424,,50,675002.70000000,10,1,1,1,0,0,0,0,0,20250412,1,1,2784948.00000000,5,0,1,0,0,0,0,1300802.41000000,582167.23000000,552776.92000000,480000.89000000,0,0,0,0,0,0,0,0,0.00000000,0.00000000,0.00000000,0.00000000,0.00000000,0.00000000,0.00000000,0.00000000,0.00000000,20260917,240000.00000000,100800.00000000,0.00000000,0.00000000,0,0,0,0,0,0,0,0,1,0,0,1,0,0,0,,0.00000000,,,0,0,0,0,0,0,40–59,0,0,0,0,0,0,0,0,MOCK_GROUP_28,产业集团28,1,0,12,5,0.00000000,0.00000000,13500.05400000,20260825,15,0,1,1,正常,0,20260917
MOCK_TAG_0943,MOCK_CUST_0943,MOCK_ECIF_0943,杭州翊润食品润有限公司,91330108700009436R,20190624,存续,食品加工、预包装食品销售,1100000.00000000,CNY,341000.00000000,CNY,私人控股,私营有限责任公司,小型,330000,330100,330108,杭州市滨江区江陵路123号8幢104室,79,C,14,149,1499,1,0,0,1,0,0,0,0,0,0,0,0,0,杨安航,MOCK_PERSON_0762,徐启颖,MOCK_PERSON_0556,MOCK_ORG_ZJ_HZ_08,MOCK_ORG_ZJ_HZ,MOCK_ORG_ZJ_HZ_08,MOCK_ORG_ZJ_HZ,0,1,0,1,0,0,,20250817,20250814,,,0,0.00000000,0,0,1,0,0,0,0,0,0,20250810,1,1,2094236.00000000,3,0,1,0,0,0,0,577501.69000000,279848.44000000,265796.34000000,231000.68000000,0,0,0,0,0,0,0,0,0.00000000,0.00000000,0.00000000,0.00000000,0.00000000,0.00000000,0.00000000,0.00000000,0.00000000,20260917,858000.00000000,85800.00000000,0.00000000,0.00000000,0,0,0,0,0,0,0,0,0,0,0,0,0,0,0,,0.00000000,,,0,0,0,0,0,0,,0,0,0,0,0,0,0,0,MOCK_GROUP_20,产业集团20,1,0,12,0,0.00000000,0.00000000,0.00000000,,79,0,1,0,正常,0,20260917
MOCK_TAG_0944,MOCK_CUST_0944,MOCK_ECIF_0944,苏州翊森信息科技润有限公司,91320571700009444C,20051113,存续,软件开发、信息系统集成及技术咨询,4500000.00000000,CNY,2835000.00000000,CNY,私人控股,私营有限责任公司,小型,320000,320500,320571,苏州市工业园区星湖街124号1幢105室,59,I,65,651,6513,1,1,0,1,0,0,0,0,0,0,0,0,0,吴宁颖,MOCK_PERSON_0374,钱文博,MOCK_PERSON_0066,MOCK_ORG_JS_SZ_01,MOCK_ORG_JS_SZ,MOCK_ORG_JS_SZ_01,MOCK_ORG_JS_SZ,0,0,0,1,1,0,,,20230426,20230428,,0,0.00000000,0,0,1,1,0,0,0,0,0,20230416,1,1,1652326.00000000,3,0,1,0,0,0,0,878851.75000000,446638.01000000,434660.18000000,405000.81000000,0,0,0,0,0,0,0,0,0.00000000,0.00000000,0.00000000,0.00000000,0.00000000,0.00000000,0.00000000,0.00000000,0.00000000,20260917,1440000.00000000,446400.00000000,0.00000000,0.00000000,0,0,0,0,0,0,0,0,1,0,0,1,0,0,0,,0.00000000,,,0,0,0,0,0,0,40–59,0,0,0,0,0,0,0,0,MOCK_GROUP_37,产业集团37,1,0,12,0,0.00000000,0.00000000,0.00000000,,59,0,1,1,正常,0,20260917
MOCK_TAG_0945,MOCK_CUST_0945,MOCK_ECIF_0945,杭州翊远供应链润有限公司,91330108700009452F,20141214,存续,仓储服务、国内货物运输代理,12800000.00000000,CNY,11776000.00000000,CNY,私人控股,私营有限责任公司,中型,330000,330100,330108,杭州市滨江区江陵路125号2幢106室,286,G,58,582,5821,1,0,0,1,0,0,0,0,0,0,0,0,0,孙舒颖,MOCK_PERSON_0579,赵博颖,MOCK_PERSON_0561,MOCK_ORG_ZJ_HZ_02,MOCK_ORG_ZJ_HZ,MOCK_ORG_ZJ_HZ_02,MOCK_ORG_ZJ_HZ,1,1,0,1,0,0,20260606,20241210,20241207,,,573,5195202.37000000,191,1,1,0,0,0,0,0,0,20241130,1,1,2582566.00000000,5,0,1,0,0,1,0,6447362.08000000,4026186.58000000,3224758.45000000,2831552.84000000,1,0,0,0,0,0,0,0,6144000.00000000,1703731.20000000,1703731.20000000,4440268.80000000,1703731.20000000,2233916.65000000,1703731.20000000,0.00000000,0.00000000,20260917,11776000.00000000,5082931.20000000,6144000.00000000,1703731.20000000,0,1,0,0,0,0,1,0,0,0,0,0,0,0,0,,0.00000000,,,0,0,0,0,0,0,,0,0,0,0,0,0,0,0,MOCK_GROUP_35,产业集团35,1,0,12,3,0.00000000,0.52173913,9066.67080279,20260820,286,0,1,0,正常,0,20260917
MOCK_TAG_0946,MOCK_CUST_0946,MOCK_ECIF_0946,杭州翊衡信息科技润有限公司,91330108700009460A,20110528,存续,软件开发、信息系统集成及技术咨询,40700000.00000000,CNY,32153000.00000000,CNY,私人控股,私营有限责任公司,中型,330000,330100,330108,杭州市滨江区江陵路126号3幢107室,322,I,65,651,6513,1,1,0,1,0,0,0,0,0,0,0,0,0,钱和航,MOCK_PERSON_0946,钱和航,MOCK_PERSON_0946,MOCK_ORG_ZJ_HZ_03,MOCK_ORG_ZJ_HZ,MOCK_ORG_ZJ_HZ_03,MOCK_ORG_ZJ_HZ,0,1,0,1,1,0,,20250225,20250222,20250224,,0,0.00000000,0,0,1,1,0,0,0,0,0,20250216,1,1,2028208.00000000,4,0,1,0,0,1,0,11396000.89000000,11396000.89000000,11396000.89000000,11396000.89000000,0,0,0,0,0,0,0,0,0.00000000,0.00000000,0.00000000,0.00000000,0.00000000,0.00000000,0.00000000,0.00000000,0.00000000,20260917,9768000.00000000,4297920.00000000,0.00000000,0.00000000,0,0,0,0,0,0,0,0,1,0,0,1,0,0,0,,0.00000000,,,0,0,0,0,0,0,20–39,0,0,0,0,0,0,0,0,,,1,0,12,0,0.00000000,0.00000000,0.00000000,,322,0,1,1,正常,0,20260917
MOCK_TAG_0947,MOCK_CUST_0947,MOCK_ECIF_0947,宁波翊昕食品润有限公司,913302127000094795,20210331,存续,食品加工、预包装食品销售,3400000.00000000,CNY,2380000.00000000,CNY,私人控股,私营有限责任公司,小型,330000,330200,330212,宁波市鄞州区首南东路127号4幢108室,26,C,14,149,1499,1,0,0,1,0,0,0,0,0,0,0,0,0,孙和航,MOCK_PERSON_0947,孙和航,MOCK_PERSON_0947,MOCK_ORG_ZJ_NB_04,MOCK_ORG_ZJ_NB,MOCK_ORG_ZJ_NB_04,MOCK_ORG_ZJ_NB,0,0,0,1,0,0,,,20230721,,,0,0.00000000,0,0,1,0,0,0,0,0,0,20230715,1,1,2076408.00000000,5,0,1,0,0,0,0,1970640.77000000,801932.16000000,747294.21000000,612000.24000000,0,0,0,0,0,0,0,0,0.00000000,0.00000000,0.00000000,0.00000000,0.00000000,0.00000000,0.00000000,0.00000000,0.00000000,20260917,1904000.00000000,1199520.00000000,0.00000000,0.00000000,0,0,0,0,0,0,0,0,0,0,0,0,0,0,0,,0.00000000,,,0,0,0,0,0,0,,0,0,0,0,0,0,0,0,,,1,0,12,0,0.00000000,0.00000000,0.00000000,,26,0,1,0,正常,0,20260917
MOCK_TAG_0948,MOCK_CUST_0948,MOCK_ECIF_0948,杭州翊途医疗科技润有限公司,913301087000094872,20200229,存续,医疗器械研发、技术咨询及销售,4700000.00000000,CNY,2303000.00000000,CNY,私人控股,私营有限责任公司,小型,330000,330100,330108,杭州市滨江区江陵路128号5幢109室,82,C,35,358,3589,1,1,0,1,0,0,0,0,0,0,0,0,0,李和航,MOCK_PERSON_0948,李和航,MOCK_PERSON_0948,MOCK_ORG_ZJ_HZ_05,MOCK_ORG_ZJ_HZ,MOCK_ORG_ZJ_HZ_05,MOCK_ORG_ZJ_HZ,1,0,0,1,1,0,20251211,,20220725,20220727,,693,8063444.21000000,77,1,1,1,0,0,0,0,0,20220722,1,1,2591398.00000000,5,0,1,0,0,0,0,1880000.28000000,3424261.20000000,2980021.76000000,2980021.76000000,1,0,0,0,0,0,0,0,6674000.00000000,0.00000000,0.00000000,6674000.00000000,0.00000000,1544260.92000000,0.00000000,0.00000000,0.00000000,20260917,8084000.00000000,944700.00000000,6674000.00000000,0.00000000,0,0,0,0,0,0,0,0,0,0,0,1,0,0,0,A,2491000.00000000,CNY,嘉禾产业投资01,0,0,0,0,0,0,0–19,0,0,0,0,0,0,0,0,,,1,0,12,9,0.00000000,0.82558140,11635.56163059,20260820,82,0,1,1,正常,0,20260917
MOCK_TAG_0949,MOCK_CUST_0949,MOCK_ECIF_0949,杭州璟川食品润有限公司,91330108700009495W,20091110,存续,食品加工、预包装食品销售,4500000.00000000,CNY,4500000.00000000,CNY,私人控股,私营有限责任公司,小型,330000,330100,330108,杭州市滨江区江陵路129号6幢110室,31,C,14,149,1499,1,0,0,1,0,0,0,0,0,0,0,0,0,周和航,MOCK_PERSON_0949,周和航,MOCK_PERSON_0949,MOCK_ORG_ZJ_HZ_06,MOCK_ORG_ZJ_HZ,MOCK_ORG_ZJ_HZ_06,MOCK_ORG_ZJ_HZ,1,0,0,1,1,0,20251227,,20240311,20240313,,207,1503226.52000000,23,1,1,1,0,0,0,0,0,20240303,1,1,2138396.00000000,4,0,1,0,0,0,0,945000.37000000,1584052.99000000,1449428.42000000,1449428.42000000,1,0,0,0,0,0,0,0,2673000.00000000,0.00000000,0.00000000,2673000.00000000,0.00000000,639052.62000000,0.00000000,0.00000000,0.00000000,20260917,5733000.00000000,826200.00000000,2673000.00000000,0.00000000,0,0,0,0,0,0,0,0,0,0,0,0,0,0,0,,0.00000000,,,0,0,0,0,0,0,,0,0,0,0,0,0,0,0,,,1,0,12,9,171925.42000000,0.46624804,7261.96386473,20260905,31,0,1,1,正常,0,20260917
MOCK_TAG_0950,MOCK_CUST_0950,MOCK_ECIF_0950,宁波璟原食品润有限公司,91330212700009508G,20190907,存续,食品加工、预包装食品销售,1000000.00000000,CNY,700000.00000000,CNY,私人控股,私营有限责任公司,小型,330000,330200,330212,宁波市鄞州区首南东路130号7幢111室,23,C,14,149,1499,1,0,0,1,0,0,0,0,0,0,0,0,0,吴和航,MOCK_PERSON_0950,吴和航,MOCK_PERSON_0950,MOCK_ORG_ZJ_NB_07,MOCK_ORG_ZJ_NB,MOCK_ORG_ZJ_NB_07,MOCK_ORG_ZJ_NB,0,1,0,1,0,0,,20230624,20230621,,,0,0.00000000,0,0,1,0,0,0,0,0,0,20230612,1,1,1713856.00000000,4,0,1,0,0,0,0,130000.14000000,683667.51000000,486996.03000000,486996.03000000,1,0,0,0,0,0,0,0,1520000.00000000,854848.00000000,854848.00000000,665152.00000000,854848.00000000,686455.38000000,854848.00000000,0.00000000,0.00000000,20260917,1710000.00000000,908048.00000000,1520000.00000000,854848.00000000,0,0,0,0,0,0,0,0,0,0,0,0,0,0,0,,0.00000000,,,0,0,0,0,0,0,,0,0,0,0,0,0,0,0,,,1,0,12,0,0.00000000,0.88888889,0.00000000,,23,0,1,0,正常,0,20260917
MOCK_TAG_0951,MOCK_CUST_0951,MOCK_ECIF_0951,上海璟辰供应链润有限公司,913101157000095169,20051015,存续,仓储服务、国内货物运输代理,3400000.00000000,CNY,1836000.00000000,CNY,私人控股,私营有限责任公司,小型,310000,310100,310115,上海市浦东新区金海路131号8幢112室,84,G,58,582,5821,1,0,0,1,0,0,0,0,0,0,0,0,0,郑和航,MOCK_PERSON_0951,郑和航,MOCK_PERSON_0951,MOCK_ORG_SH_PD_08,MOCK_ORG_SH_PD,MOCK_ORG_SH_PD_08,MOCK_ORG_SH_PD,1,1,0,1,1,0,20251015,20220809,20220806,20220808,,759,6309365.20000000,69,1,1,1,0,1,0,0,0,20220804,1,1,2045224.00000000,4,0,1,0,0,0,0,884000.54000000,884000.54000000,884000.54000000,884000.54000000,0,0,0,0,0,0,0,0,0.00000000,0.00000000,0.00000000,0.00000000,0.00000000,0.00000000,0.00000000,0.00000000,0.00000000,20260917,1190000.00000000,499800.00000000,0.00000000,0.00000000,0,0,0,0,0,0,0,0,0,0,0,0,0,0,0,,0.00000000,,,0,0,0,0,0,0,,0,0,0,0,0,0,0,0,MOCK_GROUP_33,产业集团33,1,0,12,11,0.00000000,0.00000000,8312.73412385,20260825,84,0,1,1,正常,0,20260917
MOCK_TAG_0952,MOCK_CUST_0952,MOCK_ECIF_0952,苏州璟宁供应链润有限公司,913205717000095240,20130901,存续,仓储服务、国内货物运输代理,1600000.00000000,CNY,1504000.00000000,CNY,私人控股,私营有限责任公司,小型,320000,320500,320571,苏州市工业园区星湖街132号1幢113室,75,G,58,582,5821,1,0,0,1,0,0,0,0,0,0,0,0,0,吴启颖,MOCK_PERSON_0550,朱和博,MOCK_PERSON_0317,MOCK_ORG_JS_SZ_01,MOCK_ORG_JS_SZ,MOCK_ORG_JS_SZ_01,MOCK_ORG_JS_SZ,1,1,0,1,0,0,20260101,20240321,20240318,,,522,4421924.63000000,58,1,1,0,0,0,0,0,0,20240312,1,1,1472020.00000000,3,0,1,0,0,0,0,1489602.43000000,753921.23000000,711944.17000000,608000.99000000,0,0,0,0,0,0,0,0,0.00000000,0.00000000,0.00000000,0.00000000,0.00000000,0.00000000,0.00000000,0.00000000,0.00000000,20260917,1168000.00000000,840960.00000000,0.00000000,0.00000000,0,0,0,0,0,0,0,0,0,0,0,0,0,0,0,C,1152000.00000000,CNY,嘉禾产业投资05,0,0,0,0,0,0,,0,0,0,0,0,0,0,0,MOCK_GROUP_50,产业集团50,1,0,12,9,408320.45000000,0.00000000,8471.11998084,20260915,75,0,1,0,正常,0,20260917
MOCK_TAG_0953,MOCK_CUST_0953,MOCK_ECIF_0953,宁波璟知食品润有限公司,913302127000095321,20161005,存续,食品加工、预包装食品销售,900000.00000000,CNY,432000.00000000,CNY,私人控股,私营有限责任公司,小型,330000,330200,330212,宁波市鄞州区首南东路133号2幢114室,54,C,14,149,1499,1,0,0,1,0,0,0,0,0,0,0,0,0,陈和航,MOCK_PERSON_0953,陈和航,MOCK_PERSON_0953,MOCK_ORG_ZJ_NB_02,MOCK_ORG_ZJ_NB,MOCK_ORG_ZJ_NB_02,MOCK_ORG_ZJ_NB,1,0,0,1,0,0,20260413,,20241104,,,200,1300001.93000000,40,1,1,0,0,0,0,0,0,20241027,1,1,2458856.00000000,4,0,1,0,0,0,0,513000.30000000,504488.89000000,463885.25000000,463885.25000000,1,0,0,0,0,0,0,0,846000.00000000,149657.40000000,149657.40000000,696342.60000000,149657.40000000,141145.99000000,149657.40000000,0.00000000,0.00000000,20260917,891000.00000000,182507.40000000,846000.00000000,149657.40000000,0,0,0,0,0,0,0,0,0,0,0,0,0,0,0,,0.00000000,,,0,0,0,0,0,0,,0,0,0,0,0,0,0,0,,,1,0,12,5,0.00000000,0.94949495,6500.00965000,20260820,54,0,1,0,正常,0,20260917
MOCK_TAG_0954,MOCK_CUST_0954,MOCK_ECIF_0954,宁波璟禾精密制造润有限公司,91330212700009540U,20171112,存续,工业零部件、自动化设备的研发与制造,4700000.00000000,CNY,3995000.00000000,CNY,私人控股,私营有限责任公司,小型,330000,330200,330212,宁波市鄞州区首南东路134号3幢115室,22,C,34,348,3484,1,0,0,1,0,0,0,0,0,0,0,0,0,杨和航,MOCK_PERSON_0954,杨和航,MOCK_PERSON_0954,MOCK_ORG_ZJ_NB_03,MOCK_ORG_ZJ_NB,MOCK_ORG_ZJ_NB_03,MOCK_ORG_ZJ_NB,0,1,0,1,0,0,,20250610,20250607,,,0,0.00000000,0,0,1,0,0,0,0,0,0,20250603,1,1,2567876.00000000,4,0,1,0,0,0,0,2397000.98000000,2759105.59000000,2488157.15000000,2488157.15000000,1,0,0,0,1,0,0,0,1673200.00000000,579763.80000000,579763.80000000,1093436.20000000,579763.80000000,941868.41000000,579763.80000000,0.00000000,0.00000000,20260917,4117200.00000000,1435163.80000000,1673200.00000000,579763.80000000,0,0,0,0,0,0,0,0,0,0,0,0,0,0,0,,0.00000000,,,0,0,0,0,0,0,,0,0,0,0,0,0,0,0,,,1,0,12,0,0.00000000,0.40639269,0.00000000,,22,0,1,0,正常,0,20260917
MOCK_TAG_0955,MOCK_CUST_0955,MOCK_ECIF_0955,苏州璟润供应链润有限公司,91320571700009559J,20051128,存续,仓储服务、国内货物运输代理,3300000.00000000,CNY,1650000.00000000,CNY,私人控股,私营有限责任公司,小型,320000,320500,320571,苏州市工业园区星湖街135号4幢116室,16,G,58,582,5821,1,0,0,1,0,0,0,0,0,0,0,0,0,黄和航,MOCK_PERSON_0955,黄和航,MOCK_PERSON_0955,MOCK_ORG_JS_SZ_04,MOCK_ORG_JS_SZ,MOCK_ORG_JS_SZ_04,MOCK_ORG_JS_SZ,1,0,0,1,1,0,20260301,,20221117,20221119,,78,657282.63000000,13,1,1,1,0,0,0,0,0,20221110,1,1,1679840.00000000,4,0,1,0,0,0,0,429000.26000000,429000.26000000,429000.26000000,429000.26000000,0,0,0,0,0,0,0,0,0.00000000,0.00000000,0.00000000,0.00000000,0.00000000,0.00000000,0.00000000,0.00000000,0.00000000,20260917,1188000.00000000,368280.00000000,0.00000000,0.00000000,0,0,0,0,0,0,0,0,0,0,0,0,0,0,0,,0.00000000,,,0,0,0,0,0,0,,0,0,0,0,0,0,0,0,,,1,0,12,6,0.00000000,0.00000000,8426.70038462,20260820,16,0,1,1,正常,0,20260917
MOCK_TAG_0956,MOCK_CUST_0956,MOCK_ECIF_0956,上海璟森供应链润有限公司,913101147000095673,20180119,存续,仓储服务、国内货物运输代理,22200000.00000000,CNY,17982000.00000000,CNY,私人控股,私营有限责任公司,中型,310000,310100,310114,上海市嘉定区嘉罗公路136号5幢117室,163,G,58,582,5821,1,0,0,1,0,0,0,0,0,0,0,0,0,徐和航,MOCK_PERSON_0956,徐和航,MOCK_PERSON_0956,MOCK_ORG_SH_JD_05,MOCK_ORG_SH_JD,MOCK_ORG_SH_JD_05,MOCK_ORG_SH_JD,1,1,0,1,0,0,20260530,20240716,20240713,,,644,5448241.41000000,161,1,1,0,0,0,0,0,0,20240705,1,1,2456000.00000000,4,0,1,0,0,1,0,2664000.37000000,6421668.32000000,4574339.07000000,4574339.07000000,1,0,0,0,0,0,0,0,12987000.00000000,4945449.60000000,4945449.60000000,8041550.40000000,4945449.60000000,6430443.12000000,4945449.60000000,0.00000000,0.00000000,20260917,28971000.00000000,13257129.60000000,12987000.00000000,4945449.60000000,0,0,0,0,0,0,0,0,0,0,0,0,0,0,0,,0.00000000,,,0,0,0,0,0,0,,0,0,0,0,0,0,0,0,,,1,0,12,4,1442560.02000000,0.44827586,8460.00218944,20260915,163,0,1,0,正常,0,20260917
MOCK_TAG_0957,MOCK_CUST_0957,MOCK_ECIF_0957,上海璟远精密制造润有限公司,91310114700009575X,20200607,存续,工业零部件、自动化设备的研发与制造,4200000.00000000,CNY,3822000.00000000,CNY,私人控股,私营有限责任公司,小型,310000,310100,310114,上海市嘉定区嘉罗公路137号6幢118室,79,C,34,348,3484,1,0,0,1,0,0,0,0,0,0,0,0,0,朱和航,MOCK_PERSON_0957,朱和航,MOCK_PERSON_0957,MOCK_ORG_SH_JD_06,MOCK_ORG_SH_JD,MOCK_ORG_SH_JD_06,MOCK_ORG_SH_JD,0,1,0,1,0,0,,20221219,20221216,,,0,0.00000000,0,0,1,0,0,0,0,0,0,20221207,1,1,2216030.00000000,4,0,1,0,0,0,0,6275641.37000000,3111380.07000000,2965421.58000000,2604000.57000000,0,0,0,0,0,0,0,0,0.00000000,0.00000000,0.00000000,0.00000000,0.00000000,0.00000000,0.00000000,0.00000000,0.00000000,20260917,1722000.00000000,396060.00000000,0.00000000,0.00000000,0,0,0,0,0,0,0,0,0,0,0,0,0,0,0,,0.00000000,,,0,0,0,0,0,0,,0,0,0,0,0,0,0,0,,,1,0,12,0,0.00000000,0.00000000,0.00000000,,79,0,1,0,正常,0,20260917
MOCK_TAG_0958,MOCK_CUST_0958,MOCK_ECIF_0958,杭州璟衡精密制造润有限公司,91330108700009583B,20111031,存续,工业零部件、自动化设备的研发与制造,14000000.00000000,CNY,14000000.00000000,CNY,私人控股,私营有限责任公司,中型,330000,330100,330108,杭州市滨江区江陵路138号7幢119室,481,C,34,348,3484,1,0,0,1,0,0,0,0,0,0,0,0,0,胡和航,MOCK_PERSON_0958,胡和航,MOCK_PERSON_0958,MOCK_ORG_ZJ_HZ_07,MOCK_ORG_ZJ_HZ,MOCK_ORG_ZJ_HZ_07,MOCK_ORG_ZJ_HZ,1,1,0,1,1,0,20260304,20230723,20230720,20230722,,2568,22737501.88000000,428,1,1,1,0,0,0,0,0,20230711,1,1,2248366.00000000,4,0,1,0,0,1,0,1960000.65000000,2997080.45000000,2134906.62000000,2134906.62000000,1,0,0,0,1,0,0,0,12348000.00000000,1970740.80000000,1970740.80000000,10377259.20000000,1970740.80000000,2997121.76000000,1970740.80000000,0.00000000,0.00000000,20260917,12488000.00000000,1997340.80000000,12348000.00000000,1970740.80000000,0,0,0,0,0,0,0,0,0,0,0,0,0,0,0,,0.00000000,,,0,0,0,0,0,0,,0,0,0,0,0,0,0,0,,,1,0,12,6,0.00000000,0.98878924,8854.16739875,20260820,481,0,1,1,正常,0,20260917
MOCK_TAG_0959,MOCK_CUST_0959,MOCK_ECIF_0959,上海璟昕商贸润有限公司,91310112700009591N,20181107,存续,日用百货、五金及电子产品批发,1600000.00000000,CNY,672000.00000000,CNY,私人控股,私营有限责任公司,小型,310000,310100,310112,上海市闵行区联航路139号8幢120室,24,F,51,513,5135,1,0,0,1,0,0,0,0,0,0,0,0,0,林和航,MOCK_PERSON_0959,林和航,MOCK_PERSON_0959,MOCK_ORG_SH_MH_08,MOCK_ORG_SH_MH,MOCK_ORG_SH_MH_08,MOCK_ORG_SH_MH,1,1,0,1,1,0,20260210,20250604,20250601,20250603,,133,1020302.10000000,19,1,1,1,0,0,0,0,0,20250531,1,1,2402784.00000000,4,0,1,0,0,0,0,592000.23000000,592000.23000000,592000.23000000,592000.23000000,0,0,0,0,0,0,0,0,0.00000000,0.00000000,0.00000000,0.00000000,0.00000000,0.00000000,0.00000000,0.00000000,0.00000000,20260917,1264000.00000000,290720.00000000,0.00000000,0.00000000,0,0,0,0,0,0,0,0,0,0,0,0,0,0,0,,0.00000000,,,0,0,0,0,0,0,,0,0,0,0,0,0,0,0,,,1,0,12,7,0.00000000,0.00000000,7671.44436090,20260825,24,0,1,1,正常,0,20260917
MOCK_TAG_0960,MOCK_CUST_0960,MOCK_ECIF_0960,宁波璟途食品润有限公司,91330212700009604R,20060208,存续,食品加工、预包装食品销售,3700000.00000000,CNY,3700000.00000000,CNY,私人控股,私营有限责任公司,小型,330000,330200,330212,宁波市鄞州区首南东路140号1幢101室,33,C,14,149,1499,1,0,0,1,0,0,0,0,0,0,0,0,0,何和航,MOCK_PERSON_0960,何和航,MOCK_PERSON_0960,MOCK_ORG_ZJ_NB_01,MOCK_ORG_ZJ_NB,MOCK_ORG_ZJ_NB_01,MOCK_ORG_ZJ_NB,1,1,0,0,0,0,20260101,20231025,,,,270,1858355.82000000,30,1,0,0,0,0,0,0,0,20231018,1,1,2509350.00000000,4,0,1,0,0,0,0,2912640.66000000,2418275.01000000,2403812.49000000,2368000.54000000,0,0,0,0,0,0,0,0,0.00000000,0.00000000,0.00000000,0.00000000,0.00000000,0.00000000,0.00000000,0.00000000,0.00000000,20260917,1776000.00000000,408480.00000000,0.00000000,0.00000000,0,0,0,0,0,0,0,0,0,0,0,0,0,0,0,,0.00000000,,,0,0,0,0,0,0,,0,0,0,0,0,0,0,0,,,1,0,12,9,234000.06000000,0.00000000,6882.79933333,20260910,33,0,0,0,正常,0,20260917
MOCK_TAG_0961,MOCK_CUST_0961,MOCK_ECIF_0961,宁波珩川医疗科技润有限公司,91330212700009612L,20170626,存续,医疗器械研发、技术咨询及销售,500000.00000000,CNY,395000.00000000,CNY,私人控股,私营有限责任公司,小型,330000,330200,330212,宁波市鄞州区首南东路141号2幢102室,8,C,35,358,3589,1,1,0,1,0,0,0,0,0,0,0,0,0,赵明悦,MOCK_PERSON_0961,赵明悦,MOCK_PERSON_0961,MOCK_ORG_ZJ_NB_02,MOCK_ORG_ZJ_NB,MOCK_ORG_ZJ_NB_02,MOCK_ORG_ZJ_NB,1,0,0,1,1,0,20250921,,20240110,20240112,,84,980602.00000000,7,1,1,1,0,1,0,0,0,20240106,1,1,2253148.00000000,5,0,1,0,0,0,0,175000.49000000,185630.19000000,169764.81000000,169764.81000000,1,0,0,0,0,0,0,0,154000.00000000,44521.40000000,44521.40000000,109478.60000000,44521.40000000,55151.10000000,44521.40000000,0.00000000,0.00000000,20260917,429000.00000000,83021.40000000,154000.00000000,44521.40000000,0,0,0,0,0,0,0,0,1,0,0,1,0,0,0,C,110000.00000000,CNY,嘉禾产业投资02,0,0,0,0,0,0,60–79,0,0,0,0,0,0,0,0,,,1,0,12,12,70070.86000000,0.35897436,11673.83333333,20260910,8,0,1,1,正常,0,20260917
MOCK_TAG_0962,MOCK_CUST_0962,MOCK_ECIF_0962,苏州珩原商贸润股份有限公司,913205717000096209,20181014,存续,日用百货、五金及电子产品批发,262100000.00000000,CNY,262100000.00000000,CNY,私人控股,私营股份有限公司,大型,320000,320500,320571,苏州市工业园区星湖街142号3幢103室,1860,F,51,513,5135,1,0,0,1,0,0,0,0,0,0,0,0,0,钱明悦,MOCK_PERSON_0962,钱明悦,MOCK_PERSON_0962,MOCK_ORG_JS_SZ_03,MOCK_ORG_JS_SZ,MOCK_ORG_JS_SZ_03,MOCK_ORG_JS_SZ,0,0,0,1,1,1,,,20240918,20240920,20240922,0,0.00000000,0,0,1,1,0,0,0,0,0,20240908,1,1,2159856.00000000,4,0,1,0,0,0,0,55041001.40000000,78588652.84000000,55980958.19000000,52555706.05000000,1,0,0,0,0,0,0,0,243753000.00000000,87068571.60000000,87068571.60000000,156684428.40000000,87068571.60000000,73994035.68000000,87068571.60000000,0.00000000,0.00000000,20260917,251616000.00000000,92729931.60000000,243753000.00000000,87068571.60000000,0,0,0,0,0,0,0,0,0,0,0,0,0,0,0,,0.00000000,,,1,0,0,0,0,0,,0,0,0,0,0,0,0,0,,,1,0,12,0,0.00000000,0.96875000,0.00000000,,1860,0,1,1,正常,0,20260917
MOCK_TAG_0963,MOCK_CUST_0963,MOCK_ECIF_0963,苏州珩辰医疗科技润有限公司,913205717000096396,20180530,存续,医疗器械研发、技术咨询及销售,4900000.00000000,CNY,4704000.00000000,CNY,私人控股,私营有限责任公司,小型,320000,320500,320571,苏州市工业园区星湖街143号4幢104室,42,C,35,358,3589,1,1,0,1,0,0,0,0,0,0,0,0,0,孙明悦,MOCK_PERSON_0963,孙明悦,MOCK_PERSON_0963,MOCK_ORG_JS_SZ_04,MOCK_ORG_JS_SZ,MOCK_ORG_JS_SZ_04,MOCK_ORG_JS_SZ,0,1,0,1,1,0,,20250425,20250422,20250424,,0,0.00000000,0,0,1,1,0,0,0,0,0,20250415,1,1,1864800.00000000,4,0,1,0,0,0,0,2445590.48000000,1647297.40000000,1610390.02000000,1519000.30000000,0,0,0,0,0,0,0,0,0.00000000,0.00000000,0.00000000,0.00000000,0.00000000,0.00000000,0.00000000,0.00000000,0.00000000,20260917,2352000.00000000,1599360.00000000,0.00000000,0.00000000,0,0,0,0,0,0,0,0,1,0,0,1,0,0,0,,0.00000000,,,0,0,0,0,0,0,60–79,0,0,0,0,0,0,0,0,,,1,0,12,0,0.00000000,0.00000000,0.00000000,,42,0,1,1,正常,0,20260917
MOCK_TAG_0964,MOCK_CUST_0964,MOCK_ECIF_0964,上海珩宁商贸润有限公司,91310112700009647R,20151219,存续,日用百货、五金及电子产品批发,2200000.00000000,CNY,1166000.00000000,CNY,私人控股,私营有限责任公司,小型,310000,310100,310112,上海市闵行区联航路144号5幢105室,30,F,51,513,5135,1,0,0,1,0,0,0,0,0,0,0,0,0,李明悦,MOCK_PERSON_0964,李明悦,MOCK_PERSON_0964,MOCK_ORG_SH_MH_05,MOCK_ORG_SH_MH,MOCK_ORG_SH_MH_05,MOCK_ORG_SH_MH,1,0,0,1,1,0,20260425,,20220821,20220823,,135,1061102.34000000,27,1,1,1,0,0,0,0,0,20220820,1,1,2112220.00000000,4,0,1,0,0,0,0,638000.90000000,625166.11000000,531083.42000000,531083.42000000,1,0,0,0,0,0,0,0,1355200.00000000,339884.16000000,339884.16000000,1015315.84000000,339884.16000000,327049.37000000,339884.16000000,0.00000000,0.00000000,20260917,1531200.00000000,366284.16000000,1355200.00000000,339884.16000000,0,0,0,0,0,0,0,0,0,0,0,0,0,0,0,C,1672000.00000000,CNY,嘉禾产业投资05,0,0,0,0,0,0,,0,0,0,0,0,0,0,0,,,1,0,12,5,202500.06000000,0.88505747,7860.01733333,20260905,30,0,1,1,正常,0,20260917
MOCK_TAG_0965,MOCK_CUST_0965,MOCK_ECIF_0965,上海珩知食品润有限公司,91310114700009655H,20160308,存续,食品加工、预包装食品销售,1700000.00000000,CNY,1037000.00000000,CNY,私人控股,私营有限责任公司,小型,310000,310100,310114,上海市嘉定区嘉罗公路145号6幢106室,80,C,14,149,1499,1,0,0,1,0,0,0,0,0,0,0,0,0,周明悦,MOCK_PERSON_0965,周明悦,MOCK_PERSON_0965,MOCK_ORG_SH_JD_06,MOCK_ORG_SH_JD,MOCK_ORG_SH_JD_06,MOCK_ORG_SH_JD,0,0,0,1,1,0,,,20221025,20221027,,0,0.00000000,0,0,1,1,0,0,0,0,0,20221019,1,1,2529076.00000000,4,0,1,0,0,0,0,1868640.55000000,900142.42000000,875937.13000000,816000.24000000,0,0,0,0,0,0,0,0,0.00000000,0.00000000,0.00000000,0.00000000,0.00000000,0.00000000,0.00000000,0.00000000,0.00000000,20260917,816000.00000000,350880.00000000,0.00000000,0.00000000,0,0,0,0,0,0,0,0,0,0,0,0,0,0,0,,0.00000000,,,0,0,0,0,0,0,,0,0,0,0,0,0,0,0,,,1,0,12,0,0.00000000,0.00000000,0.00000000,,80,0,1,1,正常,0,20260917
MOCK_TAG_0966,MOCK_CUST_0966,MOCK_ECIF_0966,宁波珩禾供应链润有限公司,91330212700009663W,20191006,存续,仓储服务、国内货物运输代理,2900000.00000000,CNY,1624000.00000000,CNY,私人控股,私营有限责任公司,小型,330000,330200,330212,宁波市鄞州区首南东路146号7幢107室,30,G,58,582,5821,1,0,0,1,0,0,0,0,0,0,0,0,0,吴明悦,MOCK_PERSON_0966,吴明悦,MOCK_PERSON_0966,MOCK_ORG_ZJ_NB_07,MOCK_ORG_ZJ_NB,MOCK_ORG_ZJ_NB_07,MOCK_ORG_ZJ_NB,0,1,0,1,0,0,,20240929,20240926,,,0,0.00000000,0,0,1,0,0,0,0,0,0,20240922,1,1,2710322.00000000,4,0,1,0,0,0,0,1160000.84000000,1160924.27000000,1028073.49000000,1028073.49000000,1,0,0,0,0,0,0,0,1624000.00000000,460891.20000000,460891.20000000,1163108.80000000,460891.20000000,461814.63000000,460891.20000000,0.00000000,0.00000000,20260917,2030000.00000000,672011.20000000,1624000.00000000,460891.20000000,0,1,0,0,0,0,1,0,0,0,0,0,0,0,0,,0.00000000,,,0,0,0,0,0,0,,0,0,0,0,0,0,0,0,,,1,0,12,0,0.00000000,0.80000000,0.00000000,,30,0,1,0,正常,0,20260917
MOCK_TAG_0967,MOCK_CUST_0967,MOCK_ECIF_0967,上海珩润食品润有限公司,91310112700009671A,20071218,存续,食品加工、预包装食品销售,26900000.00000000,CNY,8608000.00000000,CNY,私人控股,私营有限责任公司,中型,310000,310100,310112,上海市闵行区联航路147号8幢108室,154,C,14,149,1499,1,0,0,1,0,0,0,0,0,0,0,0,0,郑明悦,MOCK_PERSON_0967,郑明悦,MOCK_PERSON_0967,MOCK_ORG_SH_MH_08,MOCK_ORG_SH_MH,MOCK_ORG_SH_MH_08,MOCK_ORG_SH_MH,1,1,0,1,0,0,20251012,20230626,20230623,,,1639,12072358.63000000,149,1,1,0,0,0,0,0,0,20230615,1,1,2594938.00000000,4,0,1,0,0,1,0,49044081.30000000,22380245.98000000,20043421.91000000,15767103.00000000,1,0,0,0,0,0,0,0,13772800.00000000,0.00000000,0.00000000,13772800.00000000,0.00000000,2119951.75000000,0.00000000,0.00000000,0.00000000,20260917,18076800.00000000,1248160.00000000,13772800.00000000,0.00000000,0,0,0,0,0,0,0,0,0,0,0,0,0,0,0,,0.00000000,,,0,0,0,0,0,0,,0,0,0,0,0,0,0,0,,,1,0,12,11,0.00000000,0.76190476,7365.68555827,20260820,154,0,1,0,正常,0,20260917
MOCK_TAG_0968,MOCK_CUST_0968,MOCK_ECIF_0968,上海珩森精密制造润有限公司,9131011570000968XD,20220824,存续,工业零部件、自动化设备的研发与制造,4800000.00000000,CNY,4128000.00000000,CNY,私人控股,私营有限责任公司,小型,310000,310100,310115,上海市浦东新区金海路148号1幢109室,33,C,34,348,3484,1,0,0,1,0,0,0,0,0,0,0,0,0,王明悦,MOCK_PERSON_0968,王明悦,MOCK_PERSON_0968,MOCK_ORG_SH_PD_01,MOCK_ORG_SH_PD,MOCK_ORG_SH_PD_01,MOCK_ORG_SH_PD,1,0,0,0,0,1,20260519,,,,20240719,128,1120641.52000000,32,1,0,0,0,0,0,0,0,20240711,1,1,1648550.00000000,3,0,1,0,0,0,0,4879680.54000000,1919483.29000000,1836782.67000000,1632000.18000000,0,0,0,0,0,0,0,0,0.00000000,0.00000000,0.00000000,0.00000000,0.00000000,0.00000000,0.00000000,0.00000000,0.00000000,20260917,2976000.00000000,357120.00000000,0.00000000,0.00000000,0,0,0,0,0,0,0,0,0,0,0,0,0,0,0,,0.00000000,,,0,0,0,0,0,0,,0,0,0,0,0,0,0,0,,,1,0,12,4,323680.15000000,0.00000000,8755.01187500,20260905,33,0,0,0,正常,0,20260917
MOCK_TAG_0969,MOCK_CUST_0969,MOCK_ECIF_0969,上海珩远商贸润有限公司,91310115700009698D,20070818,存续,日用百货、五金及电子产品批发,3900000.00000000,CNY,3315000.00000000,CNY,私人控股,私营有限责任公司,小型,310000,310100,310115,上海市浦东新区金海路149号2幢110室,50,F,51,513,5135,1,0,0,1,0,0,0,0,0,0,0,0,0,陈明悦,MOCK_PERSON_0969,陈明悦,MOCK_PERSON_0969,MOCK_ORG_SH_PD_02,MOCK_ORG_SH_PD,MOCK_ORG_SH_PD_02,MOCK_ORG_SH_PD,0,1,0,0,0,0,,20221113,,,,0,0.00000000,0,0,0,0,0,0,0,0,0,20221104,1,1,1876594.00000000,3,0,1,0,0,0,0,3585270.80000000,3062340.05000000,2181392.91000000,2040591.12000000,1,0,0,0,0,0,0,0,5460000.00000000,2522520.00000000,2522520.00000000,2937480.00000000,2522520.00000000,2870028.00000000,2522520.00000000,0.00000000,0.00000000,20260917,7410000.00000000,2932020.00000000,5460000.00000000,2522520.00000000,0,0,0,0,0,0,0,0,0,0,0,0,0,0,0,A,2769000.00000000,CNY,嘉禾产业投资10,0,0,0,0,0,0,,0,0,0,0,0,0,0,0,,,1,0,12,0,0.00000000,0.73684211,0.00000000,,50,0,0,0,正常,0,20260917
MOCK_TAG_0970,MOCK_CUST_0970,MOCK_ECIF_0970,上海珩衡供应链润有限公司,91310114700009700J,20230816,存续,仓储服务、国内货物运输代理,700000.00000000,CNY,483000.00000000,CNY,私人控股,私营有限责任公司,小型,310000,310100,310114,上海市嘉定区嘉罗公路150号3幢111室,69,G,58,582,5821,1,0,0,1,0,0,0,0,0,0,0,0,0,杨明悦,MOCK_PERSON_0970,杨明悦,MOCK_PERSON_0970,MOCK_ORG_SH_JD_03,MOCK_ORG_SH_JD,MOCK_ORG_SH_JD_03,MOCK_ORG_SH_JD,1,1,0,1,0,0,20251028,20250401,20250329,,,495,4374004.49000000,45,1,1,0,0,0,0,0,0,20250328,1,1,2585434.00000000,4,0,1,0,0,0,0,105000.59000000,105000.59000000,105000.59000000,105000.59000000,0,0,0,0,0,0,0,0,0.00000000,0.00000000,0.00000000,0.00000000,0.00000000,0.00000000,0.00000000,0.00000000,0.00000000,20260917,14000.00000000,5180.00000000,0.00000000,0.00000000,0,0,0,0,0,0,0,0,0,0,0,0,0,0,0,,0.00000000,,,0,0,0,0,0,0,,0,0,0,0,0,0,0,0,,,1,0,12,11,410400.24000000,0.00000000,8836.37270707,20260905,69,0,1,0,正常,0,20260917
MOCK_TAG_0971,MOCK_CUST_0971,MOCK_ECIF_0971,上海珩昕信息科技润有限公司,91310112700009719J,20100807,存续,软件开发、信息系统集成及技术咨询,4900000.00000000,CNY,4802000.00000000,CNY,私人控股,私营有限责任公司,小型,310000,310100,310112,上海市闵行区联航路151号4幢112室,77,I,65,651,6513,1,1,0,1,0,0,0,0,0,0,0,0,0,徐明航,MOCK_PERSON_0652,黄明博,MOCK_PERSON_0011,MOCK_ORG_SH_MH_04,MOCK_ORG_SH_MH,MOCK_ORG_SH_MH_04,MOCK_ORG_SH_MH,1,0,0,1,1,0,20251107,,20231124,20231126,,520,7046004.59000000,52,1,1,1,0,1,0,0,0,20231119,1,1,1822724.00000000,3,0,1,0,0,0,0,784000.18000000,1618528.92000000,1152924.71000000,1152924.71000000,1,0,0,0,0,0,0,0,7996800.00000000,2120751.36000000,2120751.36000000,5876048.64000000,2120751.36000000,1623670.27000000,2120751.36000000,0.00000000,0.00000000,20260917,9025800.00000000,2573511.36000000,7996800.00000000,2120751.36000000,0,0,0,0,0,0,0,0,1,0,0,1,0,0,0,,0.00000000,,,0,0,0,0,0,0,20–39,0,0,0,0,0,0,0,0,MOCK_GROUP_27,产业集团27,1,0,12,10,0.00000000,0.88599349,13550.00882692,20260820,77,0,1,1,正常,0,20260917
MOCK_TAG_0972,MOCK_CUST_0972,MOCK_ECIF_0972,上海珩途医疗科技润有限公司,91310112700009727D,20041215,存续,医疗器械研发、技术咨询及销售,1800000.00000000,CNY,990000.00000000,CNY,私人控股,私营有限责任公司,小型,310000,310100,310112,上海市闵行区联航路152号5幢113室,33,C,35,358,3589,1,1,0,1,0,0,0,0,0,0,0,0,0,徐明悦,MOCK_PERSON_0972,徐明悦,MOCK_PERSON_0972,MOCK_ORG_SH_MH_05,MOCK_ORG_SH_MH,MOCK_ORG_SH_MH_05,MOCK_ORG_SH_MH,0,1,0,0,1,0,,20220617,,20220616,,0,0.00000000,0,0,0,1,0,0,0,0,0,20220604,1,1,2387568.00000000,4,0,1,0,0,0,0,712980.91000000,372025.86000000,353032.23000000,306000.39000000,0,0,0,0,0,0,0,0,0.00000000,0.00000000,0.00000000,0.00000000,0.00000000,0.00000000,0.00000000,0.00000000,0.00000000,20260917,792000.00000000,411840.00000000,0.00000000,0.00000000,0,0,0,0,0,0,0,0,1,0,0,1,0,0,0,,0.00000000,,,0,0,0,0,0,0,40–59,0,0,0,0,0,0,0,0,,,1,0,12,0,0.00000000,0.00000000,0.00000000,,33,0,0,1,正常,0,20260917
MOCK_TAG_0973,MOCK_CUST_0973,MOCK_ECIF_0973,苏州颂川医疗科技润有限公司,91320571700009735F,20190721,存续,医疗器械研发、技术咨询及销售,22300000.00000000,CNY,17394000.00000000,CNY,私人控股,私营有限责任公司,中型,320000,320500,320571,苏州市工业园区星湖街153号6幢114室,299,C,35,358,3589,1,1,0,1,0,0,0,0,0,0,0,0,0,朱明悦,MOCK_PERSON_0973,朱明悦,MOCK_PERSON_0973,MOCK_ORG_JS_SZ_06,MOCK_ORG_JS_SZ,MOCK_ORG_JS_SZ_06,MOCK_ORG_JS_SZ,1,1,0,1,0,0,20260625,20240728,20240725,,,825,8772502.36000000,275,1,1,0,0,0,0,0,0,20240722,1,1,2355642.00000000,4,0,1,0,0,1,0,10035000.12000000,10035000.12000000,10035000.12000000,10035000.12000000,0,0,0,0,0,0,0,0,0.00000000,0.00000000,0.00000000,0.00000000,0.00000000,0.00000000,0.00000000,0.00000000,0.00000000,20260917,14941000.00000000,6723450.00000000,0.00000000,0.00000000,0,0,0,0,0,0,0,0,1,0,0,1,0,0,0,,0.00000000,,,0,0,0,0,0,0,20–39,0,0,0,0,0,0,0,0,,,1,0,12,3,2994750.93000000,0.00000000,10633.33619394,20260915,299,0,1,0,正常,0,20260917
MOCK_TAG_0974,MOCK_CUST_0974,MOCK_ECIF_0974,上海颂原信息科技润有限公司,91310115700009743E,20141009,存续,软件开发、信息系统集成及技术咨询,900000.00000000,CNY,423000.00000000,CNY,私人控股,私营有限责任公司,小型,310000,310100,310115,上海市浦东新区金海路154号7幢115室,27,I,65,651,6513,1,1,0,1,0,0,0,0,0,0,0,0,0,胡明悦,MOCK_PERSON_0974,胡明悦,MOCK_PERSON_0974,MOCK_ORG_SH_PD_07,MOCK_ORG_SH_PD,MOCK_ORG_SH_PD_07,MOCK_ORG_SH_PD,0,0,0,1,1,0,,,20221123,20221125,,0,0.00000000,0,0,1,1,0,0,0,0,0,20221117,1,1,2419488.00000000,4,0,1,0,0,0,0,243000.04000000,243000.04000000,243000.04000000,243000.04000000,0,0,0,0,0,0,0,0,0.00000000,0.00000000,0.00000000,0.00000000,0.00000000,0.00000000,0.00000000,0.00000000,0.00000000,20260917,72000.00000000,49680.00000000,0.00000000,0.00000000,0,0,0,0,0,0,0,0,0,0,0,1,0,0,0,,0.00000000,,,0,0,0,0,0,0,0–19,0,0,0,0,0,0,0,0,,,1,0,12,0,0.00000000,0.00000000,0.00000000,,27,0,1,1,正常,0,20260917
MOCK_TAG_0975,MOCK_CUST_0975,MOCK_ECIF_0975,上海颂辰商贸润有限公司,91310114700009751T,20120608,存续,日用百货、五金及电子产品批发,30700000.00000000,CNY,12894000.00000000,CNY,私人控股,私营有限责任公司,中型,310000,310100,310114,上海市嘉定区嘉罗公路155号8幢116室,419,F,51,513,5135,1,0,0,1,0,0,0,0,0,0,0,0,0,林明悦,MOCK_PERSON_0975,林明悦,MOCK_PERSON_0975,MOCK_ORG_SH_JD_08,MOCK_ORG_SH_JD,MOCK_ORG_SH_JD_08,MOCK_ORG_SH_JD,0,0,0,0,0,0,,,,,,0,0.00000000,0,0,0,0,0,0,0,0,0,20240204,1,1,2614080.00000000,4,0,1,0,0,1,0,13759740.63000000,11796725.20000000,8712383.97000000,8149186.14000000,1,0,0,0,0,0,0,0,24345100.00000000,7323006.08000000,7323006.08000000,17022093.92000000,7323006.08000000,10040087.78000000,7323006.08000000,0.00000000,0.00000000,20260917,40002100.00000000,14525226.08000000,24345100.00000000,7323006.08000000,0,0,0,0,0,0,0,0,0,0,0,0,0,0,0,,0.00000000,,,0,0,0,0,0,0,,0,0,0,0,0,0,0,0,,,1,0,12,0,0.00000000,0.60859555,0.00000000,,419,0,0,0,正常,0,20260917
MOCK_TAG_0976,MOCK_CUST_0976,MOCK_ECIF_0976,宁波颂宁商贸润有限公司,9133021270000976X3,20111129,存续,日用百货、五金及电子产品批发,29700000.00000000,CNY,27621000.00000000,CNY,私人控股,私营有限责任公司,中型,330000,330200,330212,宁波市鄞州区首南东路156号1幢117室,361,F,51,513,5135,1,0,0,1,0,0,0,0,0,0,0,0,0,何明悦,MOCK_PERSON_0976,何明悦,MOCK_PERSON_0976,MOCK_ORG_ZJ_NB_01,MOCK_ORG_ZJ_NB,MOCK_ORG_ZJ_NB_01,MOCK_ORG_ZJ_NB,1,0,0,1,0,1,20260218,,20230312,,20230316,1939,14397078.20000000,277,1,1,0,0,0,0,0,0,20230305,1,1,2512038.00000000,5,0,1,0,0,1,0,26943840.60000000,17086364.69000000,16272150.28000000,14256000.32000000,0,0,0,0,0,0,0,0,0.00000000,0.00000000,0.00000000,0.00000000,0.00000000,0.00000000,0.00000000,0.00000000,0.00000000,20260917,4455000.00000000,1871100.00000000,0.00000000,0.00000000,0,0,0,0,0,0,0,0,0,0,0,0,0,0,0,,0.00000000,,,0,0,0,0,0,0,,0,0,0,0,0,0,0,0,,,1,0,12,7,1786650.71000000,0.00000000,7425.00165034,20260905,361,0,1,0,正常,0,20260917
MOCK_TAG_0977,MOCK_CUST_0977,MOCK_ECIF_0977,上海颂知供应链润有限公司,91310114700009778J,20160513,存续,仓储服务、国内货物运输代理,4600000.00000000,CNY,1932000.00000000,CNY,私人控股,私营有限责任公司,小型,310000,310100,310114,上海市嘉定区嘉罗公路157号2幢118室,71,G,58,582,5821,1,0,0,1,0,0,0,0,0,0,0,0,0,赵远悦,MOCK_PERSON_0977,赵远悦,MOCK_PERSON_0977,MOCK_ORG_SH_JD_02,MOCK_ORG_SH_JD,MOCK_ORG_SH_JD_02,MOCK_ORG_SH_JD,0,1,0,1,1,0,,20220918,20220915,20220917,,0,0.00000000,0,0,1,1,0,0,0,0,0,20220913,1,1,1475452.00000000,4,0,1,0,0,0,0,4377361.17000000,3132360.22000000,3038475.99000000,2806000.75000000,0,0,0,0,0,0,0,0,0.00000000,0.00000000,0.00000000,0.00000000,0.00000000,0.00000000,0.00000000,0.00000000,0.00000000,20260917,1610000.00000000,257600.00000000,0.00000000,0.00000000,0,0,0,0,0,0,0,0,0,0,0,0,0,0,0,,0.00000000,,,0,0,0,0,0,0,,0,0,0,0,0,0,0,0,,,1,0,12,0,0.00000000,0.00000000,0.00000000,,71,0,1,1,正常,0,20260917
MOCK_TAG_0978,MOCK_CUST_0978,MOCK_ECIF_0978,上海颂禾食品润有限公司,91310115700009786U,20111225,存续,食品加工、预包装食品销售,4100000.00000000,CNY,2747000.00000000,CNY,私人控股,私营有限责任公司,小型,310000,310100,310115,上海市浦东新区金海路158号3幢119室,58,C,14,149,1499,1,0,0,1,0,0,0,0,0,0,0,0,0,钱远悦,MOCK_PERSON_0978,钱远悦,MOCK_PERSON_0978,MOCK_ORG_SH_PD_03,MOCK_ORG_SH_PD,MOCK_ORG_SH_PD_03,MOCK_ORG_SH_PD,1,1,0,1,0,0,20260312,20241210,20241207,,,270,1807653.94000000,45,1,1,0,0,0,0,0,0,20241127,1,1,1945930.00000000,4,0,1,0,0,0,0,5077442.02000000,2138005.77000000,2089100.23000000,1968000.78000000,0,0,0,0,0,0,0,0,0.00000000,0.00000000,0.00000000,0.00000000,0.00000000,0.00000000,0.00000000,0.00000000,0.00000000,20260917,2870000.00000000,832300.00000000,0.00000000,0.00000000,0,0,0,0,0,0,0,0,0,0,0,0,0,0,0,,0.00000000,,,0,0,0,0,0,0,,0,0,0,0,0,0,0,0,,,1,0,12,6,0.00000000,0.00000000,6695.01459259,20260825,58,0,1,0,正常,0,20260917
MOCK_TAG_0979,MOCK_CUST_0979,MOCK_ECIF_0979,上海颂润商贸润有限公司,913101147000097948,20110630,存续,日用百货、五金及电子产品批发,7300000.00000000,CNY,6570000.00000000,CNY,私人控股,私营有限责任公司,中型,310000,310100,310114,上海市嘉定区嘉罗公路159号4幢120室,464,F,51,513,5135,1,0,0,1,0,0,0,0,0,0,0,0,0,孙远悦,MOCK_PERSON_0979,孙远悦,MOCK_PERSON_0979,MOCK_ORG_SH_JD_04,MOCK_ORG_SH_JD,MOCK_ORG_SH_JD_04,MOCK_ORG_SH_JD,0,0,0,1,1,0,,,20221027,20221029,,0,0.00000000,0,0,1,1,0,0,0,0,0,20221022,1,1,2040858.00000000,4,0,1,0,0,1,0,11995360.73000000,5004150.30000000,4656600.28000000,3796000.23000000,0,0,0,0,0,0,0,0,0.00000000,0.00000000,0.00000000,0.00000000,0.00000000,0.00000000,0.00000000,0.00000000,0.00000000,20260917,292000.00000000,160600.00000000,0.00000000,0.00000000,0,0,0,0,0,0,0,0,0,0,0,0,0,0,0,B,4964000.00000000,CNY,嘉禾产业投资08,0,0,0,0,0,0,,0,0,0,0,0,0,0,0,,,1,0,12,0,0.00000000,0.00000000,0.00000000,,464,0,1,1,正常,0,20260917
MOCK_TAG_0980,MOCK_CUST_0980,MOCK_ECIF_0980,上海颂森信息科技润有限公司,91310115700009807C,20200918,存续,软件开发、信息系统集成及技术咨询,800000.00000000,CNY,480000.00000000,CNY,私人控股,私营有限责任公司,小型,310000,310100,310115,上海市浦东新区金海路160号5幢101室,78,I,65,651,6513,1,1,0,1,0,0,0,0,0,0,0,0,0,李远悦,MOCK_PERSON_0980,李远悦,MOCK_PERSON_0980,MOCK_ORG_SH_PD_05,MOCK_ORG_SH_PD,MOCK_ORG_SH_PD_05,MOCK_ORG_SH_PD,0,0,0,1,1,0,,,20220813,20220815,,0,0.00000000,0,0,1,1,0,0,0,0,0,20220808,1,1,1867328.00000000,4,0,1,0,0,0,0,843760.68000000,465943.76000000,453877.84000000,424000.34000000,0,0,0,0,0,0,0,0,0.00000000,0.00000000,0.00000000,0.00000000,0.00000000,0.00000000,0.00000000,0.00000000,0.00000000,20260917,456000.00000000,91200.00000000,0.00000000,0.00000000,0,0,0,0,0,0,0,0,0,0,0,1,0,0,0,B,288000.00000000,CNY,嘉禾产业投资09,0,0,0,0,0,0,0–19,0,0,0,0,0,0,0,0,,,1,0,12,0,0.00000000,0.00000000,0.00000000,,78,0,1,1,正常,0,20260917
MOCK_TAG_0981,MOCK_CUST_0981,MOCK_ECIF_0981,上海颂远信息科技润有限公司,91310112700009815U,20170117,存续,软件开发、信息系统集成及技术咨询,3300000.00000000,CNY,2508000.00000000,CNY,私人控股,私营有限责任公司,小型,310000,310100,310112,上海市闵行区联航路161号6幢102室,64,I,65,651,6513,1,1,0,1,0,0,0,0,0,0,0,0,0,周远悦,MOCK_PERSON_0981,周远悦,MOCK_PERSON_0981,MOCK_ORG_SH_MH_06,MOCK_ORG_SH_MH,MOCK_ORG_SH_MH_06,MOCK_ORG_SH_MH,0,1,0,1,0,0,,20240427,20240424,,,0,0.00000000,0,0,1,0,0,1,0,0,0,20240420,1,1,1976300.00000000,4,0,1,0,0,0,0,462000.08000000,1965073.15000000,1522581.53000000,1522581.53000000,1,0,0,0,0,0,0,0,5082000.00000000,1444304.40000000,1444304.40000000,3637695.60000000,1444304.40000000,1968851.24000000,1444304.40000000,0.00000000,0.00000000,20260917,7656000.00000000,2654084.40000000,5082000.00000000,1444304.40000000,0,0,0,0,0,0,0,0,1,0,0,1,0,0,0,,0.00000000,,,0,0,0,0,0,0,0–19,0,0,0,0,0,0,0,0,,,1,0,12,0,0.00000000,0.66379310,0.00000000,,64,0,1,0,正常,0,20260917
MOCK_TAG_0982,MOCK_CUST_0982,MOCK_ECIF_0982,上海颂衡精密制造润有限公司,91310112700009823N,20141216,存续,工业零部件、自动化设备的研发与制造,2700000.00000000,CNY,1890000.00000000,CNY,私人控股,私营有限责任公司,小型,310000,310100,310112,上海市闵行区联航路162号7幢103室,10,C,34,348,3484,1,0,0,1,0,0,0,0,0,0,0,0,0,吴远悦,MOCK_PERSON_0982,吴远悦,MOCK_PERSON_0982,MOCK_ORG_SH_MH_07,MOCK_ORG_SH_MH,MOCK_ORG_SH_MH_07,MOCK_ORG_SH_MH,0,0,0,1,1,0,,,20260624,20260626,,0,0.00000000,0,0,1,1,0,0,0,0,0,20260614,1,1,1077100.00000000,1,0,1,0,0,0,0,270000.70000000,99692.57000000,71013.88000000,71013.88000000,0,0,0,0,0,0,0,0,0.00000000,0.00000000,0.00000000,0.00000000,0.00000000,0.00000000,0.00000000,0.00000000,0.00000000,20260917,1620000.00000000,712800.00000000,0.00000000,0.00000000,0,0,0,0,0,0,0,0,0,0,0,0,0,0,0,,0.00000000,,,0,0,0,0,0,0,,0,0,0,0,0,0,0,0,,,0,0,4,0,0.00000000,0.00000000,0.00000000,,10,0,1,1,正常,0,20260917
MOCK_TAG_0983,MOCK_CUST_0983,MOCK_ECIF_0983,杭州颂昕食品润有限公司,913301087000098311,20140109,存续,食品加工、预包装食品销售,1500000.00000000,CNY,975000.00000000,CNY,私人控股,私营有限责任公司,小型,330000,330100,330108,杭州市滨江区江陵路163号8幢104室,67,C,14,149,1499,1,0,0,1,0,0,0,0,0,0,0,0,0,郑远悦,MOCK_PERSON_0983,郑远悦,MOCK_PERSON_0983,MOCK_ORG_ZJ_HZ_08,MOCK_ORG_ZJ_HZ,MOCK_ORG_ZJ_HZ_08,MOCK_ORG_ZJ_HZ,1,1,0,1,1,0,20251031,20230919,20230916,20230918,,600,4122304.78000000,60,1,1,1,0,0,0,0,0,20230913,1,1,1900630.00000000,4,0,1,0,0,0,0,960000.85000000,998110.60000000,835901.78000000,835901.78000000,1,0,0,0,0,0,0,0,1189500.00000000,525759.00000000,525759.00000000,663741.00000000,525759.00000000,563868.75000000,525759.00000000,0.00000000,0.00000000,20260917,1894500.00000000,1047459.00000000,1189500.00000000,525759.00000000,0,0,0,0,0,0,0,0,0,0,0,0,0,0,0,,0.00000000,,,0,0,0,0,0,0,,0,0,0,0,0,0,0,0,,,1,0,12,10,0.00000000,0.62787015,6870.50796667,20260820,67,0,1,1,正常,0,20260917
MOCK_TAG_0984,MOCK_CUST_0984,MOCK_ECIF_0984,宁波颂途精密制造润有限公司,9133021270000984XN,20160309,存续,工业零部件、自动化设备的研发与制造,4400000.00000000,CNY,1320000.00000000,CNY,私人控股,私营有限责任公司,小型,330000,330200,330212,宁波市鄞州区首南东路164号1幢105室,71,C,34,348,3484,1,0,0,1,0,0,0,0,0,0,0,0,0,王远悦,MOCK_PERSON_0984,王远悦,MOCK_PERSON_0984,MOCK_ORG_ZJ_NB_01,MOCK_ORG_ZJ_NB,MOCK_ORG_ZJ_NB_01,MOCK_ORG_ZJ_NB,1,0,0,1,0,1,20260109,,20220804,,20220808,416,3858664.57000000,52,1,1,0,0,0,0,0,0,20220726,1,1,2260322.00000000,4,0,1,0,0,0,0,3178560.07000000,1878492.04000000,1869720.37000000,1848000.04000000,0,0,0,0,0,0,0,0,0.00000000,0.00000000,0.00000000,0.00000000,0.00000000,0.00000000,0.00000000,0.00000000,0.00000000,20260917,264000.00000000,76560.00000000,0.00000000,0.00000000,0,0,0,0,0,0,0,0,0,0,0,0,0,0,0,,0.00000000,,,0,0,0,0,0,0,,0,0,0,0,0,0,0,0,,,1,0,12,8,0.00000000,0.00000000,9275.63598558,20260825,71,0,1,0,正常,0,20260917
MOCK_TAG_0985,MOCK_CUST_0985,MOCK_ECIF_0985,上海澜川供应链润有限公司,91310115700009858L,20140104,存续,仓储服务、国内货物运输代理,26600000.00000000,CNY,23142000.00000000,CNY,私人控股,私营有限责任公司,中型,310000,310100,310115,上海市浦东新区金海路165号2幢106室,482,G,58,582,5821,1,0,0,1,0,0,0,0,0,0,0,0,0,陈远悦,MOCK_PERSON_0985,陈远悦,MOCK_PERSON_0985,MOCK_ORG_SH_PD_02,MOCK_ORG_SH_PD,MOCK_ORG_SH_PD_02,MOCK_ORG_SH_PD,0,1,0,1,1,0,,20220830,20220827,20220829,,0,0.00000000,0,0,1,1,0,0,0,0,0,20220825,1,1,2214474.00000000,4,0,1,0,0,1,0,4859820.49000000,2827682.59000000,2702924.65000000,2394000.24000000,0,0,0,0,0,0,0,0,0.00000000,0.00000000,0.00000000,0.00000000,0.00000000,0.00000000,0.00000000,0.00000000,0.00000000,20260917,14364000.00000000,1580040.00000000,0.00000000,0.00000000,0,0,0,0,0,0,0,0,0,0,0,0,0,0,0,C,6384000.00000000,CNY,嘉禾产业投资02,0,0,0,0,0,0,,0,0,0,0,0,0,0,0,,,1,0,12,0,0.00000000,0.00000000,0.00000000,,482,0,1,1,正常,0,20260917
MOCK_TAG_0986,MOCK_CUST_0986,MOCK_ECIF_0986,苏州澜原商贸润有限公司,91320571700009866B,20170130,存续,日用百货、五金及电子产品批发,3400000.00000000,CNY,2686000.00000000,CNY,私人控股,私营有限责任公司,小型,320000,320500,320571,苏州市工业园区星湖街166号3幢107室,67,F,51,513,5135,1,0,0,1,0,0,0,0,0,0,0,0,0,杨远悦,MOCK_PERSON_0986,杨远悦,MOCK_PERSON_0986,MOCK_ORG_JS_SZ_03,MOCK_ORG_JS_SZ,MOCK_ORG_JS_SZ_03,MOCK_ORG_JS_SZ,0,1,0,1,1,1,,20230114,20230111,20230113,20230115,0,0.00000000,0,0,1,1,0,0,0,0,0,20230103,1,1,1843114.00000000,3,0,1,0,0,0,0,1156000.27000000,1331221.82000000,997333.17000000,997333.17000000,1,0,0,0,0,0,0,0,4331600.00000000,985439.00000000,985439.00000000,3346161.00000000,985439.00000000,1160660.55000000,985439.00000000,0.00000000,0.00000000,20260917,4331600.00000000,985439.00000000,4331600.00000000,985439.00000000,0,0,0,0,0,0,0,0,0,0,0,0,0,0,0,,0.00000000,,,0,0,0,0,0,0,,0,0,0,0,0,0,0,0,,,1,0,12,0,0.00000000,1.00000000,0.00000000,,67,0,1,1,正常,0,20260917
MOCK_TAG_0987,MOCK_CUST_0987,MOCK_ECIF_0987,苏州澜辰商贸润有限公司,913205717000098746,20161116,存续,日用百货、五金及电子产品批发,1900000.00000000,CNY,969000.00000000,CNY,私人控股,私营有限责任公司,小型,320000,320500,320571,苏州市工业园区星湖街167号4幢108室,63,F,51,513,5135,1,0,0,1,0,0,0,0,0,0,0,0,0,黄远悦,MOCK_PERSON_0987,黄远悦,MOCK_PERSON_0987,MOCK_ORG_JS_SZ_04,MOCK_ORG_JS_SZ,MOCK_ORG_JS_SZ_04,MOCK_ORG_JS_SZ,0,1,0,1,1,0,,20250815,20250812,20250814,,0,0.00000000,0,0,1,1,0,0,0,0,0,20250805,1,1,2516620.00000000,4,0,1,0,0,0,0,1216000.41000000,1287612.25000000,1062497.41000000,1062497.41000000,1,0,0,0,0,0,0,0,2048200.00000000,710930.22000000,710930.22000000,1337269.78000000,710930.22000000,782542.06000000,710930.22000000,0.00000000,0.00000000,20260917,3036200.00000000,1175290.22000000,2048200.00000000,710930.22000000,0,1,0,0,0,0,1,0,0,0,0,0,0,0,0,,0.00000000,,,0,0,0,0,0,0,,0,0,0,0,0,0,0,0,,,1,0,12,0,0.00000000,0.67459324,0.00000000,,63,0,1,1,正常,0,20260917
MOCK_TAG_0988,MOCK_CUST_0988,MOCK_ECIF_0988,宁波澜宁食品润有限公司,913302127000098827,20181123,存续,食品加工、预包装食品销售,3200000.00000000,CNY,1440000.00000000,CNY,私人控股,私营有限责任公司,小型,330000,330200,330212,宁波市鄞州区首南东路168号5幢109室,70,C,14,149,1499,1,0,0,1,0,0,0,0,0,0,0,0,0,徐远悦,MOCK_PERSON_0988,徐远悦,MOCK_PERSON_0988,MOCK_ORG_ZJ_NB_05,MOCK_ORG_ZJ_NB,MOCK_ORG_ZJ_NB_05,MOCK_ORG_ZJ_NB,0,1,0,1,1,0,,20240913,20240910,20240912,,0,0.00000000,0,0,1,1,0,0,0,0,0,20240906,1,1,2916188.00000000,4,0,1,0,0,0,0,4151040.83000000,1875951.14000000,1768951.59000000,1504000.30000000,0,0,0,0,0,0,0,0,0.00000000,0.00000000,0.00000000,0.00000000,0.00000000,0.00000000,0.00000000,0.00000000,0.00000000,20260917,32000.00000000,6400.00000000,0.00000000,0.00000000,0,0,0,0,0,0,0,0,0,0,0,0,0,0,0,,0.00000000,,,0,0,0,0,0,0,,0,0,0,0,0,0,0,0,,,1,0,12,0,0.00000000,0.00000000,0.00000000,,70,0,1,1,正常,0,20260917
MOCK_TAG_0989,MOCK_CUST_0989,MOCK_ECIF_0989,苏州澜知食品润有限公司,91320571700009890U,20230331,存续,食品加工、预包装食品销售,2100000.00000000,CNY,1575000.00000000,CNY,私人控股,私营有限责任公司,小型,320000,320500,320571,苏州市工业园区星湖街169号6幢110室,69,C,14,149,1499,1,0,0,1,0,0,0,0,0,0,0,0,0,朱瑞颖,MOCK_PERSON_0429,李昕颖,MOCK_PERSON_0404,MOCK_ORG_JS_SZ_06,MOCK_ORG_JS_SZ,MOCK_ORG_JS_SZ_06,MOCK_ORG_JS_SZ,1,0,0,1,1,0,20260508,,20240629,20240701,,256,1693121.03000000,64,1,1,1,0,0,0,0,0,20240627,1,1,1850594.00000000,4,0,1,0,0,0,0,1176001.74000000,619662.46000000,610554.33000000,588000.87000000,0,0,0,0,0,0,0,0,0.00000000,0.00000000,0.00000000,0.00000000,0.00000000,0.00000000,0.00000000,0.00000000,0.00000000,20260917,189000.00000000,111510.00000000,0.00000000,0.00000000,0,0,0,0,0,0,0,0,0,0,0,0,0,0,0,,0.00000000,,,0,0,0,0,0,0,,0,0,0,0,0,0,0,0,MOCK_GROUP_09,产业集团09,1,0,12,4,0.00000000,0.00000000,6613.75402344,20260820,69,0,1,1,正常,0,20260917
MOCK_TAG_0990,MOCK_CUST_0990,MOCK_ECIF_0990,上海澜禾信息科技润股份有限公司,91310112700009903A,20160223,存续,软件开发、信息系统集成及技术咨询,193700000.00000000,CNY,85228000.00000000,CNY,私人控股,私营股份有限公司,大型,310000,310100,310112,上海市闵行区联航路170号7幢111室,1822,I,65,651,6513,1,1,0,1,0,0,0,0,0,0,0,0,0,胡远悦,MOCK_PERSON_0990,胡远悦,MOCK_PERSON_0990,MOCK_ORG_SH_MH_07,MOCK_ORG_SH_MH,MOCK_ORG_SH_MH_07,MOCK_ORG_SH_MH,1,1,0,1,0,0,20251026,20240809,20240806,,,18029,233455068.44000000,1639,1,1,0,0,0,0,0,0,20240802,1,1,2239846.00000000,4,0,1,0,0,0,0,66419730.50000000,54525730.91000000,53885164.59000000,52299000.39000000,0,0,0,0,0,0,0,0,0.00000000,0.00000000,0.00000000,0.00000000,0.00000000,0.00000000,0.00000000,0.00000000,0.00000000,20260917,32929000.00000000,10866570.00000000,0.00000000,0.00000000,0,0,0,0,0,0,0,0,0,0,0,0,0,0,0,,0.00000000,,,1,0,0,0,0,0,60–79,0,0,0,0,0,0,0,0,,,1,0,12,11,18643625.57000000,0.00000000,12948.86396583,20260915,1822,0,1,0,正常,0,20260917
MOCK_TAG_0991,MOCK_CUST_0991,MOCK_ECIF_0991,宁波澜润供应链润有限公司,91330212700009911J,20130817,存续,仓储服务、国内货物运输代理,1400000.00000000,CNY,1288000.00000000,CNY,私人控股,私营有限责任公司,小型,330000,330200,330212,宁波市鄞州区首南东路171号8幢112室,52,G,58,582,5821,1,0,0,1,0,0,0,0,0,0,0,0,0,林远悦,MOCK_PERSON_0991,林远悦,MOCK_PERSON_0991,MOCK_ORG_ZJ_NB_08,MOCK_ORG_ZJ_NB,MOCK_ORG_ZJ_NB_08,MOCK_ORG_ZJ_NB,1,0,0,1,0,0,20251205,,20250529,,,324,2740326.58000000,36,1,1,0,0,1,0,0,0,20250526,1,1,1559546.00000000,3,0,1,0,0,0,0,2096641.96000000,1199297.01000000,1112047.42000000,985355.36000000,1,0,0,0,0,0,0,0,448000.00000000,0.00000000,0.00000000,448000.00000000,0.00000000,125440.00000000,0.00000000,0.00000000,0.00000000,20260917,868000.00000000,315000.00000000,448000.00000000,0.00000000,0,0,0,0,0,0,0,0,0,0,0,0,0,0,0,,0.00000000,,,0,0,0,0,0,0,,0,0,0,0,0,0,0,0,,,1,0,12,9,0.00000000,0.51612903,8457.79808642,20260820,52,0,1,0,正常,0,20260917
MOCK_TAG_0992,MOCK_CUST_0992,MOCK_ECIF_0992,上海澜森供应链润有限公司,9131011470000992XR,20190421,存续,仓储服务、国内货物运输代理,1200000.00000000,CNY,960000.00000000,CNY,私人控股,私营有限责任公司,小型,310000,310100,310114,上海市嘉定区嘉罗公路172号1幢113室,37,G,58,582,5821,1,0,0,1,0,0,0,0,0,0,0,0,0,何远悦,MOCK_PERSON_0992,何远悦,MOCK_PERSON_0992,MOCK_ORG_SH_JD_01,MOCK_ORG_SH_JD,MOCK_ORG_SH_JD_01,MOCK_ORG_SH_JD,1,0,0,1,1,0,20251225,,20230330,20230401,,270,2383204.22000000,30,1,1,1,0,0,0,0,0,20230324,1,1,2220986.00000000,4,0,1,0,0,0,0,188641.29000000,80712.55000000,78206.34000000,72000.49000000,0,0,0,0,0,0,0,0,0.00000000,0.00000000,0.00000000,0.00000000,0.00000000,0.00000000,0.00000000,0.00000000,0.00000000,20260917,384000.00000000,203520.00000000,0.00000000,0.00000000,0,0,0,0,0,0,0,0,0,0,0,0,0,0,0,,0.00000000,,,0,0,0,0,0,0,,0,0,0,0,0,0,0,0,,,1,0,12,9,220800.01000000,0.00000000,8826.68229630,20260910,37,0,1,1,正常,0,20260917
MOCK_TAG_0993,MOCK_CUST_0993,MOCK_ECIF_0993,上海澜远食品润有限公司,913101157000099388,20220401,存续,食品加工、预包装食品销售,16500000.00000000,CNY,9075000.00000000,CNY,私人控股,私营有限责任公司,中型,310000,310100,310115,上海市浦东新区金海路173号2幢114室,237,C,14,149,1499,1,0,0,1,0,0,0,0,0,0,0,0,0,赵思悦,MOCK_PERSON_0993,赵思悦,MOCK_PERSON_0993,MOCK_ORG_SH_PD_02,MOCK_ORG_SH_PD,MOCK_ORG_SH_PD_02,MOCK_ORG_SH_PD,1,0,0,0,1,0,20260622,,,20230627,,630,4408951.45000000,210,1,0,1,0,0,0,0,0,20230624,1,1,1845674.00000000,4,0,1,0,0,1,0,6534000.69000000,3871535.02000000,3802052.45000000,3630000.38000000,0,0,0,0,0,0,0,0,0.00000000,0.00000000,0.00000000,0.00000000,0.00000000,0.00000000,0.00000000,0.00000000,0.00000000,20260917,8910000.00000000,2851200.00000000,0.00000000,0.00000000,0,0,0,0,0,0,0,0,0,0,0,0,0,0,0,C,5115000.00000000,CNY,嘉禾产业投资10,0,0,0,0,0,0,,0,0,0,0,0,0,0,0,,,1,0,12,3,1419600.44000000,0.00000000,6998.33563492,20260910,237,0,0,1,正常,0,20260917
MOCK_TAG_0994,MOCK_CUST_0994,MOCK_ECIF_0994,杭州澜衡供应链润有限公司,913301087000099467,20120113,存续,仓储服务、国内货物运输代理,3400000.00000000,CNY,2924000.00000000,CNY,私人控股,私营有限责任公司,小型,330000,330100,330108,杭州市滨江区江陵路174号3幢115室,63,G,58,582,5821,1,0,0,1,0,0,0,0,0,0,0,0,0,钱思悦,MOCK_PERSON_0994,钱思悦,MOCK_PERSON_0994,MOCK_ORG_ZJ_HZ_03,MOCK_ORG_ZJ_HZ,MOCK_ORG_ZJ_HZ_03,MOCK_ORG_ZJ_HZ,1,0,0,1,1,0,20260101,,20240309,20240311,,432,3847684.21000000,48,1,1,1,0,0,0,0,0,20240308,1,1,2021714.00000000,4,0,1,0,0,0,0,1042442.04000000,589515.51000000,452630.83000000,396945.24000000,1,0,0,0,0,0,0,0,897600.00000000,370529.28000000,370529.28000000,527070.72000000,370529.28000000,405869.86000000,370529.28000000,0.00000000,0.00000000,20260917,1883600.00000000,922689.28000000,897600.00000000,370529.28000000,0,1,0,0,0,0,1,0,0,0,0,0,0,0,0,,0.00000000,,,0,0,0,0,0,0,,0,0,0,0,0,0,0,0,,,1,0,12,9,403200.75000000,0.47653430,8906.67641204,20260915,63,0,1,1,正常,0,20260917
MOCK_TAG_0995,MOCK_CUST_0995,MOCK_ECIF_0995,苏州澜昕商贸润有限公司,91320571700009954R,20130321,存续,日用百货、五金及电子产品批发,1100000.00000000,CNY,924000.00000000,CNY,私人控股,私营有限责任公司,小型,320000,320500,320571,苏州市工业园区星湖街175号4幢116室,74,F,51,513,5135,1,0,0,1,0,0,0,0,0,0,0,0,0,孙思悦,MOCK_PERSON_0995,孙思悦,MOCK_PERSON_0995,MOCK_ORG_JS_SZ_04,MOCK_ORG_JS_SZ,MOCK_ORG_JS_SZ_04,MOCK_ORG_JS_SZ,1,1,0,0,1,0,20260306,20241121,,20241120,,354,2809879.02000000,59,1,0,1,0,0,0,0,0,20241115,1,1,2475270.00000000,4,0,1,0,0,0,0,788481.97000000,353276.88000000,340252.25000000,308000.77000000,0,0,0,0,0,0,0,0,0.00000000,0.00000000,0.00000000,0.00000000,0.00000000,0.00000000,0.00000000,0.00000000,0.00000000,20260917,616000.00000000,406560.00000000,0.00000000,0.00000000,0,0,0,0,0,0,0,0,0,0,0,0,0,0,0,,0.00000000,,,0,0,0,0,0,0,,0,0,0,0,0,0,0,0,,,1,0,12,6,0.00000000,0.00000000,7937.51135593,20260820,74,0,0,1,正常,0,20260917
MOCK_TAG_0996,MOCK_CUST_0996,MOCK_ECIF_0996,苏州澜途商贸润有限公司,91320571700009962L,20080512,存续,日用百货、五金及电子产品批发,8700000.00000000,CNY,8613000.00000000,CNY,私人控股,私营有限责任公司,中型,320000,320500,320571,苏州市工业园区星湖街176号5幢117室,255,F,51,513,5135,1,0,0,1,0,0,0,0,0,0,0,0,0,李思悦,MOCK_PERSON_0996,李思悦,MOCK_PERSON_0996,MOCK_ORG_JS_SZ_05,MOCK_ORG_JS_SZ,MOCK_ORG_JS_SZ_05,MOCK_ORG_JS_SZ,1,0,0,1,0,1,20260430,,20250605,,20250609,865,6772952.28000000,173,1,1,0,0,0,0,0,0,20250604,1,1,2282272.00000000,4,0,1,0,0,1,0,5133000.57000000,5312020.99000000,4841554.33000000,4841554.33000000,1,0,0,0,0,0,0,0,5115600.00000000,1456411.32000000,1456411.32000000,3659188.68000000,1456411.32000000,1635431.74000000,1456411.32000000,0.00000000,0.00000000,20260917,8247600.00000000,2865811.32000000,5115600.00000000,1456411.32000000,0,0,0,0,0,0,0,0,0,0,0,0,0,0,0,,0.00000000,,,0,0,0,0,0,0,,0,0,0,0,0,0,0,0,,,1,0,12,5,1323450.12000000,0.62025316,7830.00263584,20260915,255,0,1,0,正常,0,20260917
MOCK_TAG_0997,MOCK_CUST_0997,MOCK_ECIF_0997,上海屿川信息科技润有限公司,913101147000099705,20080730,存续,软件开发、信息系统集成及技术咨询,196000000.00000000,CNY,145040000.00000000,CNY,私人控股,私营有限责任公司,大型,310000,310100,310114,上海市嘉定区嘉罗公路177号6幢118室,819,I,65,651,6513,1,1,0,1,0,0,0,0,0,0,0,0,0,周思悦,MOCK_PERSON_0997,周思悦,MOCK_PERSON_0997,MOCK_ORG_SH_JD_06,MOCK_ORG_SH_JD,MOCK_ORG_SH_JD_06,MOCK_ORG_SH_JD,1,1,0,1,0,0,20251002,20240104,20240101,,,6876,85377005.64000000,573,1,1,0,0,0,0,0,0,20231230,1,1,3126690.00000000,5,0,1,0,0,0,0,105840000.84000000,112101725.92000000,96525621.72000000,96525621.72000000,1,0,0,0,0,0,0,0,107604000.00000000,47883780.00000000,47883780.00000000,59720220.00000000,47883780.00000000,54145505.08000000,47883780.00000000,0.00000000,0.00000000,20260917,254604000.00000000,77283780.00000000,107604000.00000000,47883780.00000000,0,0,0,0,0,0,0,0,1,0,0,0,0,0,0,B,39200000.00000000,CNY,嘉禾产业投资02,0,0,0,0,0,0,40–59,0,0,0,0,0,0,0,0,,,1,0,12,12,6303000.60000000,0.42263279,12416.66748691,20260915,819,0,1,0,正常,0,20260917
MOCK_TAG_0998,MOCK_CUST_0998,MOCK_ECIF_0998,上海屿原供应链润有限公司,913101147000099892,20130227,存续,仓储服务、国内货物运输代理,2000000.00000000,CNY,1640000.00000000,CNY,私人控股,私营有限责任公司,小型,310000,310100,310114,上海市嘉定区嘉罗公路178号7幢119室,71,G,58,582,5821,1,0,0,1,0,0,0,0,0,0,0,0,0,吴思悦,MOCK_PERSON_0998,吴思悦,MOCK_PERSON_0998,MOCK_ORG_SH_JD_07,MOCK_ORG_SH_JD,MOCK_ORG_SH_JD_07,MOCK_ORG_SH_JD,0,0,0,1,0,0,,,20230410,,,0,0.00000000,0,0,1,0,0,0,0,0,0,20230402,1,1,2018882.00000000,4,0,1,0,0,0,0,439201.73000000,200479.25000000,194588.16000000,180000.71000000,0,0,0,0,0,0,0,0,0.00000000,0.00000000,0.00000000,0.00000000,0.00000000,0.00000000,0.00000000,0.00000000,0.00000000,20260917,1200000.00000000,732000.00000000,0.00000000,0.00000000,0,0,0,0,0,0,0,0,0,0,0,0,0,0,0,,0.00000000,,,0,0,0,0,0,0,,0,0,0,0,0,0,0,0,,,1,0,12,0,0.00000000,0.00000000,0.00000000,,71,0,1,0,正常,0,20260917
MOCK_TAG_0999,MOCK_CUST_0999,MOCK_ECIF_0999,杭州屿辰信息科技润有限公司,91330108700009997F,20210607,存续,软件开发、信息系统集成及技术咨询,32700000.00000000,CNY,27795000.00000000,CNY,私人控股,私营有限责任公司,中型,330000,330100,330108,杭州市滨江区江陵路179号8幢120室,187,I,65,651,6513,1,1,0,1,0,0,0,0,0,0,0,0,0,郑思悦,MOCK_PERSON_0999,郑思悦,MOCK_PERSON_0999,MOCK_ORG_ZJ_HZ_08,MOCK_ORG_ZJ_HZ,MOCK_ORG_ZJ_HZ_08,MOCK_ORG_ZJ_HZ,0,1,0,0,0,0,,20240104,,,,0,0.00000000,0,0,0,0,0,0,0,0,0,20231223,1,1,2116730.00000000,4,0,1,0,0,1,0,2943000.81000000,12047538.56000000,9428424.96000000,9428424.96000000,1,0,0,0,0,0,0,0,29103000.00000000,0.00000000,0.00000000,29103000.00000000,0.00000000,9104537.75000000,0.00000000,0.00000000,0.00000000,20260917,47415000.00000000,5493600.00000000,29103000.00000000,0.00000000,0,0,0,0,0,0,0,0,1,0,0,1,0,0,0,C,7521000.00000000,CNY,嘉禾产业投资04,0,0,0,0,0,0,60–79,0,0,0,0,0,0,0,0,,,1,0,12,0,0.00000000,0.61379310,0.00000000,,187,0,0,0,正常,0,20260917
MOCK_TAG_1000,MOCK_CUST_1000,MOCK_ECIF_1000,宁波屿宁精密制造润有限公司,91330212700010007P,20140712,存续,工业零部件、自动化设备的研发与制造,42400000.00000000,CNY,39432000.00000000,CNY,私人控股,私营有限责任公司,中型,330000,330200,330212,宁波市鄞州区首南东路180号1幢101室,194,C,34,348,3484,1,0,0,1,0,0,0,0,0,0,0,0,0,钱泽颖,MOCK_PERSON_0498,何昕颖,MOCK_PERSON_0416,MOCK_ORG_ZJ_NB_01,MOCK_ORG_ZJ_NB,MOCK_ORG_ZJ_NB_01,MOCK_ORG_ZJ_NB,0,1,0,1,1,1,,20260610,20260607,20260609,20260611,0,0.00000000,0,0,1,1,0,0,0,0,0,20260603,1,1,608250.00000000,1,0,1,0,0,1,0,5088000.03000000,2093907.70000000,1491550.69000000,1491550.69000000,0,0,0,0,0,0,0,0,0.00000000,0.00000000,0.00000000,0.00000000,0.00000000,0.00000000,0.00000000,0.00000000,0.00000000,20260917,28408000.00000000,18749280.00000000,0.00000000,0.00000000,0,0,0,0,0,0,0,0,0,0,0,0,0,0,0,,0.00000000,,,0,0,0,0,0,0,,0,0,0,0,0,0,0,0,MOCK_GROUP_55,产业集团55,0,0,4,0,0.00000000,0.00000000,0.00000000,,194,0,1,1,正常,0,20260917
